KEY,FREQ,CURRENCY,CURRENCY_DENOM,EXR_TYPE,EXR_SUFFIX,TIME_PERIOD,OBS_VALUE,OBS_STATUS,OBS_CONF,OBS_PRE_BREAK,OBS_COM,TIME_FORMAT,BREAKS,COLLECTION,COMPILING_ORG,DISS_ORG,DOM_SER_IDS,PUBL_ECB,PUBL_MU,PUBL_PUBLIC,UNIT_INDEX_BASE,COMPILATION,COVERAGE,DECIMALS,NAT_TITLE,SOURCE_AGENCY,SOURCE_PUB,TITLE,TITLE_COMPL,UNIT,UNIT_MULT
EXR.D.GBP.EUR.SP00.A,D,GBP,EUR,SP00,A,2024-01-02,0.86645,A,F,,,P1D,,A,,,,,,,99Q1=100,,,5,,4F0,,Pound sterling/Euro ECB reference exchange rate,"ECB reference exchange rate, Pound sterling/Euro, 2.15 pm (C.E.T.)",GBP,0
EXR.D.GBP.EUR.SP00.A,D,GBP,EUR,SP00,A,2024-01-03,0.8647,A,F,,,P1D,,A,,,,,,,99Q1=100,,,5,,4F0,,Pound sterling/Euro ECB reference exchange rate,"ECB reference exchange rate, Pound sterling/Euro, 2.15 pm (C.E.T.)",GBP,0
EXR.D.GBP.EUR.SP00.A,D,GBP,EUR,SP00,A,2024-01-04,0.86278,A,F,,,P1D,,A,,,,,,,99Q1=100,,,5,,4F0,,Pound sterling/Euro ECB reference exchange rate,"ECB reference exchange rate, Pound sterling/Euro, 2.15 pm (C.E.T.)",GBP,0
EXR.D.GBP.EUR.SP00.A,D,GBP,EUR,SP00,A,2024-01-05,0.8621,A,F,,,P1D,,A,,,,,,,99Q1=100,,,5,,4F0,,Pound sterling/Euro ECB reference exchange rate,"ECB reference exchange rate, Pound sterling/Euro, 2.15 pm (C.E.T.)",GBP,0
EXR.D.GBP.EUR.SP00.A,D,GBP,EUR,SP00,A,2024-01-08,0.8615,A,F,,,P1D,,A,,,,,,,99Q1=100,,,5,,4F0,,Pound sterling/Euro ECB reference exchange rate,"ECB reference exchange rate, Pound sterling/Euro, 2.15 pm (C.E.T.)",GBP,0
EXR.D.GBP.EUR.SP00.A,D,GBP,EUR,SP00,A,2024-01-09,0.85938,A,F,,,P1D,,A,,,,,,,99Q1=100,,,5,,4F0,,Pound sterling/Euro ECB reference exchange rate,"ECB reference exchange rate, Pound sterling/Euro, 2.15 pm (C.E.T.)",GBP,0
EXR.D.GBP.EUR.SP00.A,D,GBP,EUR,SP00,A,2024-01-10,0.86023,A,F,,,P1D,,A,,,,,,,99Q1=100,,,5,,4F0,,Pound sterling/Euro ECB reference exchange rate,"ECB reference exchange rate, Pound sterling/Euro, 2.15 pm (C.E.T.)",GBP,0
EXR.D.GBP.EUR.SP00.A,D,GBP,EUR,SP00,A,2024-01-11,0.86145,A,F,,,P1D,,A,,,,,,,99Q1=100,,,5,,4F0,,Pound sterling/Euro ECB reference exchange rate,"ECB reference exchange rate, Pound sterling/Euro, 2.15 pm (C.E.T.)",GBP,0
EXR.D.GBP.EUR.SP00.A,D,GBP,EUR,SP00,A,2024-01-12,0.8595,A,F,,,P1D,,A,,,,,,,99Q1=100,,,5,,4F0,,Pound sterling/Euro ECB reference exchange rate,"ECB reference exchange rate, Pound sterling/Euro, 2.15 pm (C.E.T.)",GBP,0
EXR.D.GBP.EUR.SP00.A,D,GBP,EUR,SP00,A,2024-01-15,0.86075,A,F,,,P1D,,A,,,,,,,99Q1=100,,,5,,4F0,,Pound sterling/Euro ECB reference exchange rate,"ECB reference exchange rate, Pound sterling/Euro, 2.15 pm (C.E.T.)",GBP,0
EXR.D.GBP.EUR.SP00.A,D,GBP,EUR,SP00,A,2024-01-16,0.86078,A,F,,,P1D,,A,,,,,,,99Q1=100,,,5,,4F0,,Pound sterling/Euro ECB reference exchange rate,"ECB reference exchange rate, Pound sterling/Euro, 2.15 pm (C.E.T.)",GBP,0
EXR.D.GBP.EUR.SP00.A,D,GBP,EUR,SP00,A,2024-01-17,0.85818,A,F,,,P1D,,A,,,,,,,99Q1=100,,,5,,4F0,,Pound sterling/Euro ECB reference exchange rate,"ECB reference exchange rate, Pound sterling/Euro, 2.15 pm (C.E.T.)",GBP,0
EXR.D.GBP.EUR.SP00.A,D,GBP,EUR,SP00,A,2024-01-18,0.85773,A,F,,,P1D,,A,,,,,,,99Q1=100,,,5,,4F0,,Pound sterling/Euro ECB reference exchange rate,"ECB reference exchange rate, Pound sterling/Euro, 2.15 pm (C.E.T.)",GBP,0
EXR.D.GBP.EUR.SP00.A,D,GBP,EUR,SP00,A,2024-01-19,0.85825,A,F,,,P1D,,A,,,,,,,99Q1=100,,,5,,4F0,,Pound sterling/Euro ECB reference exchange rate,"ECB reference exchange rate, Pound sterling/Euro, 2.15 pm (C.E.T.)",GBP,0
EXR.D.GBP.EUR.SP00.A,D,GBP,EUR,SP00,A,2024-01-22,0.85575,A,F,,,P1D,,A,,,,,,,99Q1=100,,,5,,4F0,,Pound sterling/Euro ECB reference exchange rate,"ECB reference exchange rate, Pound sterling/Euro, 2.15 pm (C.E.T.)",GBP,0
EXR.D.GBP.EUR.SP00.A,D,GBP,EUR,SP00,A,2024-01-23,0.85493,A,F,,,P1D,,A,,,,,,,99Q1=100,,,5,,4F0,,Pound sterling/Euro ECB reference exchange rate,"ECB reference exchange rate, Pound sterling/Euro, 2.15 pm (C.E.T.)",GBP,0
EXR.D.GBP.EUR.SP00.A,D,GBP,EUR,SP00,A,2024-01-24,0.85543,A,F,,,P1D,,A,,,,,,,99Q1=100,,,5,,4F0,,Pound sterling/Euro ECB reference exchange rate,"ECB reference exchange rate, Pound sterling/Euro, 2.15 pm (C.E.T.)",GBP,0
EXR.D.GBP.EUR.SP00.A,D,GBP,EUR,SP00,A,2024-01-25,0.85538,A,F,,,P1D,,A,,,,,,,99Q1=100,,,5,,4F0,,Pound sterling/Euro ECB reference exchange rate,"ECB reference exchange rate, Pound sterling/Euro, 2.15 pm (C.E.T.)",GBP,0
EXR.D.GBP.EUR.SP00.A,D,GBP,EUR,SP00,A,2024-01-26,0.85368,A,F,,,P1D,,A,,,,,,,99Q1=100,,,5,,4F0,,Pound sterling/Euro ECB reference exchange rate,"ECB reference exchange rate, Pound sterling/Euro, 2.15 pm (C.E.T.)",GBP,0
EXR.D.GBP.EUR.SP00.A,D,GBP,EUR,SP00,A,2024-01-29,0.8525,A,F,,,P1D,,A,,,,,,,99Q1=100,,,5,,4F0,,Pound sterling/Euro ECB reference exchange rate,"ECB reference exchange rate, Pound sterling/Euro, 2.15 pm (C.E.T.)",GBP,0
EXR.D.GBP.EUR.SP00.A,D,GBP,EUR,SP00,A,2024-01-30,0.85628,A,F,,,P1D,,A,,,,,,,99Q1=100,,,5,,4F0,,Pound sterling/Euro ECB reference exchange rate,"ECB reference exchange rate, Pound sterling/Euro, 2.15 pm (C.E.T.)",GBP,0
EXR.D.GBP.EUR.SP00.A,D,GBP,EUR,SP00,A,2024-01-31,0.85435,A,F,,,P1D,,A,,,,,,,99Q1=100,,,5,,4F0,,Pound sterling/Euro ECB reference exchange rate,"ECB reference exchange rate, Pound sterling/Euro, 2.15 pm (C.E.T.)",GBP,0
EXR.D.GBP.EUR.SP00.A,D,GBP,EUR,SP00,A,2024-02-01,0.85353,A,F,,,P1D,,A,,,,,,,99Q1=100,,,5,,4F0,,Pound sterling/Euro ECB reference exchange rate,"ECB reference exchange rate, Pound sterling/Euro, 2.15 pm (C.E.T.)",GBP,0
EXR.D.GBP.EUR.SP00.A,D,GBP,EUR,SP00,A,2024-02-02,0.85263,A,F,,,P1D,,A,,,,,,,99Q1=100,,,5,,4F0,,Pound sterling/Euro ECB reference exchange rate,"ECB reference exchange rate, Pound sterling/Euro, 2.15 pm (C.E.T.)",GBP,0
EXR.D.GBP.EUR.SP00.A,D,GBP,EUR,SP00,A,2024-02-05,0.85595,A,F,,,P1D,,A,,,,,,,99Q1=100,,,5,,4F0,,Pound sterling/Euro ECB reference exchange rate,"ECB reference exchange rate, Pound sterling/Euro, 2.15 pm (C.E.T.)",GBP,0
EXR.D.GBP.EUR.SP00.A,D,GBP,EUR,SP00,A,2024-02-06,0.8546,A,F,,,P1D,,A,,,,,,,99Q1=100,,,5,,4F0,,Pound sterling/Euro ECB reference exchange rate,"ECB reference exchange rate, Pound sterling/Euro, 2.15 pm (C.E.T.)",GBP,0
EXR.D.GBP.EUR.SP00.A,D,GBP,EUR,SP00,A,2024-02-07,0.85305,A,F,,,P1D,,A,,,,,,,99Q1=100,,,5,,4F0,,Pound sterling/Euro ECB reference exchange rate,"ECB reference exchange rate, Pound sterling/Euro, 2.15 pm (C.E.T.)",GBP,0
EXR.D.GBP.EUR.SP00.A,D,GBP,EUR,SP00,A,2024-02-08,0.85378,A,F,,,P1D,,A,,,,,,,99Q1=100,,,5,,4F0,,Pound sterling/Euro ECB reference exchange rate,"ECB reference exchange rate, Pound sterling/Euro, 2.15 pm (C.E.T.)",GBP,0
EXR.D.GBP.EUR.SP00.A,D,GBP,EUR,SP00,A,2024-02-09,0.8544,A,F,,,P1D,,A,,,,,,,99Q1=100,,,5,,4F0,,Pound sterling/Euro ECB reference exchange rate,"ECB reference exchange rate, Pound sterling/Euro, 2.15 pm (C.E.T.)",GBP,0
EXR.D.GBP.EUR.SP00.A,D,GBP,EUR,SP00,A,2024-02-12,0.85391,A,F,,,P1D,,A,,,,,,,99Q1=100,,,5,,4F0,,Pound sterling/Euro ECB reference exchange rate,"ECB reference exchange rate, Pound sterling/Euro, 2.15 pm (C.E.T.)",GBP,0
EXR.D.GBP.EUR.SP00.A,D,GBP,EUR,SP00,A,2024-02-13,0.85098,A,F,,,P1D,,A,,,,,,,99Q1=100,,,5,,4F0,,Pound sterling/Euro ECB reference exchange rate,"ECB reference exchange rate, Pound sterling/Euro, 2.15 pm (C.E.T.)",GBP,0
EXR.D.GBP.EUR.SP00.A,D,GBP,EUR,SP00,A,2024-02-14,0.85258,A,F,,,P1D,,A,,,,,,,99Q1=100,,,5,,4F0,,Pound sterling/Euro ECB reference exchange rate,"ECB reference exchange rate, Pound sterling/Euro, 2.15 pm (C.E.T.)",GBP,0
EXR.D.GBP.EUR.SP00.A,D,GBP,EUR,SP00,A,2024-02-15,0.85635,A,F,,,P1D,,A,,,,,,,99Q1=100,,,5,,4F0,,Pound sterling/Euro ECB reference exchange rate,"ECB reference exchange rate, Pound sterling/Euro, 2.15 pm (C.E.T.)",GBP,0
EXR.D.GBP.EUR.SP00.A,D,GBP,EUR,SP00,A,2024-02-16,0.85605,A,F,,,P1D,,A,,,,,,,99Q1=100,,,5,,4F0,,Pound sterling/Euro ECB reference exchange rate,"ECB reference exchange rate, Pound sterling/Euro, 2.15 pm (C.E.T.)",GBP,0
EXR.D.GBP.EUR.SP00.A,D,GBP,EUR,SP00,A,2024-02-19,0.85448,A,F,,,P1D,,A,,,,,,,99Q1=100,,,5,,4F0,,Pound sterling/Euro ECB reference exchange rate,"ECB reference exchange rate, Pound sterling/Euro, 2.15 pm (C.E.T.)",GBP,0
EXR.D.GBP.EUR.SP00.A,D,GBP,EUR,SP00,A,2024-02-20,0.8566,A,F,,,P1D,,A,,,,,,,99Q1=100,,,5,,4F0,,Pound sterling/Euro ECB reference exchange rate,"ECB reference exchange rate, Pound sterling/Euro, 2.15 pm (C.E.T.)",GBP,0
EXR.D.GBP.EUR.SP00.A,D,GBP,EUR,SP00,A,2024-02-21,0.85619,A,F,,,P1D,,A,,,,,,,99Q1=100,,,5,,4F0,,Pound sterling/Euro ECB reference exchange rate,"ECB reference exchange rate, Pound sterling/Euro, 2.15 pm (C.E.T.)",GBP,0
EXR.D.GBP.EUR.SP00.A,D,GBP,EUR,SP00,A,2024-02-22,0.85625,A,F,,,P1D,,A,,,,,,,99Q1=100,,,5,,4F0,,Pound sterling/Euro ECB reference exchange rate,"ECB reference exchange rate, Pound sterling/Euro, 2.15 pm (C.E.T.)",GBP,0
EXR.D.GBP.EUR.SP00.A,D,GBP,EUR,SP00,A,2024-02-23,0.8534,A,F,,,P1D,,A,,,,,,,99Q1=100,,,5,,4F0,,Pound sterling/Euro ECB reference exchange rate,"ECB reference exchange rate, Pound sterling/Euro, 2.15 pm (C.E.T.)",GBP,0
EXR.D.GBP.EUR.SP00.A,D,GBP,EUR,SP00,A,2024-02-26,0.85495,A,F,,,P1D,,A,,,,,,,99Q1=100,,,5,,4F0,,Pound sterling/Euro ECB reference exchange rate,"ECB reference exchange rate, Pound sterling/Euro, 2.15 pm (C.E.T.)",GBP,0
EXR.D.GBP.EUR.SP00.A,D,GBP,EUR,SP00,A,2024-02-27,0.8562,A,F,,,P1D,,A,,,,,,,99Q1=100,,,5,,4F0,,Pound sterling/Euro ECB reference exchange rate,"ECB reference exchange rate, Pound sterling/Euro, 2.15 pm (C.E.T.)",GBP,0
EXR.D.GBP.EUR.SP00.A,D,GBP,EUR,SP00,A,2024-02-28,0.85548,A,F,,,P1D,,A,,,,,,,99Q1=100,,,5,,4F0,,Pound sterling/Euro ECB reference exchange rate,"ECB reference exchange rate, Pound sterling/Euro, 2.15 pm (C.E.T.)",GBP,0
EXR.D.GBP.EUR.SP00.A,D,GBP,EUR,SP00,A,2024-02-29,0.85655,A,F,,,P1D,,A,,,,,,,99Q1=100,,,5,,4F0,,Pound sterling/Euro ECB reference exchange rate,"ECB reference exchange rate, Pound sterling/Euro, 2.15 pm (C.E.T.)",GBP,0
EXR.D.GBP.EUR.SP00.A,D,GBP,EUR,SP00,A,2024-03-01,0.85588,A,F,,,P1D,,A,,,,,,,99Q1=100,,,5,,4F0,,Pound sterling/Euro ECB reference exchange rate,"ECB reference exchange rate, Pound sterling/Euro, 2.15 pm (C.E.T.)",GBP,0
EXR.D.GBP.EUR.SP00.A,D,GBP,EUR,SP00,A,2024-03-04,0.85583,A,F,,,P1D,,A,,,,,,,99Q1=100,,,5,,4F0,,Pound sterling/Euro ECB reference exchange rate,"ECB reference exchange rate, Pound sterling/Euro, 2.15 pm (C.E.T.)",GBP,0
EXR.D.GBP.EUR.SP00.A,D,GBP,EUR,SP00,A,2024-03-05,0.85543,A,F,,,P1D,,A,,,,,,,99Q1=100,,,5,,4F0,,Pound sterling/Euro ECB reference exchange rate,"ECB reference exchange rate, Pound sterling/Euro, 2.15 pm (C.E.T.)",GBP,0
EXR.D.GBP.EUR.SP00.A,D,GBP,EUR,SP00,A,2024-03-06,0.85498,A,F,,,P1D,,A,,,,,,,99Q1=100,,,5,,4F0,,Pound sterling/Euro ECB reference exchange rate,"ECB reference exchange rate, Pound sterling/Euro, 2.15 pm (C.E.T.)",GBP,0
EXR.D.GBP.EUR.SP00.A,D,GBP,EUR,SP00,A,2024-03-07,0.85445,A,F,,,P1D,,A,,,,,,,99Q1=100,,,5,,4F0,,Pound sterling/Euro ECB reference exchange rate,"ECB reference exchange rate, Pound sterling/Euro, 2.15 pm (C.E.T.)",GBP,0
EXR.D.GBP.EUR.SP00.A,D,GBP,EUR,SP00,A,2024-03-08,0.85168,A,F,,,P1D,,A,,,,,,,99Q1=100,,,5,,4F0,,Pound sterling/Euro ECB reference exchange rate,"ECB reference exchange rate, Pound sterling/Euro, 2.15 pm (C.E.T.)",GBP,0
EXR.D.GBP.EUR.SP00.A,D,GBP,EUR,SP00,A,2024-03-11,0.85208,A,F,,,P1D,,A,,,,,,,99Q1=100,,,5,,4F0,,Pound sterling/Euro ECB reference exchange rate,"ECB reference exchange rate, Pound sterling/Euro, 2.15 pm (C.E.T.)",GBP,0
EXR.D.GBP.EUR.SP00.A,D,GBP,EUR,SP00,A,2024-03-12,0.85458,A,F,,,P1D,,A,,,,,,,99Q1=100,,,5,,4F0,,Pound sterling/Euro ECB reference exchange rate,"ECB reference exchange rate, Pound sterling/Euro, 2.15 pm (C.E.T.)",GBP,0
EXR.D.GBP.EUR.SP00.A,D,GBP,EUR,SP00,A,2024-03-13,0.85451,A,F,,,P1D,,A,,,,,,,99Q1=100,,,5,,4F0,,Pound sterling/Euro ECB reference exchange rate,"ECB reference exchange rate, Pound sterling/Euro, 2.15 pm (C.E.T.)",GBP,0
EXR.D.GBP.EUR.SP00.A,D,GBP,EUR,SP00,A,2024-03-14,0.8542,A,F,,,P1D,,A,,,,,,,99Q1=100,,,5,,4F0,,Pound sterling/Euro ECB reference exchange rate,"ECB reference exchange rate, Pound sterling/Euro, 2.15 pm (C.E.T.)",GBP,0
EXR.D.GBP.EUR.SP00.A,D,GBP,EUR,SP00,A,2024-03-15,0.8541,A,F,,,P1D,,A,,,,,,,99Q1=100,,,5,,4F0,,Pound sterling/Euro ECB reference exchange rate,"ECB reference exchange rate, Pound sterling/Euro, 2.15 pm (C.E.T.)",GBP,0
EXR.D.GBP.EUR.SP00.A,D,GBP,EUR,SP00,A,2024-03-18,0.85525,A,F,,,P1D,,A,,,,,,,99Q1=100,,,5,,4F0,,Pound sterling/Euro ECB reference exchange rate,"ECB reference exchange rate, Pound sterling/Euro, 2.15 pm (C.E.T.)",GBP,0
EXR.D.GBP.EUR.SP00.A,D,GBP,EUR,SP00,A,2024-03-19,0.85445,A,F,,,P1D,,A,,,,,,,99Q1=100,,,5,,4F0,,Pound sterling/Euro ECB reference exchange rate,"ECB reference exchange rate, Pound sterling/Euro, 2.15 pm (C.E.T.)",GBP,0
EXR.D.GBP.EUR.SP00.A,D,GBP,EUR,SP00,A,2024-03-20,0.85438,A,F,,,P1D,,A,,,,,,,99Q1=100,,,5,,4F0,,Pound sterling/Euro ECB reference exchange rate,"ECB reference exchange rate, Pound sterling/Euro, 2.15 pm (C.E.T.)",GBP,0
EXR.D.GBP.EUR.SP00.A,D,GBP,EUR,SP00,A,2024-03-21,0.85678,A,F,,,P1D,,A,,,,,,,99Q1=100,,,5,,4F0,,Pound sterling/Euro ECB reference exchange rate,"ECB reference exchange rate, Pound sterling/Euro, 2.15 pm (C.E.T.)",GBP,0
EXR.D.GBP.EUR.SP00.A,D,GBP,EUR,SP00,A,2024-03-22,0.85795,A,F,,,P1D,,A,,,,,,,99Q1=100,,,5,,4F0,,Pound sterling/Euro ECB reference exchange rate,"ECB reference exchange rate, Pound sterling/Euro, 2.15 pm (C.E.T.)",GBP,0
EXR.D.GBP.EUR.SP00.A,D,GBP,EUR,SP00,A,2024-03-25,0.85698,A,F,,,P1D,,A,,,,,,,99Q1=100,,,5,,4F0,,Pound sterling/Euro ECB reference exchange rate,"ECB reference exchange rate, Pound sterling/Euro, 2.15 pm (C.E.T.)",GBP,0
EXR.D.GBP.EUR.SP00.A,D,GBP,EUR,SP00,A,2024-03-26,0.85846,A,F,,,P1D,,A,,,,,,,99Q1=100,,,5,,4F0,,Pound sterling/Euro ECB reference exchange rate,"ECB reference exchange rate, Pound sterling/Euro, 2.15 pm (C.E.T.)",GBP,0
EXR.D.GBP.EUR.SP00.A,D,GBP,EUR,SP00,A,2024-03-27,0.85768,A,F,,,P1D,,A,,,,,,,99Q1=100,,,5,,4F0,,Pound sterling/Euro ECB reference exchange rate,"ECB reference exchange rate, Pound sterling/Euro, 2.15 pm (C.E.T.)",GBP,0
EXR.D.GBP.EUR.SP00.A,D,GBP,EUR,SP00,A,2024-03-28,0.8551,A,F,,,P1D,,A,,,,,,,99Q1=100,,,5,,4F0,,Pound sterling/Euro ECB reference exchange rate,"ECB reference exchange rate, Pound sterling/Euro, 2.15 pm (C.E.T.)",GBP,0
EXR.D.GBP.EUR.SP00.A,D,GBP,EUR,SP00,A,2024-04-02,0.8551,A,F,,,P1D,,A,,,,,,,99Q1=100,,,5,,4F0,,Pound sterling/Euro ECB reference exchange rate,"ECB reference exchange rate, Pound sterling/Euro, 2.15 pm (C.E.T.)",GBP,0
EXR.D.GBP.EUR.SP00.A,D,GBP,EUR,SP00,A,2024-04-03,0.85713,A,F,,,P1D,,A,,,,,,,99Q1=100,,,5,,4F0,,Pound sterling/Euro ECB reference exchange rate,"ECB reference exchange rate, Pound sterling/Euro, 2.15 pm (C.E.T.)",GBP,0
EXR.D.GBP.EUR.SP00.A,D,GBP,EUR,SP00,A,2024-04-04,0.85788,A,F,,,P1D,,A,,,,,,,99Q1=100,,,5,,4F0,,Pound sterling/Euro ECB reference exchange rate,"ECB reference exchange rate, Pound sterling/Euro, 2.15 pm (C.E.T.)",GBP,0
EXR.D.GBP.EUR.SP00.A,D,GBP,EUR,SP00,A,2024-04-05,0.85773,A,F,,,P1D,,A,,,,,,,99Q1=100,,,5,,4F0,,Pound sterling/Euro ECB reference exchange rate,"ECB reference exchange rate, Pound sterling/Euro, 2.15 pm (C.E.T.)",GBP,0
EXR.D.GBP.EUR.SP00.A,D,GBP,EUR,SP00,A,2024-04-08,0.85795,A,F,,,P1D,,A,,,,,,,99Q1=100,,,5,,4F0,,Pound sterling/Euro ECB reference exchange rate,"ECB reference exchange rate, Pound sterling/Euro, 2.15 pm (C.E.T.)",GBP,0
EXR.D.GBP.EUR.SP00.A,D,GBP,EUR,SP00,A,2024-04-09,0.85663,A,F,,,P1D,,A,,,,,,,99Q1=100,,,5,,4F0,,Pound sterling/Euro ECB reference exchange rate,"ECB reference exchange rate, Pound sterling/Euro, 2.15 pm (C.E.T.)",GBP,0
EXR.D.GBP.EUR.SP00.A,D,GBP,EUR,SP00,A,2024-04-10,0.85515,A,F,,,P1D,,A,,,,,,,99Q1=100,,,5,,4F0,,Pound sterling/Euro ECB reference exchange rate,"ECB reference exchange rate, Pound sterling/Euro, 2.15 pm (C.E.T.)",GBP,0
EXR.D.GBP.EUR.SP00.A,D,GBP,EUR,SP00,A,2024-04-11,0.85525,A,F,,,P1D,,A,,,,,,,99Q1=100,,,5,,4F0,,Pound sterling/Euro ECB reference exchange rate,"ECB reference exchange rate, Pound sterling/Euro, 2.15 pm (C.E.T.)",GBP,0
EXR.D.GBP.EUR.SP00.A,D,GBP,EUR,SP00,A,2024-04-12,0.85424,A,F,,,P1D,,A,,,,,,,99Q1=100,,,5,,4F0,,Pound sterling/Euro ECB reference exchange rate,"ECB reference exchange rate, Pound sterling/Euro, 2.15 pm (C.E.T.)",GBP,0
EXR.D.GBP.EUR.SP00.A,D,GBP,EUR,SP00,A,2024-04-15,0.85405,A,F,,,P1D,,A,,,,,,,99Q1=100,,,5,,4F0,,Pound sterling/Euro ECB reference exchange rate,"ECB reference exchange rate, Pound sterling/Euro, 2.15 pm (C.E.T.)",GBP,0
EXR.D.GBP.EUR.SP00.A,D,GBP,EUR,SP00,A,2024-04-16,0.8544,A,F,,,P1D,,A,,,,,,,99Q1=100,,,5,,4F0,,Pound sterling/Euro ECB reference exchange rate,"ECB reference exchange rate, Pound sterling/Euro, 2.15 pm (C.E.T.)",GBP,0
EXR.D.GBP.EUR.SP00.A,D,GBP,EUR,SP00,A,2024-04-17,0.854,A,F,,,P1D,,A,,,,,,,99Q1=100,,,5,,4F0,,Pound sterling/Euro ECB reference exchange rate,"ECB reference exchange rate, Pound sterling/Euro, 2.15 pm (C.E.T.)",GBP,0
EXR.D.GBP.EUR.SP00.A,D,GBP,EUR,SP00,A,2024-04-18,0.85628,A,F,,,P1D,,A,,,,,,,99Q1=100,,,5,,4F0,,Pound sterling/Euro ECB reference exchange rate,"ECB reference exchange rate, Pound sterling/Euro, 2.15 pm (C.E.T.)",GBP,0
EXR.D.GBP.EUR.SP00.A,D,GBP,EUR,SP00,A,2024-04-19,0.8562,A,F,,,P1D,,A,,,,,,,99Q1=100,,,5,,4F0,,Pound sterling/Euro ECB reference exchange rate,"ECB reference exchange rate, Pound sterling/Euro, 2.15 pm (C.E.T.)",GBP,0
EXR.D.GBP.EUR.SP00.A,D,GBP,EUR,SP00,A,2024-04-22,0.86328,A,F,,,P1D,,A,,,,,,,99Q1=100,,,5,,4F0,,Pound sterling/Euro ECB reference exchange rate,"ECB reference exchange rate, Pound sterling/Euro, 2.15 pm (C.E.T.)",GBP,0
EXR.D.GBP.EUR.SP00.A,D,GBP,EUR,SP00,A,2024-04-23,0.8605,A,F,,,P1D,,A,,,,,,,99Q1=100,,,5,,4F0,,Pound sterling/Euro ECB reference exchange rate,"ECB reference exchange rate, Pound sterling/Euro, 2.15 pm (C.E.T.)",GBP,0
EXR.D.GBP.EUR.SP00.A,D,GBP,EUR,SP00,A,2024-04-24,0.85945,A,F,,,P1D,,A,,,,,,,99Q1=100,,,5,,4F0,,Pound sterling/Euro ECB reference exchange rate,"ECB reference exchange rate, Pound sterling/Euro, 2.15 pm (C.E.T.)",GBP,0
EXR.D.GBP.EUR.SP00.A,D,GBP,EUR,SP00,A,2024-04-25,0.85675,A,F,,,P1D,,A,,,,,,,99Q1=100,,,5,,4F0,,Pound sterling/Euro ECB reference exchange rate,"ECB reference exchange rate, Pound sterling/Euro, 2.15 pm (C.E.T.)",GBP,0
EXR.D.GBP.EUR.SP00.A,D,GBP,EUR,SP00,A,2024-04-26,0.85643,A,F,,,P1D,,A,,,,,,,99Q1=100,,,5,,4F0,,Pound sterling/Euro ECB reference exchange rate,"ECB reference exchange rate, Pound sterling/Euro, 2.15 pm (C.E.T.)",GBP,0
EXR.D.GBP.EUR.SP00.A,D,GBP,EUR,SP00,A,2024-04-29,0.85493,A,F,,,P1D,,A,,,,,,,99Q1=100,,,5,,4F0,,Pound sterling/Euro ECB reference exchange rate,"ECB reference exchange rate, Pound sterling/Euro, 2.15 pm (C.E.T.)",GBP,0
EXR.D.GBP.EUR.SP00.A,D,GBP,EUR,SP00,A,2024-04-30,0.85478,A,F,,,P1D,,A,,,,,,,99Q1=100,,,5,,4F0,,Pound sterling/Euro ECB reference exchange rate,"ECB reference exchange rate, Pound sterling/Euro, 2.15 pm (C.E.T.)",GBP,0
EXR.D.GBP.EUR.SP00.A,D,GBP,EUR,SP00,A,2024-05-02,0.85538,A,F,,,P1D,,A,,,,,,,99Q1=100,,,5,,4F0,,Pound sterling/Euro ECB reference exchange rate,"ECB reference exchange rate, Pound sterling/Euro, 2.15 pm (C.E.T.)",GBP,0
EXR.D.GBP.EUR.SP00.A,D,GBP,EUR,SP00,A,2024-05-03,0.85573,A,F,,,P1D,,A,,,,,,,99Q1=100,,,5,,4F0,,Pound sterling/Euro ECB reference exchange rate,"ECB reference exchange rate, Pound sterling/Euro, 2.15 pm (C.E.T.)",GBP,0
EXR.D.GBP.EUR.SP00.A,D,GBP,EUR,SP00,A,2024-05-06,0.8566,A,F,,,P1D,,A,,,,,,,99Q1=100,,,5,,4F0,,Pound sterling/Euro ECB reference exchange rate,"ECB reference exchange rate, Pound sterling/Euro, 2.15 pm (C.E.T.)",GBP,0
EXR.D.GBP.EUR.SP00.A,D,GBP,EUR,SP00,A,2024-05-07,0.85805,A,F,,,P1D,,A,,,,,,,99Q1=100,,,5,,4F0,,Pound sterling/Euro ECB reference exchange rate,"ECB reference exchange rate, Pound sterling/Euro, 2.15 pm (C.E.T.)",GBP,0
EXR.D.GBP.EUR.SP00.A,D,GBP,EUR,SP00,A,2024-05-08,0.86083,A,F,,,P1D,,A,,,,,,,99Q1=100,,,5,,4F0,,Pound sterling/Euro ECB reference exchange rate,"ECB reference exchange rate, Pound sterling/Euro, 2.15 pm (C.E.T.)",GBP,0
EXR.D.GBP.EUR.SP00.A,D,GBP,EUR,SP00,A,2024-05-09,0.85995,A,F,,,P1D,,A,,,,,,,99Q1=100,,,5,,4F0,,Pound sterling/Euro ECB reference exchange rate,"ECB reference exchange rate, Pound sterling/Euro, 2.15 pm (C.E.T.)",GBP,0
EXR.D.GBP.EUR.SP00.A,D,GBP,EUR,SP00,A,2024-05-10,0.86055,A,F,,,P1D,,A,,,,,,,99Q1=100,,,5,,4F0,,Pound sterling/Euro ECB reference exchange rate,"ECB reference exchange rate, Pound sterling/Euro, 2.15 pm (C.E.T.)",GBP,0
EXR.D.GBP.EUR.SP00.A,D,GBP,EUR,SP00,A,2024-05-13,0.86023,A,F,,,P1D,,A,,,,,,,99Q1=100,,,5,,4F0,,Pound sterling/Euro ECB reference exchange rate,"ECB reference exchange rate, Pound sterling/Euro, 2.15 pm (C.E.T.)",GBP,0
EXR.D.GBP.EUR.SP00.A,D,GBP,EUR,SP00,A,2024-05-14,0.85983,A,F,,,P1D,,A,,,,,,,99Q1=100,,,5,,4F0,,Pound sterling/Euro ECB reference exchange rate,"ECB reference exchange rate, Pound sterling/Euro, 2.15 pm (C.E.T.)",GBP,0
EXR.D.GBP.EUR.SP00.A,D,GBP,EUR,SP00,A,2024-05-15,0.8584,A,F,,,P1D,,A,,,,,,,99Q1=100,,,5,,4F0,,Pound sterling/Euro ECB reference exchange rate,"ECB reference exchange rate, Pound sterling/Euro, 2.15 pm (C.E.T.)",GBP,0
EXR.D.GBP.EUR.SP00.A,D,GBP,EUR,SP00,A,2024-05-16,0.8585,A,F,,,P1D,,A,,,,,,,99Q1=100,,,5,,4F0,,Pound sterling/Euro ECB reference exchange rate,"ECB reference exchange rate, Pound sterling/Euro, 2.15 pm (C.E.T.)",GBP,0
EXR.D.GBP.EUR.SP00.A,D,GBP,EUR,SP00,A,2024-05-17,0.85685,A,F,,,P1D,,A,,,,,,,99Q1=100,,,5,,4F0,,Pound sterling/Euro ECB reference exchange rate,"ECB reference exchange rate, Pound sterling/Euro, 2.15 pm (C.E.T.)",GBP,0
EXR.D.GBP.EUR.SP00.A,D,GBP,EUR,SP00,A,2024-05-20,0.85548,A,F,,,P1D,,A,,,,,,,99Q1=100,,,5,,4F0,,Pound sterling/Euro ECB reference exchange rate,"ECB reference exchange rate, Pound sterling/Euro, 2.15 pm (C.E.T.)",GBP,0
EXR.D.GBP.EUR.SP00.A,D,GBP,EUR,SP00,A,2024-05-21,0.8544,A,F,,,P1D,,A,,,,,,,99Q1=100,,,5,,4F0,,Pound sterling/Euro ECB reference exchange rate,"ECB reference exchange rate, Pound sterling/Euro, 2.15 pm (C.E.T.)",GBP,0
EXR.D.GBP.EUR.SP00.A,D,GBP,EUR,SP00,A,2024-05-22,0.85165,A,F,,,P1D,,A,,,,,,,99Q1=100,,,5,,4F0,,Pound sterling/Euro ECB reference exchange rate,"ECB reference exchange rate, Pound sterling/Euro, 2.15 pm (C.E.T.)",GBP,0
EXR.D.GBP.EUR.SP00.A,D,GBP,EUR,SP00,A,2024-05-23,0.85175,A,F,,,P1D,,A,,,,,,,99Q1=100,,,5,,4F0,,Pound sterling/Euro ECB reference exchange rate,"ECB reference exchange rate, Pound sterling/Euro, 2.15 pm (C.E.T.)",GBP,0
EXR.D.GBP.EUR.SP00.A,D,GBP,EUR,SP00,A,2024-05-24,0.85241,A,F,,,P1D,,A,,,,,,,99Q1=100,,,5,,4F0,,Pound sterling/Euro ECB reference exchange rate,"ECB reference exchange rate, Pound sterling/Euro, 2.15 pm (C.E.T.)",GBP,0
EXR.D.GBP.EUR.SP00.A,D,GBP,EUR,SP00,A,2024-05-27,0.8507,A,F,,,P1D,,A,,,,,,,99Q1=100,,,5,,4F0,,Pound sterling/Euro ECB reference exchange rate,"ECB reference exchange rate, Pound sterling/Euro, 2.15 pm (C.E.T.)",GBP,0
EXR.D.GBP.EUR.SP00.A,D,GBP,EUR,SP00,A,2024-05-28,0.8508,A,F,,,P1D,,A,,,,,,,99Q1=100,,,5,,4F0,,Pound sterling/Euro ECB reference exchange rate,"ECB reference exchange rate, Pound sterling/Euro, 2.15 pm (C.E.T.)",GBP,0
EXR.D.GBP.EUR.SP00.A,D,GBP,EUR,SP00,A,2024-05-29,0.8513,A,F,,,P1D,,A,,,,,,,99Q1=100,,,5,,4F0,,Pound sterling/Euro ECB reference exchange rate,"ECB reference exchange rate, Pound sterling/Euro, 2.15 pm (C.E.T.)",GBP,0
EXR.D.GBP.EUR.SP00.A,D,GBP,EUR,SP00,A,2024-05-30,0.85105,A,F,,,P1D,,A,,,,,,,99Q1=100,,,5,,4F0,,Pound sterling/Euro ECB reference exchange rate,"ECB reference exchange rate, Pound sterling/Euro, 2.15 pm (C.E.T.)",GBP,0
EXR.D.GBP.EUR.SP00.A,D,GBP,EUR,SP00,A,2024-05-31,0.85365,A,F,,,P1D,,A,,,,,,,99Q1=100,,,5,,4F0,,Pound sterling/Euro ECB reference exchange rate,"ECB reference exchange rate, Pound sterling/Euro, 2.15 pm (C.E.T.)",GBP,0
EXR.D.GBP.EUR.SP00.A,D,GBP,EUR,SP00,A,2024-06-03,0.85175,A,F,,,P1D,,A,,,,,,,99Q1=100,,,5,,4F0,,Pound sterling/Euro ECB reference exchange rate,"ECB reference exchange rate, Pound sterling/Euro, 2.15 pm (C.E.T.)",GBP,0
EXR.D.GBP.EUR.SP00.A,D,GBP,EUR,SP00,A,2024-06-04,0.85143,A,F,,,P1D,,A,,,,,,,99Q1=100,,,5,,4F0,,Pound sterling/Euro ECB reference exchange rate,"ECB reference exchange rate, Pound sterling/Euro, 2.15 pm (C.E.T.)",GBP,0
EXR.D.GBP.EUR.SP00.A,D,GBP,EUR,SP00,A,2024-06-05,0.85048,A,F,,,P1D,,A,,,,,,,99Q1=100,,,5,,4F0,,Pound sterling/Euro ECB reference exchange rate,"ECB reference exchange rate, Pound sterling/Euro, 2.15 pm (C.E.T.)",GBP,0
EXR.D.GBP.EUR.SP00.A,D,GBP,EUR,SP00,A,2024-06-06,0.85088,A,F,,,P1D,,A,,,,,,,99Q1=100,,,5,,4F0,,Pound sterling/Euro ECB reference exchange rate,"ECB reference exchange rate, Pound sterling/Euro, 2.15 pm (C.E.T.)",GBP,0
EXR.D.GBP.EUR.SP00.A,D,GBP,EUR,SP00,A,2024-06-07,0.8512,A,F,,,P1D,,A,,,,,,,99Q1=100,,,5,,4F0,,Pound sterling/Euro ECB reference exchange rate,"ECB reference exchange rate, Pound sterling/Euro, 2.15 pm (C.E.T.)",GBP,0
EXR.D.GBP.EUR.SP00.A,D,GBP,EUR,SP00,A,2024-06-10,0.84565,A,F,,,P1D,,A,,,,,,,99Q1=100,,,5,,4F0,,Pound sterling/Euro ECB reference exchange rate,"ECB reference exchange rate, Pound sterling/Euro, 2.15 pm (C.E.T.)",GBP,0
EXR.D.GBP.EUR.SP00.A,D,GBP,EUR,SP00,A,2024-06-11,0.84198,A,F,,,P1D,,A,,,,,,,99Q1=100,,,5,,4F0,,Pound sterling/Euro ECB reference exchange rate,"ECB reference exchange rate, Pound sterling/Euro, 2.15 pm (C.E.T.)",GBP,0
EXR.D.GBP.EUR.SP00.A,D,GBP,EUR,SP00,A,2024-06-12,0.84365,A,F,,,P1D,,A,,,,,,,99Q1=100,,,5,,4F0,,Pound sterling/Euro ECB reference exchange rate,"ECB reference exchange rate, Pound sterling/Euro, 2.15 pm (C.E.T.)",GBP,0
EXR.D.GBP.EUR.SP00.A,D,GBP,EUR,SP00,A,2024-06-13,0.84468,A,F,,,P1D,,A,,,,,,,99Q1=100,,,5,,4F0,,Pound sterling/Euro ECB reference exchange rate,"ECB reference exchange rate, Pound sterling/Euro, 2.15 pm (C.E.T.)",GBP,0
EXR.D.GBP.EUR.SP00.A,D,GBP,EUR,SP00,A,2024-06-14,0.84205,A,F,,,P1D,,A,,,,,,,99Q1=100,,,5,,4F0,,Pound sterling/Euro ECB reference exchange rate,"ECB reference exchange rate, Pound sterling/Euro, 2.15 pm (C.E.T.)",GBP,0
EXR.D.GBP.EUR.SP00.A,D,GBP,EUR,SP00,A,2024-06-17,0.84573,A,F,,,P1D,,A,,,,,,,99Q1=100,,,5,,4F0,,Pound sterling/Euro ECB reference exchange rate,"ECB reference exchange rate, Pound sterling/Euro, 2.15 pm (C.E.T.)",GBP,0
EXR.D.GBP.EUR.SP00.A,D,GBP,EUR,SP00,A,2024-06-18,0.8454,A,F,,,P1D,,A,,,,,,,99Q1=100,,,5,,4F0,,Pound sterling/Euro ECB reference exchange rate,"ECB reference exchange rate, Pound sterling/Euro, 2.15 pm (C.E.T.)",GBP,0
EXR.D.GBP.EUR.SP00.A,D,GBP,EUR,SP00,A,2024-06-19,0.84455,A,F,,,P1D,,A,,,,,,,99Q1=100,,,5,,4F0,,Pound sterling/Euro ECB reference exchange rate,"ECB reference exchange rate, Pound sterling/Euro, 2.15 pm (C.E.T.)",GBP,0
EXR.D.GBP.EUR.SP00.A,D,GBP,EUR,SP00,A,2024-06-20,0.84513,A,F,,,P1D,,A,,,,,,,99Q1=100,,,5,,4F0,,Pound sterling/Euro ECB reference exchange rate,"ECB reference exchange rate, Pound sterling/Euro, 2.15 pm (C.E.T.)",GBP,0
EXR.D.GBP.EUR.SP00.A,D,GBP,EUR,SP00,A,2024-06-21,0.84531,A,F,,,P1D,,A,,,,,,,99Q1=100,,,5,,4F0,,Pound sterling/Euro ECB reference exchange rate,"ECB reference exchange rate, Pound sterling/Euro, 2.15 pm (C.E.T.)",GBP,0
EXR.D.GBP.EUR.SP00.A,D,GBP,EUR,SP00,A,2024-06-24,0.8473,A,F,,,P1D,,A,,,,,,,99Q1=100,,,5,,4F0,,Pound sterling/Euro ECB reference exchange rate,"ECB reference exchange rate, Pound sterling/Euro, 2.15 pm (C.E.T.)",GBP,0
EXR.D.GBP.EUR.SP00.A,D,GBP,EUR,SP00,A,2024-06-25,0.84465,A,F,,,P1D,,A,,,,,,,99Q1=100,,,5,,4F0,,Pound sterling/Euro ECB reference exchange rate,"ECB reference exchange rate, Pound sterling/Euro, 2.15 pm (C.E.T.)",GBP,0
EXR.D.GBP.EUR.SP00.A,D,GBP,EUR,SP00,A,2024-06-26,0.84453,A,F,,,P1D,,A,,,,,,,99Q1=100,,,5,,4F0,,Pound sterling/Euro ECB reference exchange rate,"ECB reference exchange rate, Pound sterling/Euro, 2.15 pm (C.E.T.)",GBP,0
EXR.D.GBP.EUR.SP00.A,D,GBP,EUR,SP00,A,2024-06-27,0.8459,A,F,,,P1D,,A,,,,,,,99Q1=100,,,5,,4F0,,Pound sterling/Euro ECB reference exchange rate,"ECB reference exchange rate, Pound sterling/Euro, 2.15 pm (C.E.T.)",GBP,0
EXR.D.GBP.EUR.SP00.A,D,GBP,EUR,SP00,A,2024-06-28,0.84638,A,F,,,P1D,,A,,,,,,,99Q1=100,,,5,,4F0,,Pound sterling/Euro ECB reference exchange rate,"ECB reference exchange rate, Pound sterling/Euro, 2.15 pm (C.E.T.)",GBP,0
EXR.D.GBP.EUR.SP00.A,D,GBP,EUR,SP00,A,2024-07-01,0.8479,A,F,,,P1D,,A,,,,,,,99Q1=100,,,5,,4F0,,Pound sterling/Euro ECB reference exchange rate,"ECB reference exchange rate, Pound sterling/Euro, 2.15 pm (C.E.T.)",GBP,0
EXR.D.GBP.EUR.SP00.A,D,GBP,EUR,SP00,A,2024-07-02,0.84755,A,F,,,P1D,,A,,,,,,,99Q1=100,,,5,,4F0,,Pound sterling/Euro ECB reference exchange rate,"ECB reference exchange rate, Pound sterling/Euro, 2.15 pm (C.E.T.)",GBP,0
EXR.D.GBP.EUR.SP00.A,D,GBP,EUR,SP00,A,2024-07-03,0.8468,A,F,,,P1D,,A,,,,,,,99Q1=100,,,5,,4F0,,Pound sterling/Euro ECB reference exchange rate,"ECB reference exchange rate, Pound sterling/Euro, 2.15 pm (C.E.T.)",GBP,0
EXR.D.GBP.EUR.SP00.A,D,GBP,EUR,SP00,A,2024-07-04,0.84663,A,F,,,P1D,,A,,,,,,,99Q1=100,,,5,,4F0,,Pound sterling/Euro ECB reference exchange rate,"ECB reference exchange rate, Pound sterling/Euro, 2.15 pm (C.E.T.)",GBP,0
EXR.D.GBP.EUR.SP00.A,D,GBP,EUR,SP00,A,2024-07-05,0.84613,A,F,,,P1D,,A,,,,,,,99Q1=100,,,5,,4F0,,Pound sterling/Euro ECB reference exchange rate,"ECB reference exchange rate, Pound sterling/Euro, 2.15 pm (C.E.T.)",GBP,0
EXR.D.GBP.EUR.SP00.A,D,GBP,EUR,SP00,A,2024-07-08,0.8441,A,F,,,P1D,,A,,,,,,,99Q1=100,,,5,,4F0,,Pound sterling/Euro ECB reference exchange rate,"ECB reference exchange rate, Pound sterling/Euro, 2.15 pm (C.E.T.)",GBP,0
EXR.D.GBP.EUR.SP00.A,D,GBP,EUR,SP00,A,2024-07-09,0.84491,A,F,,,P1D,,A,,,,,,,99Q1=100,,,5,,4F0,,Pound sterling/Euro ECB reference exchange rate,"ECB reference exchange rate, Pound sterling/Euro, 2.15 pm (C.E.T.)",GBP,0
EXR.D.GBP.EUR.SP00.A,D,GBP,EUR,SP00,A,2024-07-10,0.84518,A,F,,,P1D,,A,,,,,,,99Q1=100,,,5,,4F0,,Pound sterling/Euro ECB reference exchange rate,"ECB reference exchange rate, Pound sterling/Euro, 2.15 pm (C.E.T.)",GBP,0
EXR.D.GBP.EUR.SP00.A,D,GBP,EUR,SP00,A,2024-07-11,0.84305,A,F,,,P1D,,A,,,,,,,99Q1=100,,,5,,4F0,,Pound sterling/Euro ECB reference exchange rate,"ECB reference exchange rate, Pound sterling/Euro, 2.15 pm (C.E.T.)",GBP,0
EXR.D.GBP.EUR.SP00.A,D,GBP,EUR,SP00,A,2024-07-12,0.84029,A,F,,,P1D,,A,,,,,,,99Q1=100,,,5,,4F0,,Pound sterling/Euro ECB reference exchange rate,"ECB reference exchange rate, Pound sterling/Euro, 2.15 pm (C.E.T.)",GBP,0
EXR.D.GBP.EUR.SP00.A,D,GBP,EUR,SP00,A,2024-07-15,0.84045,A,F,,,P1D,,A,,,,,,,99Q1=100,,,5,,4F0,,Pound sterling/Euro ECB reference exchange rate,"ECB reference exchange rate, Pound sterling/Euro, 2.15 pm (C.E.T.)",GBP,0
EXR.D.GBP.EUR.SP00.A,D,GBP,EUR,SP00,A,2024-07-16,0.84058,A,F,,,P1D,,A,,,,,,,99Q1=100,,,5,,4F0,,Pound sterling/Euro ECB reference exchange rate,"ECB reference exchange rate, Pound sterling/Euro, 2.15 pm (C.E.T.)",GBP,0
EXR.D.GBP.EUR.SP00.A,D,GBP,EUR,SP00,A,2024-07-17,0.83915,A,F,,,P1D,,A,,,,,,,99Q1=100,,,5,,4F0,,Pound sterling/Euro ECB reference exchange rate,"ECB reference exchange rate, Pound sterling/Euro, 2.15 pm (C.E.T.)",GBP,0
EXR.D.GBP.EUR.SP00.A,D,GBP,EUR,SP00,A,2024-07-18,0.84175,A,F,,,P1D,,A,,,,,,,99Q1=100,,,5,,4F0,,Pound sterling/Euro ECB reference exchange rate,"ECB reference exchange rate, Pound sterling/Euro, 2.15 pm (C.E.T.)",GBP,0
EXR.D.GBP.EUR.SP00.A,D,GBP,EUR,SP00,A,2024-07-19,0.8428,A,F,,,P1D,,A,,,,,,,99Q1=100,,,5,,4F0,,Pound sterling/Euro ECB reference exchange rate,"ECB reference exchange rate, Pound sterling/Euro, 2.15 pm (C.E.T.)",GBP,0
EXR.D.GBP.EUR.SP00.A,D,GBP,EUR,SP00,A,2024-07-22,0.84215,A,F,,,P1D,,A,,,,,,,99Q1=100,,,5,,4F0,,Pound sterling/Euro ECB reference exchange rate,"ECB reference exchange rate, Pound sterling/Euro, 2.15 pm (C.E.T.)",GBP,0
EXR.D.GBP.EUR.SP00.A,D,GBP,EUR,SP00,A,2024-07-23,0.84073,A,F,,,P1D,,A,,,,,,,99Q1=100,,,5,,4F0,,Pound sterling/Euro ECB reference exchange rate,"ECB reference exchange rate, Pound sterling/Euro, 2.15 pm (C.E.T.)",GBP,0
EXR.D.GBP.EUR.SP00.A,D,GBP,EUR,SP00,A,2024-07-24,0.83973,A,F,,,P1D,,A,,,,,,,99Q1=100,,,5,,4F0,,Pound sterling/Euro ECB reference exchange rate,"ECB reference exchange rate, Pound sterling/Euro, 2.15 pm (C.E.T.)",GBP,0
EXR.D.GBP.EUR.SP00.A,D,GBP,EUR,SP00,A,2024-07-25,0.8428,A,F,,,P1D,,A,,,,,,,99Q1=100,,,5,,4F0,,Pound sterling/Euro ECB reference exchange rate,"ECB reference exchange rate, Pound sterling/Euro, 2.15 pm (C.E.T.)",GBP,0
EXR.D.GBP.EUR.SP00.A,D,GBP,EUR,SP00,A,2024-07-26,0.84378,A,F,,,P1D,,A,,,,,,,99Q1=100,,,5,,4F0,,Pound sterling/Euro ECB reference exchange rate,"ECB reference exchange rate, Pound sterling/Euro, 2.15 pm (C.E.T.)",GBP,0
EXR.D.GBP.EUR.SP00.A,D,GBP,EUR,SP00,A,2024-07-29,0.84345,A,F,,,P1D,,A,,,,,,,99Q1=100,,,5,,4F0,,Pound sterling/Euro ECB reference exchange rate,"ECB reference exchange rate, Pound sterling/Euro, 2.15 pm (C.E.T.)",GBP,0
EXR.D.GBP.EUR.SP00.A,D,GBP,EUR,SP00,A,2024-07-30,0.8426,A,F,,,P1D,,A,,,,,,,99Q1=100,,,5,,4F0,,Pound sterling/Euro ECB reference exchange rate,"ECB reference exchange rate, Pound sterling/Euro, 2.15 pm (C.E.T.)",GBP,0
EXR.D.GBP.EUR.SP00.A,D,GBP,EUR,SP00,A,2024-07-31,0.8438,A,F,,,P1D,,A,,,,,,,99Q1=100,,,5,,4F0,,Pound sterling/Euro ECB reference exchange rate,"ECB reference exchange rate, Pound sterling/Euro, 2.15 pm (C.E.T.)",GBP,0
EXR.D.GBP.EUR.SP00.A,D,GBP,EUR,SP00,A,2024-08-01,0.84328,A,F,,,P1D,,A,,,,,,,99Q1=100,,,5,,4F0,,Pound sterling/Euro ECB reference exchange rate,"ECB reference exchange rate, Pound sterling/Euro, 2.15 pm (C.E.T.)",GBP,0
EXR.D.GBP.EUR.SP00.A,D,GBP,EUR,SP00,A,2024-08-02,0.85,A,F,,,P1D,,A,,,,,,,99Q1=100,,,5,,4F0,,Pound sterling/Euro ECB reference exchange rate,"ECB reference exchange rate, Pound sterling/Euro, 2.15 pm (C.E.T.)",GBP,0
EXR.D.GBP.EUR.SP00.A,D,GBP,EUR,SP00,A,2024-08-05,0.85878,A,F,,,P1D,,A,,,,,,,99Q1=100,,,5,,4F0,,Pound sterling/Euro ECB reference exchange rate,"ECB reference exchange rate, Pound sterling/Euro, 2.15 pm (C.E.T.)",GBP,0
EXR.D.GBP.EUR.SP00.A,D,GBP,EUR,SP00,A,2024-08-06,0.85998,A,F,,,P1D,,A,,,,,,,99Q1=100,,,5,,4F0,,Pound sterling/Euro ECB reference exchange rate,"ECB reference exchange rate, Pound sterling/Euro, 2.15 pm (C.E.T.)",GBP,0
EXR.D.GBP.EUR.SP00.A,D,GBP,EUR,SP00,A,2024-08-07,0.85808,A,F,,,P1D,,A,,,,,,,99Q1=100,,,5,,4F0,,Pound sterling/Euro ECB reference exchange rate,"ECB reference exchange rate, Pound sterling/Euro, 2.15 pm (C.E.T.)",GBP,0
EXR.D.GBP.EUR.SP00.A,D,GBP,EUR,SP00,A,2024-08-08,0.86093,A,F,,,P1D,,A,,,,,,,99Q1=100,,,5,,4F0,,Pound sterling/Euro ECB reference exchange rate,"ECB reference exchange rate, Pound sterling/Euro, 2.15 pm (C.E.T.)",GBP,0
EXR.D.GBP.EUR.SP00.A,D,GBP,EUR,SP00,A,2024-08-09,0.85708,A,F,,,P1D,,A,,,,,,,99Q1=100,,,5,,4F0,,Pound sterling/Euro ECB reference exchange rate,"ECB reference exchange rate, Pound sterling/Euro, 2.15 pm (C.E.T.)",GBP,0
EXR.D.GBP.EUR.SP00.A,D,GBP,EUR,SP00,A,2024-08-12,0.85554,A,F,,,P1D,,A,,,,,,,99Q1=100,,,5,,4F0,,Pound sterling/Euro ECB reference exchange rate,"ECB reference exchange rate, Pound sterling/Euro, 2.15 pm (C.E.T.)",GBP,0
EXR.D.GBP.EUR.SP00.A,D,GBP,EUR,SP00,A,2024-08-13,0.85458,A,F,,,P1D,,A,,,,,,,99Q1=100,,,5,,4F0,,Pound sterling/Euro ECB reference exchange rate,"ECB reference exchange rate, Pound sterling/Euro, 2.15 pm (C.E.T.)",GBP,0
EXR.D.GBP.EUR.SP00.A,D,GBP,EUR,SP00,A,2024-08-14,0.85783,A,F,,,P1D,,A,,,,,,,99Q1=100,,,5,,4F0,,Pound sterling/Euro ECB reference exchange rate,"ECB reference exchange rate, Pound sterling/Euro, 2.15 pm (C.E.T.)",GBP,0
EXR.D.GBP.EUR.SP00.A,D,GBP,EUR,SP00,A,2024-08-15,0.85615,A,F,,,P1D,,A,,,,,,,99Q1=100,,,5,,4F0,,Pound sterling/Euro ECB reference exchange rate,"ECB reference exchange rate, Pound sterling/Euro, 2.15 pm (C.E.T.)",GBP,0
EXR.D.GBP.EUR.SP00.A,D,GBP,EUR,SP00,A,2024-08-16,0.85128,A,F,,,P1D,,A,,,,,,,99Q1=100,,,5,,4F0,,Pound sterling/Euro ECB reference exchange rate,"ECB reference exchange rate, Pound sterling/Euro, 2.15 pm (C.E.T.)",GBP,0
EXR.D.GBP.EUR.SP00.A,D,GBP,EUR,SP00,A,2024-08-19,0.85243,A,F,,,P1D,,A,,,,,,,99Q1=100,,,5,,4F0,,Pound sterling/Euro ECB reference exchange rate,"ECB reference exchange rate, Pound sterling/Euro, 2.15 pm (C.E.T.)",GBP,0
EXR.D.GBP.EUR.SP00.A,D,GBP,EUR,SP00,A,2024-08-20,0.85194,A,F,,,P1D,,A,,,,,,,99Q1=100,,,5,,4F0,,Pound sterling/Euro ECB reference exchange rate,"ECB reference exchange rate, Pound sterling/Euro, 2.15 pm (C.E.T.)",GBP,0
EXR.D.GBP.EUR.SP00.A,D,GBP,EUR,SP00,A,2024-08-21,0.85303,A,F,,,P1D,,A,,,,,,,99Q1=100,,,5,,4F0,,Pound sterling/Euro ECB reference exchange rate,"ECB reference exchange rate, Pound sterling/Euro, 2.15 pm (C.E.T.)",GBP,0
EXR.D.GBP.EUR.SP00.A,D,GBP,EUR,SP00,A,2024-08-22,0.84943,A,F,,,P1D,,A,,,,,,,99Q1=100,,,5,,4F0,,Pound sterling/Euro ECB reference exchange rate,"ECB reference exchange rate, Pound sterling/Euro, 2.15 pm (C.E.T.)",GBP,0
EXR.D.GBP.EUR.SP00.A,D,GBP,EUR,SP00,A,2024-08-23,0.84733,A,F,,,P1D,,A,,,,,,,99Q1=100,,,5,,4F0,,Pound sterling/Euro ECB reference exchange rate,"ECB reference exchange rate, Pound sterling/Euro, 2.15 pm (C.E.T.)",GBP,0
EXR.D.GBP.EUR.SP00.A,D,GBP,EUR,SP00,A,2024-08-26,0.84645,A,F,,,P1D,,A,,,,,,,99Q1=100,,,5,,4F0,,Pound sterling/Euro ECB reference exchange rate,"ECB reference exchange rate, Pound sterling/Euro, 2.15 pm (C.E.T.)",GBP,0
EXR.D.GBP.EUR.SP00.A,D,GBP,EUR,SP00,A,2024-08-27,0.84438,A,F,,,P1D,,A,,,,,,,99Q1=100,,,5,,4F0,,Pound sterling/Euro ECB reference exchange rate,"ECB reference exchange rate, Pound sterling/Euro, 2.15 pm (C.E.T.)",GBP,0
EXR.D.GBP.EUR.SP00.A,D,GBP,EUR,SP00,A,2024-08-28,0.84163,A,F,,,P1D,,A,,,,,,,99Q1=100,,,5,,4F0,,Pound sterling/Euro ECB reference exchange rate,"ECB reference exchange rate, Pound sterling/Euro, 2.15 pm (C.E.T.)",GBP,0
EXR.D.GBP.EUR.SP00.A,D,GBP,EUR,SP00,A,2024-08-29,0.84175,A,F,,,P1D,,A,,,,,,,99Q1=100,,,5,,4F0,,Pound sterling/Euro ECB reference exchange rate,"ECB reference exchange rate, Pound sterling/Euro, 2.15 pm (C.E.T.)",GBP,0
EXR.D.GBP.EUR.SP00.A,D,GBP,EUR,SP00,A,2024-08-30,0.8412,A,F,,,P1D,,A,,,,,,,99Q1=100,,,5,,4F0,,Pound sterling/Euro ECB reference exchange rate,"ECB reference exchange rate, Pound sterling/Euro, 2.15 pm (C.E.T.)",GBP,0
EXR.D.GBP.EUR.SP00.A,D,GBP,EUR,SP00,A,2024-09-02,0.84218,A,F,,,P1D,,A,,,,,,,99Q1=100,,,5,,4F0,,Pound sterling/Euro ECB reference exchange rate,"ECB reference exchange rate, Pound sterling/Euro, 2.15 pm (C.E.T.)",GBP,0
EXR.D.GBP.EUR.SP00.A,D,GBP,EUR,SP00,A,2024-09-03,0.84085,A,F,,,P1D,,A,,,,,,,99Q1=100,,,5,,4F0,,Pound sterling/Euro ECB reference exchange rate,"ECB reference exchange rate, Pound sterling/Euro, 2.15 pm (C.E.T.)",GBP,0
EXR.D.GBP.EUR.SP00.A,D,GBP,EUR,SP00,A,2024-09-04,0.84248,A,F,,,P1D,,A,,,,,,,99Q1=100,,,5,,4F0,,Pound sterling/Euro ECB reference exchange rate,"ECB reference exchange rate, Pound sterling/Euro, 2.15 pm (C.E.T.)",GBP,0
EXR.D.GBP.EUR.SP00.A,D,GBP,EUR,SP00,A,2024-09-05,0.84318,A,F,,,P1D,,A,,,,,,,99Q1=100,,,5,,4F0,,Pound sterling/Euro ECB reference exchange rate,"ECB reference exchange rate, Pound sterling/Euro, 2.15 pm (C.E.T.)",GBP,0
EXR.D.GBP.EUR.SP00.A,D,GBP,EUR,SP00,A,2024-09-06,0.84293,A,F,,,P1D,,A,,,,,,,99Q1=100,,,5,,4F0,,Pound sterling/Euro ECB reference exchange rate,"ECB reference exchange rate, Pound sterling/Euro, 2.15 pm (C.E.T.)",GBP,0
EXR.D.GBP.EUR.SP00.A,D,GBP,EUR,SP00,A,2024-09-09,0.84365,A,F,,,P1D,,A,,,,,,,99Q1=100,,,5,,4F0,,Pound sterling/Euro ECB reference exchange rate,"ECB reference exchange rate, Pound sterling/Euro, 2.15 pm (C.E.T.)",GBP,0
EXR.D.GBP.EUR.SP00.A,D,GBP,EUR,SP00,A,2024-09-10,0.84265,A,F,,,P1D,,A,,,,,,,99Q1=100,,,5,,4F0,,Pound sterling/Euro ECB reference exchange rate,"ECB reference exchange rate, Pound sterling/Euro, 2.15 pm (C.E.T.)",GBP,0
EXR.D.GBP.EUR.SP00.A,D,GBP,EUR,SP00,A,2024-09-11,0.84375,A,F,,,P1D,,A,,,,,,,99Q1=100,,,5,,4F0,,Pound sterling/Euro ECB reference exchange rate,"ECB reference exchange rate, Pound sterling/Euro, 2.15 pm (C.E.T.)",GBP,0
EXR.D.GBP.EUR.SP00.A,D,GBP,EUR,SP00,A,2024-09-12,0.8446,A,F,,,P1D,,A,,,,,,,99Q1=100,,,5,,4F0,,Pound sterling/Euro ECB reference exchange rate,"ECB reference exchange rate, Pound sterling/Euro, 2.15 pm (C.E.T.)",GBP,0
EXR.D.GBP.EUR.SP00.A,D,GBP,EUR,SP00,A,2024-09-13,0.84475,A,F,,,P1D,,A,,,,,,,99Q1=100,,,5,,4F0,,Pound sterling/Euro ECB reference exchange rate,"ECB reference exchange rate, Pound sterling/Euro, 2.15 pm (C.E.T.)",GBP,0
EXR.D.GBP.EUR.SP00.A,D,GBP,EUR,SP00,A,2024-09-16,0.84278,A,F,,,P1D,,A,,,,,,,99Q1=100,,,5,,4F0,,Pound sterling/Euro ECB reference exchange rate,"ECB reference exchange rate, Pound sterling/Euro, 2.15 pm (C.E.T.)",GBP,0
EXR.D.GBP.EUR.SP00.A,D,GBP,EUR,SP00,A,2024-09-17,0.84278,A,F,,,P1D,,A,,,,,,,99Q1=100,,,5,,4F0,,Pound sterling/Euro ECB reference exchange rate,"ECB reference exchange rate, Pound sterling/Euro, 2.15 pm (C.E.T.)",GBP,0
EXR.D.GBP.EUR.SP00.A,D,GBP,EUR,SP00,A,2024-09-18,0.84225,A,F,,,P1D,,A,,,,,,,99Q1=100,,,5,,4F0,,Pound sterling/Euro ECB reference exchange rate,"ECB reference exchange rate, Pound sterling/Euro, 2.15 pm (C.E.T.)",GBP,0
EXR.D.GBP.EUR.SP00.A,D,GBP,EUR,SP00,A,2024-09-19,0.83953,A,F,,,P1D,,A,,,,,,,99Q1=100,,,5,,4F0,,Pound sterling/Euro ECB reference exchange rate,"ECB reference exchange rate, Pound sterling/Euro, 2.15 pm (C.E.T.)",GBP,0
EXR.D.GBP.EUR.SP00.A,D,GBP,EUR,SP00,A,2024-09-20,0.8391,A,F,,,P1D,,A,,,,,,,99Q1=100,,,5,,4F0,,Pound sterling/Euro ECB reference exchange rate,"ECB reference exchange rate, Pound sterling/Euro, 2.15 pm (C.E.T.)",GBP,0
EXR.D.GBP.EUR.SP00.A,D,GBP,EUR,SP00,A,2024-09-23,0.83518,A,F,,,P1D,,A,,,,,,,99Q1=100,,,5,,4F0,,Pound sterling/Euro ECB reference exchange rate,"ECB reference exchange rate, Pound sterling/Euro, 2.15 pm (C.E.T.)",GBP,0
EXR.D.GBP.EUR.SP00.A,D,GBP,EUR,SP00,A,2024-09-24,0.8322,A,F,,,P1D,,A,,,,,,,99Q1=100,,,5,,4F0,,Pound sterling/Euro ECB reference exchange rate,"ECB reference exchange rate, Pound sterling/Euro, 2.15 pm (C.E.T.)",GBP,0
EXR.D.GBP.EUR.SP00.A,D,GBP,EUR,SP00,A,2024-09-25,0.83653,A,F,,,P1D,,A,,,,,,,99Q1=100,,,5,,4F0,,Pound sterling/Euro ECB reference exchange rate,"ECB reference exchange rate, Pound sterling/Euro, 2.15 pm (C.E.T.)",GBP,0
EXR.D.GBP.EUR.SP00.A,D,GBP,EUR,SP00,A,2024-09-26,0.83428,A,F,,,P1D,,A,,,,,,,99Q1=100,,,5,,4F0,,Pound sterling/Euro ECB reference exchange rate,"ECB reference exchange rate, Pound sterling/Euro, 2.15 pm (C.E.T.)",GBP,0
EXR.D.GBP.EUR.SP00.A,D,GBP,EUR,SP00,A,2024-09-27,0.83338,A,F,,,P1D,,A,,,,,,,99Q1=100,,,5,,4F0,,Pound sterling/Euro ECB reference exchange rate,"ECB reference exchange rate, Pound sterling/Euro, 2.15 pm (C.E.T.)",GBP,0
EXR.D.GBP.EUR.SP00.A,D,GBP,EUR,SP00,A,2024-09-30,0.83543,A,F,,,P1D,,A,,,,,,,99Q1=100,,,5,,4F0,,Pound sterling/Euro ECB reference exchange rate,"ECB reference exchange rate, Pound sterling/Euro, 2.15 pm (C.E.T.)",GBP,0
EXR.D.GBP.EUR.SP00.A,D,GBP,EUR,SP00,A,2024-10-01,0.83193,A,F,,,P1D,,A,,,,,,,99Q1=100,,,5,,4F0,,Pound sterling/Euro ECB reference exchange rate,"ECB reference exchange rate, Pound sterling/Euro, 2.15 pm (C.E.T.)",GBP,0
EXR.D.GBP.EUR.SP00.A,D,GBP,EUR,SP00,A,2024-10-02,0.83288,A,F,,,P1D,,A,,,,,,,99Q1=100,,,5,,4F0,,Pound sterling/Euro ECB reference exchange rate,"ECB reference exchange rate, Pound sterling/Euro, 2.15 pm (C.E.T.)",GBP,0
EXR.D.GBP.EUR.SP00.A,D,GBP,EUR,SP00,A,2024-10-03,0.84258,A,F,,,P1D,,A,,,,,,,99Q1=100,,,5,,4F0,,Pound sterling/Euro ECB reference exchange rate,"ECB reference exchange rate, Pound sterling/Euro, 2.15 pm (C.E.T.)",GBP,0
EXR.D.GBP.EUR.SP00.A,D,GBP,EUR,SP00,A,2024-10-04,0.83735,A,F,,,P1D,,A,,,,,,,99Q1=100,,,5,,4F0,,Pound sterling/Euro ECB reference exchange rate,"ECB reference exchange rate, Pound sterling/Euro, 2.15 pm (C.E.T.)",GBP,0
EXR.D.GBP.EUR.SP00.A,D,GBP,EUR,SP00,A,2024-10-07,0.83918,A,F,,,P1D,,A,,,,,,,99Q1=100,,,5,,4F0,,Pound sterling/Euro ECB reference exchange rate,"ECB reference exchange rate, Pound sterling/Euro, 2.15 pm (C.E.T.)",GBP,0
EXR.D.GBP.EUR.SP00.A,D,GBP,EUR,SP00,A,2024-10-08,0.83778,A,F,,,P1D,,A,,,,,,,99Q1=100,,,5,,4F0,,Pound sterling/Euro ECB reference exchange rate,"ECB reference exchange rate, Pound sterling/Euro, 2.15 pm (C.E.T.)",GBP,0
EXR.D.GBP.EUR.SP00.A,D,GBP,EUR,SP00,A,2024-10-09,0.8374,A,F,,,P1D,,A,,,,,,,99Q1=100,,,5,,4F0,,Pound sterling/Euro ECB reference exchange rate,"ECB reference exchange rate, Pound sterling/Euro, 2.15 pm (C.E.T.)",GBP,0
EXR.D.GBP.EUR.SP00.A,D,GBP,EUR,SP00,A,2024-10-10,0.83686,A,F,,,P1D,,A,,,,,,,99Q1=100,,,5,,4F0,,Pound sterling/Euro ECB reference exchange rate,"ECB reference exchange rate, Pound sterling/Euro, 2.15 pm (C.E.T.)",GBP,0
EXR.D.GBP.EUR.SP00.A,D,GBP,EUR,SP00,A,2024-10-11,0.83705,A,F,,,P1D,,A,,,,,,,99Q1=100,,,5,,4F0,,Pound sterling/Euro ECB reference exchange rate,"ECB reference exchange rate, Pound sterling/Euro, 2.15 pm (C.E.T.)",GBP,0
EXR.D.GBP.EUR.SP00.A,D,GBP,EUR,SP00,A,2024-10-14,0.83665,A,F,,,P1D,,A,,,,,,,99Q1=100,,,5,,4F0,,Pound sterling/Euro ECB reference exchange rate,"ECB reference exchange rate, Pound sterling/Euro, 2.15 pm (C.E.T.)",GBP,0
EXR.D.GBP.EUR.SP00.A,D,GBP,EUR,SP00,A,2024-10-15,0.83355,A,F,,,P1D,,A,,,,,,,99Q1=100,,,5,,4F0,,Pound sterling/Euro ECB reference exchange rate,"ECB reference exchange rate, Pound sterling/Euro, 2.15 pm (C.E.T.)",GBP,0
EXR.D.GBP.EUR.SP00.A,D,GBP,EUR,SP00,A,2024-10-16,0.83605,A,F,,,P1D,,A,,,,,,,99Q1=100,,,5,,4F0,,Pound sterling/Euro ECB reference exchange rate,"ECB reference exchange rate, Pound sterling/Euro, 2.15 pm (C.E.T.)",GBP,0
EXR.D.GBP.EUR.SP00.A,D,GBP,EUR,SP00,A,2024-10-17,0.83455,A,F,,,P1D,,A,,,,,,,99Q1=100,,,5,,4F0,,Pound sterling/Euro ECB reference exchange rate,"ECB reference exchange rate, Pound sterling/Euro, 2.15 pm (C.E.T.)",GBP,0
EXR.D.GBP.EUR.SP00.A,D,GBP,EUR,SP00,A,2024-10-18,0.83165,A,F,,,P1D,,A,,,,,,,99Q1=100,,,5,,4F0,,Pound sterling/Euro ECB reference exchange rate,"ECB reference exchange rate, Pound sterling/Euro, 2.15 pm (C.E.T.)",GBP,0
EXR.D.GBP.EUR.SP00.A,D,GBP,EUR,SP00,A,2024-10-21,0.83315,A,F,,,P1D,,A,,,,,,,99Q1=100,,,5,,4F0,,Pound sterling/Euro ECB reference exchange rate,"ECB reference exchange rate, Pound sterling/Euro, 2.15 pm (C.E.T.)",GBP,0
EXR.D.GBP.EUR.SP00.A,D,GBP,EUR,SP00,A,2024-10-22,0.8334,A,F,,,P1D,,A,,,,,,,99Q1=100,,,5,,4F0,,Pound sterling/Euro ECB reference exchange rate,"ECB reference exchange rate, Pound sterling/Euro, 2.15 pm (C.E.T.)",GBP,0
EXR.D.GBP.EUR.SP00.A,D,GBP,EUR,SP00,A,2024-10-23,0.83148,A,F,,,P1D,,A,,,,,,,99Q1=100,,,5,,4F0,,Pound sterling/Euro ECB reference exchange rate,"ECB reference exchange rate, Pound sterling/Euro, 2.15 pm (C.E.T.)",GBP,0
EXR.D.GBP.EUR.SP00.A,D,GBP,EUR,SP00,A,2024-10-24,0.8321,A,F,,,P1D,,A,,,,,,,99Q1=100,,,5,,4F0,,Pound sterling/Euro ECB reference exchange rate,"ECB reference exchange rate, Pound sterling/Euro, 2.15 pm (C.E.T.)",GBP,0
EXR.D.GBP.EUR.SP00.A,D,GBP,EUR,SP00,A,2024-10-25,0.83358,A,F,,,P1D,,A,,,,,,,99Q1=100,,,5,,4F0,,Pound sterling/Euro ECB reference exchange rate,"ECB reference exchange rate, Pound sterling/Euro, 2.15 pm (C.E.T.)",GBP,0
EXR.D.GBP.EUR.SP00.A,D,GBP,EUR,SP00,A,2024-10-28,0.8329,A,F,,,P1D,,A,,,,,,,99Q1=100,,,5,,4F0,,Pound sterling/Euro ECB reference exchange rate,"ECB reference exchange rate, Pound sterling/Euro, 2.15 pm (C.E.T.)",GBP,0
EXR.D.GBP.EUR.SP00.A,D,GBP,EUR,SP00,A,2024-10-29,0.8302,A,F,,,P1D,,A,,,,,,,99Q1=100,,,5,,4F0,,Pound sterling/Euro ECB reference exchange rate,"ECB reference exchange rate, Pound sterling/Euro, 2.15 pm (C.E.T.)",GBP,0
EXR.D.GBP.EUR.SP00.A,D,GBP,EUR,SP00,A,2024-10-30,0.83425,A,F,,,P1D,,A,,,,,,,99Q1=100,,,5,,4F0,,Pound sterling/Euro ECB reference exchange rate,"ECB reference exchange rate, Pound sterling/Euro, 2.15 pm (C.E.T.)",GBP,0
EXR.D.GBP.EUR.SP00.A,D,GBP,EUR,SP00,A,2024-10-31,0.83753,A,F,,,P1D,,A,,,,,,,99Q1=100,,,5,,4F0,,Pound sterling/Euro ECB reference exchange rate,"ECB reference exchange rate, Pound sterling/Euro, 2.15 pm (C.E.T.)",GBP,0
EXR.D.GBP.EUR.SP00.A,D,GBP,EUR,SP00,A,2024-11-01,0.83998,A,F,,,P1D,,A,,,,,,,99Q1=100,,,5,,4F0,,Pound sterling/Euro ECB reference exchange rate,"ECB reference exchange rate, Pound sterling/Euro, 2.15 pm (C.E.T.)",GBP,0
EXR.D.GBP.EUR.SP00.A,D,GBP,EUR,SP00,A,2024-11-04,0.84063,A,F,,,P1D,,A,,,,,,,99Q1=100,,,5,,4F0,,Pound sterling/Euro ECB reference exchange rate,"ECB reference exchange rate, Pound sterling/Euro, 2.15 pm (C.E.T.)",GBP,0
EXR.D.GBP.EUR.SP00.A,D,GBP,EUR,SP00,A,2024-11-05,0.8392,A,F,,,P1D,,A,,,,,,,99Q1=100,,,5,,4F0,,Pound sterling/Euro ECB reference exchange rate,"ECB reference exchange rate, Pound sterling/Euro, 2.15 pm (C.E.T.)",GBP,0
EXR.D.GBP.EUR.SP00.A,D,GBP,EUR,SP00,A,2024-11-06,0.83223,A,F,,,P1D,,A,,,,,,,99Q1=100,,,5,,4F0,,Pound sterling/Euro ECB reference exchange rate,"ECB reference exchange rate, Pound sterling/Euro, 2.15 pm (C.E.T.)",GBP,0
EXR.D.GBP.EUR.SP00.A,D,GBP,EUR,SP00,A,2024-11-07,0.83185,A,F,,,P1D,,A,,,,,,,99Q1=100,,,5,,4F0,,Pound sterling/Euro ECB reference exchange rate,"ECB reference exchange rate, Pound sterling/Euro, 2.15 pm (C.E.T.)",GBP,0
EXR.D.GBP.EUR.SP00.A,D,GBP,EUR,SP00,A,2024-11-08,0.83188,A,F,,,P1D,,A,,,,,,,99Q1=100,,,5,,4F0,,Pound sterling/Euro ECB reference exchange rate,"ECB reference exchange rate, Pound sterling/Euro, 2.15 pm (C.E.T.)",GBP,0
EXR.D.GBP.EUR.SP00.A,D,GBP,EUR,SP00,A,2024-11-11,0.8268,A,F,,,P1D,,A,,,,,,,99Q1=100,,,5,,4F0,,Pound sterling/Euro ECB reference exchange rate,"ECB reference exchange rate, Pound sterling/Euro, 2.15 pm (C.E.T.)",GBP,0
EXR.D.GBP.EUR.SP00.A,D,GBP,EUR,SP00,A,2024-11-12,0.82835,A,F,,,P1D,,A,,,,,,,99Q1=100,,,5,,4F0,,Pound sterling/Euro ECB reference exchange rate,"ECB reference exchange rate, Pound sterling/Euro, 2.15 pm (C.E.T.)",GBP,0
EXR.D.GBP.EUR.SP00.A,D,GBP,EUR,SP00,A,2024-11-13,0.83413,A,F,,,P1D,,A,,,,,,,99Q1=100,,,5,,4F0,,Pound sterling/Euro ECB reference exchange rate,"ECB reference exchange rate, Pound sterling/Euro, 2.15 pm (C.E.T.)",GBP,0
EXR.D.GBP.EUR.SP00.A,D,GBP,EUR,SP00,A,2024-11-14,0.83158,A,F,,,P1D,,A,,,,,,,99Q1=100,,,5,,4F0,,Pound sterling/Euro ECB reference exchange rate,"ECB reference exchange rate, Pound sterling/Euro, 2.15 pm (C.E.T.)",GBP,0
EXR.D.GBP.EUR.SP00.A,D,GBP,EUR,SP00,A,2024-11-15,0.83455,A,F,,,P1D,,A,,,,,,,99Q1=100,,,5,,4F0,,Pound sterling/Euro ECB reference exchange rate,"ECB reference exchange rate, Pound sterling/Euro, 2.15 pm (C.E.T.)",GBP,0
EXR.D.GBP.EUR.SP00.A,D,GBP,EUR,SP00,A,2024-11-18,0.8356,A,F,,,P1D,,A,,,,,,,99Q1=100,,,5,,4F0,,Pound sterling/Euro ECB reference exchange rate,"ECB reference exchange rate, Pound sterling/Euro, 2.15 pm (C.E.T.)",GBP,0
EXR.D.GBP.EUR.SP00.A,D,GBP,EUR,SP00,A,2024-11-19,0.83638,A,F,,,P1D,,A,,,,,,,99Q1=100,,,5,,4F0,,Pound sterling/Euro ECB reference exchange rate,"ECB reference exchange rate, Pound sterling/Euro, 2.15 pm (C.E.T.)",GBP,0
EXR.D.GBP.EUR.SP00.A,D,GBP,EUR,SP00,A,2024-11-20,0.8338,A,F,,,P1D,,A,,,,,,,99Q1=100,,,5,,4F0,,Pound sterling/Euro ECB reference exchange rate,"ECB reference exchange rate, Pound sterling/Euro, 2.15 pm (C.E.T.)",GBP,0
EXR.D.GBP.EUR.SP00.A,D,GBP,EUR,SP00,A,2024-11-21,0.83273,A,F,,,P1D,,A,,,,,,,99Q1=100,,,5,,4F0,,Pound sterling/Euro ECB reference exchange rate,"ECB reference exchange rate, Pound sterling/Euro, 2.15 pm (C.E.T.)",GBP,0
EXR.D.GBP.EUR.SP00.A,D,GBP,EUR,SP00,A,2024-11-22,0.83205,A,F,,,P1D,,A,,,,,,,99Q1=100,,,5,,4F0,,Pound sterling/Euro ECB reference exchange rate,"ECB reference exchange rate, Pound sterling/Euro, 2.15 pm (C.E.T.)",GBP,0
EXR.D.GBP.EUR.SP00.A,D,GBP,EUR,SP00,A,2024-11-25,0.83465,A,F,,,P1D,,A,,,,,,,99Q1=100,,,5,,4F0,,Pound sterling/Euro ECB reference exchange rate,"ECB reference exchange rate, Pound sterling/Euro, 2.15 pm (C.E.T.)",GBP,0
EXR.D.GBP.EUR.SP00.A,D,GBP,EUR,SP00,A,2024-11-26,0.8348,A,F,,,P1D,,A,,,,,,,99Q1=100,,,5,,4F0,,Pound sterling/Euro ECB reference exchange rate,"ECB reference exchange rate, Pound sterling/Euro, 2.15 pm (C.E.T.)",GBP,0
EXR.D.GBP.EUR.SP00.A,D,GBP,EUR,SP00,A,2024-11-27,0.834,A,F,,,P1D,,A,,,,,,,99Q1=100,,,5,,4F0,,Pound sterling/Euro ECB reference exchange rate,"ECB reference exchange rate, Pound sterling/Euro, 2.15 pm (C.E.T.)",GBP,0
EXR.D.GBP.EUR.SP00.A,D,GBP,EUR,SP00,A,2024-11-28,0.8323,A,F,,,P1D,,A,,,,,,,99Q1=100,,,5,,4F0,,Pound sterling/Euro ECB reference exchange rate,"ECB reference exchange rate, Pound sterling/Euro, 2.15 pm (C.E.T.)",GBP,0
EXR.D.GBP.EUR.SP00.A,D,GBP,EUR,SP00,A,2024-11-29,0.83205,A,F,,,P1D,,A,,,,,,,99Q1=100,,,5,,4F0,,Pound sterling/Euro ECB reference exchange rate,"ECB reference exchange rate, Pound sterling/Euro, 2.15 pm (C.E.T.)",GBP,0
EXR.D.GBP.EUR.SP00.A,D,GBP,EUR,SP00,A,2024-12-02,0.82898,A,F,,,P1D,,A,,,,,,,99Q1=100,,,5,,4F0,,Pound sterling/Euro ECB reference exchange rate,"ECB reference exchange rate, Pound sterling/Euro, 2.15 pm (C.E.T.)",GBP,0
EXR.D.GBP.EUR.SP00.A,D,GBP,EUR,SP00,A,2024-12-03,0.83123,A,F,,,P1D,,A,,,,,,,99Q1=100,,,5,,4F0,,Pound sterling/Euro ECB reference exchange rate,"ECB reference exchange rate, Pound sterling/Euro, 2.15 pm (C.E.T.)",GBP,0
EXR.D.GBP.EUR.SP00.A,D,GBP,EUR,SP00,A,2024-12-04,0.8283,A,F,,,P1D,,A,,,,,,,99Q1=100,,,5,,4F0,,Pound sterling/Euro ECB reference exchange rate,"ECB reference exchange rate, Pound sterling/Euro, 2.15 pm (C.E.T.)",GBP,0
EXR.D.GBP.EUR.SP00.A,D,GBP,EUR,SP00,A,2024-12-05,0.828,A,F,,,P1D,,A,,,,,,,99Q1=100,,,5,,4F0,,Pound sterling/Euro ECB reference exchange rate,"ECB reference exchange rate, Pound sterling/Euro, 2.15 pm (C.E.T.)",GBP,0
EXR.D.GBP.EUR.SP00.A,D,GBP,EUR,SP00,A,2024-12-06,0.82855,A,F,,,P1D,,A,,,,,,,99Q1=100,,,5,,4F0,,Pound sterling/Euro ECB reference exchange rate,"ECB reference exchange rate, Pound sterling/Euro, 2.15 pm (C.E.T.)",GBP,0
EXR.D.GBP.EUR.SP00.A,D,GBP,EUR,SP00,A,2024-12-09,0.82805,A,F,,,P1D,,A,,,,,,,99Q1=100,,,5,,4F0,,Pound sterling/Euro ECB reference exchange rate,"ECB reference exchange rate, Pound sterling/Euro, 2.15 pm (C.E.T.)",GBP,0
EXR.D.GBP.EUR.SP00.A,D,GBP,EUR,SP00,A,2024-12-10,0.82555,A,F,,,P1D,,A,,,,,,,99Q1=100,,,5,,4F0,,Pound sterling/Euro ECB reference exchange rate,"ECB reference exchange rate, Pound sterling/Euro, 2.15 pm (C.E.T.)",GBP,0
EXR.D.GBP.EUR.SP00.A,D,GBP,EUR,SP00,A,2024-12-11,0.82458,A,F,,,P1D,,A,,,,,,,99Q1=100,,,5,,4F0,,Pound sterling/Euro ECB reference exchange rate,"ECB reference exchange rate, Pound sterling/Euro, 2.15 pm (C.E.T.)",GBP,0
EXR.D.GBP.EUR.SP00.A,D,GBP,EUR,SP00,A,2024-12-12,0.82428,A,F,,,P1D,,A,,,,,,,99Q1=100,,,5,,4F0,,Pound sterling/Euro ECB reference exchange rate,"ECB reference exchange rate, Pound sterling/Euro, 2.15 pm (C.E.T.)",GBP,0
EXR.D.GBP.EUR.SP00.A,D,GBP,EUR,SP00,A,2024-12-13,0.83043,A,F,,,P1D,,A,,,,,,,99Q1=100,,,5,,4F0,,Pound sterling/Euro ECB reference exchange rate,"ECB reference exchange rate, Pound sterling/Euro, 2.15 pm (C.E.T.)",GBP,0
EXR.D.GBP.EUR.SP00.A,D,GBP,EUR,SP00,A,2024-12-16,0.82945,A,F,,,P1D,,A,,,,,,,99Q1=100,,,5,,4F0,,Pound sterling/Euro ECB reference exchange rate,"ECB reference exchange rate, Pound sterling/Euro, 2.15 pm (C.E.T.)",GBP,0
EXR.D.GBP.EUR.SP00.A,D,GBP,EUR,SP00,A,2024-12-17,0.82648,A,F,,,P1D,,A,,,,,,,99Q1=100,,,5,,4F0,,Pound sterling/Euro ECB reference exchange rate,"ECB reference exchange rate, Pound sterling/Euro, 2.15 pm (C.E.T.)",GBP,0
EXR.D.GBP.EUR.SP00.A,D,GBP,EUR,SP00,A,2024-12-18,0.8252,A,F,,,P1D,,A,,,,,,,99Q1=100,,,5,,4F0,,Pound sterling/Euro ECB reference exchange rate,"ECB reference exchange rate, Pound sterling/Euro, 2.15 pm (C.E.T.)",GBP,0
EXR.D.GBP.EUR.SP00.A,D,GBP,EUR,SP00,A,2024-12-19,0.82445,A,F,,,P1D,,A,,,,,,,99Q1=100,,,5,,4F0,,Pound sterling/Euro ECB reference exchange rate,"ECB reference exchange rate, Pound sterling/Euro, 2.15 pm (C.E.T.)",GBP,0
EXR.D.GBP.EUR.SP00.A,D,GBP,EUR,SP00,A,2024-12-20,0.82965,A,F,,,P1D,,A,,,,,,,99Q1=100,,,5,,4F0,,Pound sterling/Euro ECB reference exchange rate,"ECB reference exchange rate, Pound sterling/Euro, 2.15 pm (C.E.T.)",GBP,0
EXR.D.GBP.EUR.SP00.A,D,GBP,EUR,SP00,A,2024-12-23,0.82995,A,F,,,P1D,,A,,,,,,,99Q1=100,,,5,,4F0,,Pound sterling/Euro ECB reference exchange rate,"ECB reference exchange rate, Pound sterling/Euro, 2.15 pm (C.E.T.)",GBP,0
EXR.D.GBP.EUR.SP00.A,D,GBP,EUR,SP00,A,2024-12-24,0.82805,A,F,,,P1D,,A,,,,,,,99Q1=100,,,5,,4F0,,Pound sterling/Euro ECB reference exchange rate,"ECB reference exchange rate, Pound sterling/Euro, 2.15 pm (C.E.T.)",GBP,0
EXR.D.GBP.EUR.SP00.A,D,GBP,EUR,SP00,A,2024-12-27,0.83098,A,F,,,P1D,,A,,,,,,,99Q1=100,,,5,,4F0,,Pound sterling/Euro ECB reference exchange rate,"ECB reference exchange rate, Pound sterling/Euro, 2.15 pm (C.E.T.)",GBP,0
EXR.D.GBP.EUR.SP00.A,D,GBP,EUR,SP00,A,2024-12-30,0.8295,A,F,,,P1D,,A,,,,,,,99Q1=100,,,5,,4F0,,Pound sterling/Euro ECB reference exchange rate,"ECB reference exchange rate, Pound sterling/Euro, 2.15 pm (C.E.T.)",GBP,0
EXR.D.GBP.EUR.SP00.A,D,GBP,EUR,SP00,A,2024-12-31,0.82918,A,F,,,P1D,,A,,,,,,,99Q1=100,,,5,,4F0,,Pound sterling/Euro ECB reference exchange rate,"ECB reference exchange rate, Pound sterling/Euro, 2.15 pm (C.E.T.)",GBP,0
EXR.D.GBP.EUR.SP00.A,D,GBP,EUR,SP00,A,2025-01-02,0.83118,A,F,,,P1D,,A,,,,,,,99Q1=100,,,5,,4F0,,Pound sterling/Euro ECB reference exchange rate,"ECB reference exchange rate, Pound sterling/Euro, 2.15 pm (C.E.T.)",GBP,0
EXR.D.GBP.EUR.SP00.A,D,GBP,EUR,SP00,A,2025-01-03,0.82993,A,F,,,P1D,,A,,,,,,,99Q1=100,,,5,,4F0,,Pound sterling/Euro ECB reference exchange rate,"ECB reference exchange rate, Pound sterling/Euro, 2.15 pm (C.E.T.)",GBP,0
EXR.D.GBP.EUR.SP00.A,D,GBP,EUR,SP00,A,2025-01-06,0.83098,A,F,,,P1D,,A,,,,,,,99Q1=100,,,5,,4F0,,Pound sterling/Euro ECB reference exchange rate,"ECB reference exchange rate, Pound sterling/Euro, 2.15 pm (C.E.T.)",GBP,0
EXR.D.GBP.EUR.SP00.A,D,GBP,EUR,SP00,A,2025-01-07,0.82915,A,F,,,P1D,,A,,,,,,,99Q1=100,,,5,,4F0,,Pound sterling/Euro ECB reference exchange rate,"ECB reference exchange rate, Pound sterling/Euro, 2.15 pm (C.E.T.)",GBP,0
EXR.D.GBP.EUR.SP00.A,D,GBP,EUR,SP00,A,2025-01-08,0.83403,A,F,,,P1D,,A,,,,,,,99Q1=100,,,5,,4F0,,Pound sterling/Euro ECB reference exchange rate,"ECB reference exchange rate, Pound sterling/Euro, 2.15 pm (C.E.T.)",GBP,0
EXR.D.GBP.EUR.SP00.A,D,GBP,EUR,SP00,A,2025-01-09,0.83808,A,F,,,P1D,,A,,,,,,,99Q1=100,,,5,,4F0,,Pound sterling/Euro ECB reference exchange rate,"ECB reference exchange rate, Pound sterling/Euro, 2.15 pm (C.E.T.)",GBP,0
EXR.D.GBP.EUR.SP00.A,D,GBP,EUR,SP00,A,2025-01-10,0.83693,A,F,,,P1D,,A,,,,,,,99Q1=100,,,5,,4F0,,Pound sterling/Euro ECB reference exchange rate,"ECB reference exchange rate, Pound sterling/Euro, 2.15 pm (C.E.T.)",GBP,0
EXR.D.GBP.EUR.SP00.A,D,GBP,EUR,SP00,A,2025-01-13,0.8416,A,F,,,P1D,,A,,,,,,,99Q1=100,,,5,,4F0,,Pound sterling/Euro ECB reference exchange rate,"ECB reference exchange rate, Pound sterling/Euro, 2.15 pm (C.E.T.)",GBP,0
EXR.D.GBP.EUR.SP00.A,D,GBP,EUR,SP00,A,2025-01-14,0.84288,A,F,,,P1D,,A,,,,,,,99Q1=100,,,5,,4F0,,Pound sterling/Euro ECB reference exchange rate,"ECB reference exchange rate, Pound sterling/Euro, 2.15 pm (C.E.T.)",GBP,0
EXR.D.GBP.EUR.SP00.A,D,GBP,EUR,SP00,A,2025-01-15,0.84313,A,F,,,P1D,,A,,,,,,,99Q1=100,,,5,,4F0,,Pound sterling/Euro ECB reference exchange rate,"ECB reference exchange rate, Pound sterling/Euro, 2.15 pm (C.E.T.)",GBP,0
EXR.D.GBP.EUR.SP00.A,D,GBP,EUR,SP00,A,2025-01-16,0.84258,A,F,,,P1D,,A,,,,,,,99Q1=100,,,5,,4F0,,Pound sterling/Euro ECB reference exchange rate,"ECB reference exchange rate, Pound sterling/Euro, 2.15 pm (C.E.T.)",GBP,0
EXR.D.GBP.EUR.SP00.A,D,GBP,EUR,SP00,A,2025-01-17,0.84453,A,F,,,P1D,,A,,,,,,,99Q1=100,,,5,,4F0,,Pound sterling/Euro ECB reference exchange rate,"ECB reference exchange rate, Pound sterling/Euro, 2.15 pm (C.E.T.)",GBP,0
EXR.D.GBP.EUR.SP00.A,D,GBP,EUR,SP00,A,2025-01-20,0.84588,A,F,,,P1D,,A,,,,,,,99Q1=100,,,5,,4F0,,Pound sterling/Euro ECB reference exchange rate,"ECB reference exchange rate, Pound sterling/Euro, 2.15 pm (C.E.T.)",GBP,0
EXR.D.GBP.EUR.SP00.A,D,GBP,EUR,SP00,A,2025-01-21,0.84553,A,F,,,P1D,,A,,,,,,,99Q1=100,,,5,,4F0,,Pound sterling/Euro ECB reference exchange rate,"ECB reference exchange rate, Pound sterling/Euro, 2.15 pm (C.E.T.)",GBP,0
EXR.D.GBP.EUR.SP00.A,D,GBP,EUR,SP00,A,2025-01-22,0.84466,A,F,,,P1D,,A,,,,,,,99Q1=100,,,5,,4F0,,Pound sterling/Euro ECB reference exchange rate,"ECB reference exchange rate, Pound sterling/Euro, 2.15 pm (C.E.T.)",GBP,0
EXR.D.GBP.EUR.SP00.A,D,GBP,EUR,SP00,A,2025-01-23,0.84468,A,F,,,P1D,,A,,,,,,,99Q1=100,,,5,,4F0,,Pound sterling/Euro ECB reference exchange rate,"ECB reference exchange rate, Pound sterling/Euro, 2.15 pm (C.E.T.)",GBP,0
EXR.D.GBP.EUR.SP00.A,D,GBP,EUR,SP00,A,2025-01-24,0.84413,A,F,,,P1D,,A,,,,,,,99Q1=100,,,5,,4F0,,Pound sterling/Euro ECB reference exchange rate,"ECB reference exchange rate, Pound sterling/Euro, 2.15 pm (C.E.T.)",GBP,0
EXR.D.GBP.EUR.SP00.A,D,GBP,EUR,SP00,A,2025-01-27,0.84106,A,F,,,P1D,,A,,,,,,,99Q1=100,,,5,,4F0,,Pound sterling/Euro ECB reference exchange rate,"ECB reference exchange rate, Pound sterling/Euro, 2.15 pm (C.E.T.)",GBP,0
EXR.D.GBP.EUR.SP00.A,D,GBP,EUR,SP00,A,2025-01-28,0.83868,A,F,,,P1D,,A,,,,,,,99Q1=100,,,5,,4F0,,Pound sterling/Euro ECB reference exchange rate,"ECB reference exchange rate, Pound sterling/Euro, 2.15 pm (C.E.T.)",GBP,0
EXR.D.GBP.EUR.SP00.A,D,GBP,EUR,SP00,A,2025-01-29,0.83723,A,F,,,P1D,,A,,,,,,,99Q1=100,,,5,,4F0,,Pound sterling/Euro ECB reference exchange rate,"ECB reference exchange rate, Pound sterling/Euro, 2.15 pm (C.E.T.)",GBP,0
EXR.D.GBP.EUR.SP00.A,D,GBP,EUR,SP00,A,2025-01-30,0.83685,A,F,,,P1D,,A,,,,,,,99Q1=100,,,5,,4F0,,Pound sterling/Euro ECB reference exchange rate,"ECB reference exchange rate, Pound sterling/Euro, 2.15 pm (C.E.T.)",GBP,0
EXR.D.GBP.EUR.SP00.A,D,GBP,EUR,SP00,A,2025-01-31,0.83608,A,F,,,P1D,,A,,,,,,,99Q1=100,,,5,,4F0,,Pound sterling/Euro ECB reference exchange rate,"ECB reference exchange rate, Pound sterling/Euro, 2.15 pm (C.E.T.)",GBP,0
EXR.D.GBP.EUR.SP00.A,D,GBP,EUR,SP00,A,2025-02-03,0.83136,A,F,,,P1D,,A,,,,,,,99Q1=100,,,5,,4F0,,Pound sterling/Euro ECB reference exchange rate,"ECB reference exchange rate, Pound sterling/Euro, 2.15 pm (C.E.T.)",GBP,0
EXR.D.GBP.EUR.SP00.A,D,GBP,EUR,SP00,A,2025-02-04,0.83188,A,F,,,P1D,,A,,,,,,,99Q1=100,,,5,,4F0,,Pound sterling/Euro ECB reference exchange rate,"ECB reference exchange rate, Pound sterling/Euro, 2.15 pm (C.E.T.)",GBP,0
EXR.D.GBP.EUR.SP00.A,D,GBP,EUR,SP00,A,2025-02-05,0.83085,A,F,,,P1D,,A,,,,,,,99Q1=100,,,5,,4F0,,Pound sterling/Euro ECB reference exchange rate,"ECB reference exchange rate, Pound sterling/Euro, 2.15 pm (C.E.T.)",GBP,0
EXR.D.GBP.EUR.SP00.A,D,GBP,EUR,SP00,A,2025-02-06,0.83688,A,F,,,P1D,,A,,,,,,,99Q1=100,,,5,,4F0,,Pound sterling/Euro ECB reference exchange rate,"ECB reference exchange rate, Pound sterling/Euro, 2.15 pm (C.E.T.)",GBP,0
EXR.D.GBP.EUR.SP00.A,D,GBP,EUR,SP00,A,2025-02-07,0.83353,A,F,,,P1D,,A,,,,,,,99Q1=100,,,5,,4F0,,Pound sterling/Euro ECB reference exchange rate,"ECB reference exchange rate, Pound sterling/Euro, 2.15 pm (C.E.T.)",GBP,0
EXR.D.GBP.EUR.SP00.A,D,GBP,EUR,SP00,A,2025-02-10,0.83283,A,F,,,P1D,,A,,,,,,,99Q1=100,,,5,,4F0,,Pound sterling/Euro ECB reference exchange rate,"ECB reference exchange rate, Pound sterling/Euro, 2.15 pm (C.E.T.)",GBP,0
EXR.D.GBP.EUR.SP00.A,D,GBP,EUR,SP00,A,2025-02-11,0.83355,A,F,,,P1D,,A,,,,,,,99Q1=100,,,5,,4F0,,Pound sterling/Euro ECB reference exchange rate,"ECB reference exchange rate, Pound sterling/Euro, 2.15 pm (C.E.T.)",GBP,0
EXR.D.GBP.EUR.SP00.A,D,GBP,EUR,SP00,A,2025-02-12,0.83338,A,F,,,P1D,,A,,,,,,,99Q1=100,,,5,,4F0,,Pound sterling/Euro ECB reference exchange rate,"ECB reference exchange rate, Pound sterling/Euro, 2.15 pm (C.E.T.)",GBP,0
EXR.D.GBP.EUR.SP00.A,D,GBP,EUR,SP00,A,2025-02-13,0.83313,A,F,,,P1D,,A,,,,,,,99Q1=100,,,5,,4F0,,Pound sterling/Euro ECB reference exchange rate,"ECB reference exchange rate, Pound sterling/Euro, 2.15 pm (C.E.T.)",GBP,0
EXR.D.GBP.EUR.SP00.A,D,GBP,EUR,SP00,A,2025-02-14,0.83215,A,F,,,P1D,,A,,,,,,,99Q1=100,,,5,,4F0,,Pound sterling/Euro ECB reference exchange rate,"ECB reference exchange rate, Pound sterling/Euro, 2.15 pm (C.E.T.)",GBP,0
EXR.D.GBP.EUR.SP00.A,D,GBP,EUR,SP00,A,2025-02-17,0.83133,A,F,,,P1D,,A,,,,,,,99Q1=100,,,5,,4F0,,Pound sterling/Euro ECB reference exchange rate,"ECB reference exchange rate, Pound sterling/Euro, 2.15 pm (C.E.T.)",GBP,0
EXR.D.GBP.EUR.SP00.A,D,GBP,EUR,SP00,A,2025-02-18,0.83025,A,F,,,P1D,,A,,,,,,,99Q1=100,,,5,,4F0,,Pound sterling/Euro ECB reference exchange rate,"ECB reference exchange rate, Pound sterling/Euro, 2.15 pm (C.E.T.)",GBP,0
EXR.D.GBP.EUR.SP00.A,D,GBP,EUR,SP00,A,2025-02-19,0.82838,A,F,,,P1D,,A,,,,,,,99Q1=100,,,5,,4F0,,Pound sterling/Euro ECB reference exchange rate,"ECB reference exchange rate, Pound sterling/Euro, 2.15 pm (C.E.T.)",GBP,0
EXR.D.GBP.EUR.SP00.A,D,GBP,EUR,SP00,A,2025-02-20,0.82823,A,F,,,P1D,,A,,,,,,,99Q1=100,,,5,,4F0,,Pound sterling/Euro ECB reference exchange rate,"ECB reference exchange rate, Pound sterling/Euro, 2.15 pm (C.E.T.)",GBP,0
EXR.D.GBP.EUR.SP00.A,D,GBP,EUR,SP00,A,2025-02-21,0.8276,A,F,,,P1D,,A,,,,,,,99Q1=100,,,5,,4F0,,Pound sterling/Euro ECB reference exchange rate,"ECB reference exchange rate, Pound sterling/Euro, 2.15 pm (C.E.T.)",GBP,0
EXR.D.GBP.EUR.SP00.A,D,GBP,EUR,SP00,A,2025-02-24,0.8283,A,F,,,P1D,,A,,,,,,,99Q1=100,,,5,,4F0,,Pound sterling/Euro ECB reference exchange rate,"ECB reference exchange rate, Pound sterling/Euro, 2.15 pm (C.E.T.)",GBP,0
EXR.D.GBP.EUR.SP00.A,D,GBP,EUR,SP00,A,2025-02-25,0.82908,A,F,,,P1D,,A,,,,,,,99Q1=100,,,5,,4F0,,Pound sterling/Euro ECB reference exchange rate,"ECB reference exchange rate, Pound sterling/Euro, 2.15 pm (C.E.T.)",GBP,0
EXR.D.GBP.EUR.SP00.A,D,GBP,EUR,SP00,A,2025-02-26,0.82868,A,F,,,P1D,,A,,,,,,,99Q1=100,,,5,,4F0,,Pound sterling/Euro ECB reference exchange rate,"ECB reference exchange rate, Pound sterling/Euro, 2.15 pm (C.E.T.)",GBP,0
EXR.D.GBP.EUR.SP00.A,D,GBP,EUR,SP00,A,2025-02-27,0.82673,A,F,,,P1D,,A,,,,,,,99Q1=100,,,5,,4F0,,Pound sterling/Euro ECB reference exchange rate,"ECB reference exchange rate, Pound sterling/Euro, 2.15 pm (C.E.T.)",GBP,0
EXR.D.GBP.EUR.SP00.A,D,GBP,EUR,SP00,A,2025-02-28,0.82608,A,F,,,P1D,,A,,,,,,,99Q1=100,,,5,,4F0,,Pound sterling/Euro ECB reference exchange rate,"ECB reference exchange rate, Pound sterling/Euro, 2.15 pm (C.E.T.)",GBP,0
EXR.D.GBP.EUR.SP00.A,D,GBP,EUR,SP00,A,2025-03-03,0.8253,A,F,,,P1D,,A,,,,,,,99Q1=100,,,5,,4F0,,Pound sterling/Euro ECB reference exchange rate,"ECB reference exchange rate, Pound sterling/Euro, 2.15 pm (C.E.T.)",GBP,0
EXR.D.GBP.EUR.SP00.A,D,GBP,EUR,SP00,A,2025-03-04,0.82788,A,F,,,P1D,,A,,,,,,,99Q1=100,,,5,,4F0,,Pound sterling/Euro ECB reference exchange rate,"ECB reference exchange rate, Pound sterling/Euro, 2.15 pm (C.E.T.)",GBP,0
EXR.D.GBP.EUR.SP00.A,D,GBP,EUR,SP00,A,2025-03-05,0.835,A,F,,,P1D,,A,,,,,,,99Q1=100,,,5,,4F0,,Pound sterling/Euro ECB reference exchange rate,"ECB reference exchange rate, Pound sterling/Euro, 2.15 pm (C.E.T.)",GBP,0
EXR.D.GBP.EUR.SP00.A,D,GBP,EUR,SP00,A,2025-03-06,0.8379,A,F,,,P1D,,A,,,,,,,99Q1=100,,,5,,4F0,,Pound sterling/Euro ECB reference exchange rate,"ECB reference exchange rate, Pound sterling/Euro, 2.15 pm (C.E.T.)",GBP,0
EXR.D.GBP.EUR.SP00.A,D,GBP,EUR,SP00,A,2025-03-07,0.84088,A,F,,,P1D,,A,,,,,,,99Q1=100,,,5,,4F0,,Pound sterling/Euro ECB reference exchange rate,"ECB reference exchange rate, Pound sterling/Euro, 2.15 pm (C.E.T.)",GBP,0
EXR.D.GBP.EUR.SP00.A,D,GBP,EUR,SP00,A,2025-03-10,0.83849,A,F,,,P1D,,A,,,,,,,99Q1=100,,,5,,4F0,,Pound sterling/Euro ECB reference exchange rate,"ECB reference exchange rate, Pound sterling/Euro, 2.15 pm (C.E.T.)",GBP,0
EXR.D.GBP.EUR.SP00.A,D,GBP,EUR,SP00,A,2025-03-11,0.84374,A,F,,,P1D,,A,,,,,,,99Q1=100,,,5,,4F0,,Pound sterling/Euro ECB reference exchange rate,"ECB reference exchange rate, Pound sterling/Euro, 2.15 pm (C.E.T.)",GBP,0
EXR.D.GBP.EUR.SP00.A,D,GBP,EUR,SP00,A,2025-03-12,0.84078,A,F,,,P1D,,A,,,,,,,99Q1=100,,,5,,4F0,,Pound sterling/Euro ECB reference exchange rate,"ECB reference exchange rate, Pound sterling/Euro, 2.15 pm (C.E.T.)",GBP,0
EXR.D.GBP.EUR.SP00.A,D,GBP,EUR,SP00,A,2025-03-13,0.83778,A,F,,,P1D,,A,,,,,,,99Q1=100,,,5,,4F0,,Pound sterling/Euro ECB reference exchange rate,"ECB reference exchange rate, Pound sterling/Euro, 2.15 pm (C.E.T.)",GBP,0
EXR.D.GBP.EUR.SP00.A,D,GBP,EUR,SP00,A,2025-03-14,0.84183,A,F,,,P1D,,A,,,,,,,99Q1=100,,,5,,4F0,,Pound sterling/Euro ECB reference exchange rate,"ECB reference exchange rate, Pound sterling/Euro, 2.15 pm (C.E.T.)",GBP,0
EXR.D.GBP.EUR.SP00.A,D,GBP,EUR,SP00,A,2025-03-17,0.84026,A,F,,,P1D,,A,,,,,,,99Q1=100,,,5,,4F0,,Pound sterling/Euro ECB reference exchange rate,"ECB reference exchange rate, Pound sterling/Euro, 2.15 pm (C.E.T.)",GBP,0
EXR.D.GBP.EUR.SP00.A,D,GBP,EUR,SP00,A,2025-03-18,0.84173,A,F,,,P1D,,A,,,,,,,99Q1=100,,,5,,4F0,,Pound sterling/Euro ECB reference exchange rate,"ECB reference exchange rate, Pound sterling/Euro, 2.15 pm (C.E.T.)",GBP,0
EXR.D.GBP.EUR.SP00.A,D,GBP,EUR,SP00,A,2025-03-19,0.84078,A,F,,,P1D,,A,,,,,,,99Q1=100,,,5,,4F0,,Pound sterling/Euro ECB reference exchange rate,"ECB reference exchange rate, Pound sterling/Euro, 2.15 pm (C.E.T.)",GBP,0
EXR.D.GBP.EUR.SP00.A,D,GBP,EUR,SP00,A,2025-03-20,0.8369,A,F,,,P1D,,A,,,,,,,99Q1=100,,,5,,4F0,,Pound sterling/Euro ECB reference exchange rate,"ECB reference exchange rate, Pound sterling/Euro, 2.15 pm (C.E.T.)",GBP,0
EXR.D.GBP.EUR.SP00.A,D,GBP,EUR,SP00,A,2025-03-21,0.83765,A,F,,,P1D,,A,,,,,,,99Q1=100,,,5,,4F0,,Pound sterling/Euro ECB reference exchange rate,"ECB reference exchange rate, Pound sterling/Euro, 2.15 pm (C.E.T.)",GBP,0
EXR.D.GBP.EUR.SP00.A,D,GBP,EUR,SP00,A,2025-03-24,0.83663,A,F,,,P1D,,A,,,,,,,99Q1=100,,,5,,4F0,,Pound sterling/Euro ECB reference exchange rate,"ECB reference exchange rate, Pound sterling/Euro, 2.15 pm (C.E.T.)",GBP,0
EXR.D.GBP.EUR.SP00.A,D,GBP,EUR,SP00,A,2025-03-25,0.83565,A,F,,,P1D,,A,,,,,,,99Q1=100,,,5,,4F0,,Pound sterling/Euro ECB reference exchange rate,"ECB reference exchange rate, Pound sterling/Euro, 2.15 pm (C.E.T.)",GBP,0
EXR.D.GBP.EUR.SP00.A,D,GBP,EUR,SP00,A,2025-03-26,0.83623,A,F,,,P1D,,A,,,,,,,99Q1=100,,,5,,4F0,,Pound sterling/Euro ECB reference exchange rate,"ECB reference exchange rate, Pound sterling/Euro, 2.15 pm (C.E.T.)",GBP,0
EXR.D.GBP.EUR.SP00.A,D,GBP,EUR,SP00,A,2025-03-27,0.83318,A,F,,,P1D,,A,,,,,,,99Q1=100,,,5,,4F0,,Pound sterling/Euro ECB reference exchange rate,"ECB reference exchange rate, Pound sterling/Euro, 2.15 pm (C.E.T.)",GBP,0
EXR.D.GBP.EUR.SP00.A,D,GBP,EUR,SP00,A,2025-03-28,0.83358,A,F,,,P1D,,A,,,,,,,99Q1=100,,,5,,4F0,,Pound sterling/Euro ECB reference exchange rate,"ECB reference exchange rate, Pound sterling/Euro, 2.15 pm (C.E.T.)",GBP,0
EXR.D.GBP.EUR.SP00.A,D,GBP,EUR,SP00,A,2025-03-31,0.83536,A,F,,,P1D,,A,,,,,,,99Q1=100,,,5,,4F0,,Pound sterling/Euro ECB reference exchange rate,"ECB reference exchange rate, Pound sterling/Euro, 2.15 pm (C.E.T.)",GBP,0
EXR.D.GBP.EUR.SP00.A,D,GBP,EUR,SP00,A,2025-04-01,0.83665,A,F,,,P1D,,A,,,,,,,99Q1=100,,,5,,4F0,,Pound sterling/Euro ECB reference exchange rate,"ECB reference exchange rate, Pound sterling/Euro, 2.15 pm (C.E.T.)",GBP,0
EXR.D.GBP.EUR.SP00.A,D,GBP,EUR,SP00,A,2025-04-02,0.83455,A,F,,,P1D,,A,,,,,,,99Q1=100,,,5,,4F0,,Pound sterling/Euro ECB reference exchange rate,"ECB reference exchange rate, Pound sterling/Euro, 2.15 pm (C.E.T.)",GBP,0
EXR.D.GBP.EUR.SP00.A,D,GBP,EUR,SP00,A,2025-04-03,0.84163,A,F,,,P1D,,A,,,,,,,99Q1=100,,,5,,4F0,,Pound sterling/Euro ECB reference exchange rate,"ECB reference exchange rate, Pound sterling/Euro, 2.15 pm (C.E.T.)",GBP,0
EXR.D.GBP.EUR.SP00.A,D,GBP,EUR,SP00,A,2025-04-04,0.84985,A,F,,,P1D,,A,,,,,,,99Q1=100,,,5,,4F0,,Pound sterling/Euro ECB reference exchange rate,"ECB reference exchange rate, Pound sterling/Euro, 2.15 pm (C.E.T.)",GBP,0
EXR.D.GBP.EUR.SP00.A,D,GBP,EUR,SP00,A,2025-04-07,0.85588,A,F,,,P1D,,A,,,,,,,99Q1=100,,,5,,4F0,,Pound sterling/Euro ECB reference exchange rate,"ECB reference exchange rate, Pound sterling/Euro, 2.15 pm (C.E.T.)",GBP,0
EXR.D.GBP.EUR.SP00.A,D,GBP,EUR,SP00,A,2025-04-08,0.85644,A,F,,,P1D,,A,,,,,,,99Q1=100,,,5,,4F0,,Pound sterling/Euro ECB reference exchange rate,"ECB reference exchange rate, Pound sterling/Euro, 2.15 pm (C.E.T.)",GBP,0
EXR.D.GBP.EUR.SP00.A,D,GBP,EUR,SP00,A,2025-04-09,0.86435,A,F,,,P1D,,A,,,,,,,99Q1=100,,,5,,4F0,,Pound sterling/Euro ECB reference exchange rate,"ECB reference exchange rate, Pound sterling/Euro, 2.15 pm (C.E.T.)",GBP,0
EXR.D.GBP.EUR.SP00.A,D,GBP,EUR,SP00,A,2025-04-10,0.85755,A,F,,,P1D,,A,,,,,,,99Q1=100,,,5,,4F0,,Pound sterling/Euro ECB reference exchange rate,"ECB reference exchange rate, Pound sterling/Euro, 2.15 pm (C.E.T.)",GBP,0
EXR.D.GBP.EUR.SP00.A,D,GBP,EUR,SP00,A,2025-04-11,0.86678,A,F,,,P1D,,A,,,,,,,99Q1=100,,,5,,4F0,,Pound sterling/Euro ECB reference exchange rate,"ECB reference exchange rate, Pound sterling/Euro, 2.15 pm (C.E.T.)",GBP,0
EXR.D.GBP.EUR.SP00.A,D,GBP,EUR,SP00,A,2025-04-14,0.86383,A,F,,,P1D,,A,,,,,,,99Q1=100,,,5,,4F0,,Pound sterling/Euro ECB reference exchange rate,"ECB reference exchange rate, Pound sterling/Euro, 2.15 pm (C.E.T.)",GBP,0
EXR.D.GBP.EUR.SP00.A,D,GBP,EUR,SP00,A,2025-04-15,0.8557,A,F,,,P1D,,A,,,,,,,99Q1=100,,,5,,4F0,,Pound sterling/Euro ECB reference exchange rate,"ECB reference exchange rate, Pound sterling/Euro, 2.15 pm (C.E.T.)",GBP,0
EXR.D.GBP.EUR.SP00.A,D,GBP,EUR,SP00,A,2025-04-16,0.85618,A,F,,,P1D,,A,,,,,,,99Q1=100,,,5,,4F0,,Pound sterling/Euro ECB reference exchange rate,"ECB reference exchange rate, Pound sterling/Euro, 2.15 pm (C.E.T.)",GBP,0
EXR.D.GBP.EUR.SP00.A,D,GBP,EUR,SP00,A,2025-04-17,0.85873,A,F,,,P1D,,A,,,,,,,99Q1=100,,,5,,4F0,,Pound sterling/Euro ECB reference exchange rate,"ECB reference exchange rate, Pound sterling/Euro, 2.15 pm (C.E.T.)",GBP,0
EXR.D.GBP.EUR.SP00.A,D,GBP,EUR,SP00,A,2025-04-22,0.85858,A,F,,,P1D,,A,,,,,,,99Q1=100,,,5,,4F0,,Pound sterling/Euro ECB reference exchange rate,"ECB reference exchange rate, Pound sterling/Euro, 2.15 pm (C.E.T.)",GBP,0
EXR.D.GBP.EUR.SP00.A,D,GBP,EUR,SP00,A,2025-04-23,0.85793,A,F,,,P1D,,A,,,,,,,99Q1=100,,,5,,4F0,,Pound sterling/Euro ECB reference exchange rate,"ECB reference exchange rate, Pound sterling/Euro, 2.15 pm (C.E.T.)",GBP,0
EXR.D.GBP.EUR.SP00.A,D,GBP,EUR,SP00,A,2025-04-24,0.855,A,F,,,P1D,,A,,,,,,,99Q1=100,,,5,,4F0,,Pound sterling/Euro ECB reference exchange rate,"ECB reference exchange rate, Pound sterling/Euro, 2.15 pm (C.E.T.)",GBP,0
EXR.D.GBP.EUR.SP00.A,D,GBP,EUR,SP00,A,2025-04-25,0.8531,A,F,,,P1D,,A,,,,,,,99Q1=100,,,5,,4F0,,Pound sterling/Euro ECB reference exchange rate,"ECB reference exchange rate, Pound sterling/Euro, 2.15 pm (C.E.T.)",GBP,0
EXR.D.GBP.EUR.SP00.A,D,GBP,EUR,SP00,A,2025-04-28,0.8514,A,F,,,P1D,,A,,,,,,,99Q1=100,,,5,,4F0,,Pound sterling/Euro ECB reference exchange rate,"ECB reference exchange rate, Pound sterling/Euro, 2.15 pm (C.E.T.)",GBP,0
EXR.D.GBP.EUR.SP00.A,D,GBP,EUR,SP00,A,2025-04-29,0.8498,A,F,,,P1D,,A,,,,,,,99Q1=100,,,5,,4F0,,Pound sterling/Euro ECB reference exchange rate,"ECB reference exchange rate, Pound sterling/Euro, 2.15 pm (C.E.T.)",GBP,0
EXR.D.GBP.EUR.SP00.A,D,GBP,EUR,SP00,A,2025-04-30,0.8518,A,F,,,P1D,,A,,,,,,,99Q1=100,,,5,,4F0,,Pound sterling/Euro ECB reference exchange rate,"ECB reference exchange rate, Pound sterling/Euro, 2.15 pm (C.E.T.)",GBP,0
EXR.D.GBP.EUR.SP00.A,D,GBP,EUR,SP00,A,2025-05-02,0.8533,A,F,,,P1D,,A,,,,,,,99Q1=100,,,5,,4F0,,Pound sterling/Euro ECB reference exchange rate,"ECB reference exchange rate, Pound sterling/Euro, 2.15 pm (C.E.T.)",GBP,0
EXR.D.GBP.EUR.SP00.A,D,GBP,EUR,SP00,A,2025-05-05,0.8515,A,F,,,P1D,,A,,,,,,,99Q1=100,,,5,,4F0,,Pound sterling/Euro ECB reference exchange rate,"ECB reference exchange rate, Pound sterling/Euro, 2.15 pm (C.E.T.)",GBP,0
EXR.D.GBP.EUR.SP00.A,D,GBP,EUR,SP00,A,2025-05-06,0.8469,A,F,,,P1D,,A,,,,,,,99Q1=100,,,5,,4F0,,Pound sterling/Euro ECB reference exchange rate,"ECB reference exchange rate, Pound sterling/Euro, 2.15 pm (C.E.T.)",GBP,0
EXR.D.GBP.EUR.SP00.A,D,GBP,EUR,SP00,A,2025-05-07,0.8511,A,F,,,P1D,,A,,,,,,,99Q1=100,,,5,,4F0,,Pound sterling/Euro ECB reference exchange rate,"ECB reference exchange rate, Pound sterling/Euro, 2.15 pm (C.E.T.)",GBP,0
EXR.D.GBP.EUR.SP00.A,D,GBP,EUR,SP00,A,2025-05-08,0.8476,A,F,,,P1D,,A,,,,,,,99Q1=100,,,5,,4F0,,Pound sterling/Euro ECB reference exchange rate,"ECB reference exchange rate, Pound sterling/Euro, 2.15 pm (C.E.T.)",GBP,0
EXR.D.GBP.EUR.SP00.A,D,GBP,EUR,SP00,A,2025-05-09,0.8477,A,F,,,P1D,,A,,,,,,,99Q1=100,,,5,,4F0,,Pound sterling/Euro ECB reference exchange rate,"ECB reference exchange rate, Pound sterling/Euro, 2.15 pm (C.E.T.)",GBP,0
EXR.D.GBP.EUR.SP00.A,D,GBP,EUR,SP00,A,2025-05-12,0.8429,A,F,,,P1D,,A,,,,,,,99Q1=100,,,5,,4F0,,Pound sterling/Euro ECB reference exchange rate,"ECB reference exchange rate, Pound sterling/Euro, 2.15 pm (C.E.T.)",GBP,0
EXR.D.GBP.EUR.SP00.A,D,GBP,EUR,SP00,A,2025-05-13,0.8406,A,F,,,P1D,,A,,,,,,,99Q1=100,,,5,,4F0,,Pound sterling/Euro ECB reference exchange rate,"ECB reference exchange rate, Pound sterling/Euro, 2.15 pm (C.E.T.)",GBP,0
EXR.D.GBP.EUR.SP00.A,D,GBP,EUR,SP00,A,2025-05-14,0.8415,A,F,,,P1D,,A,,,,,,,99Q1=100,,,5,,4F0,,Pound sterling/Euro ECB reference exchange rate,"ECB reference exchange rate, Pound sterling/Euro, 2.15 pm (C.E.T.)",GBP,0
EXR.D.GBP.EUR.SP00.A,D,GBP,EUR,SP00,A,2025-05-15,0.8424,A,F,,,P1D,,A,,,,,,,99Q1=100,,,5,,4F0,,Pound sterling/Euro ECB reference exchange rate,"ECB reference exchange rate, Pound sterling/Euro, 2.15 pm (C.E.T.)",GBP,0
EXR.D.GBP.EUR.SP00.A,D,GBP,EUR,SP00,A,2025-05-16,0.8427,A,F,,,P1D,,A,,,,,,,99Q1=100,,,5,,4F0,,Pound sterling/Euro ECB reference exchange rate,"ECB reference exchange rate, Pound sterling/Euro, 2.15 pm (C.E.T.)",GBP,0
EXR.D.GBP.EUR.SP00.A,D,GBP,EUR,SP00,A,2025-05-19,0.8419,A,F,,,P1D,,A,,,,,,,99Q1=100,,,5,,4F0,,Pound sterling/Euro ECB reference exchange rate,"ECB reference exchange rate, Pound sterling/Euro, 2.15 pm (C.E.T.)",GBP,0
EXR.D.GBP.EUR.SP00.A,D,GBP,EUR,SP00,A,2025-05-20,0.8418,A,F,,,P1D,,A,,,,,,,99Q1=100,,,5,,4F0,,Pound sterling/Euro ECB reference exchange rate,"ECB reference exchange rate, Pound sterling/Euro, 2.15 pm (C.E.T.)",GBP,0
EXR.D.GBP.EUR.SP00.A,D,GBP,EUR,SP00,A,2025-05-21,0.8446,A,F,,,P1D,,A,,,,,,,99Q1=100,,,5,,4F0,,Pound sterling/Euro ECB reference exchange rate,"ECB reference exchange rate, Pound sterling/Euro, 2.15 pm (C.E.T.)",GBP,0
EXR.D.GBP.EUR.SP00.A,D,GBP,EUR,SP00,A,2025-05-22,0.8427,A,F,,,P1D,,A,,,,,,,99Q1=100,,,5,,4F0,,Pound sterling/Euro ECB reference exchange rate,"ECB reference exchange rate, Pound sterling/Euro, 2.15 pm (C.E.T.)",GBP,0
EXR.D.GBP.EUR.SP00.A,D,GBP,EUR,SP00,A,2025-05-23,0.8382,A,F,,,P1D,,A,,,,,,,99Q1=100,,,5,,4F0,,Pound sterling/Euro ECB reference exchange rate,"ECB reference exchange rate, Pound sterling/Euro, 2.15 pm (C.E.T.)",GBP,0
EXR.D.GBP.EUR.SP00.A,D,GBP,EUR,SP00,A,2025-05-26,0.8392,A,F,,,P1D,,A,,,,,,,99Q1=100,,,5,,4F0,,Pound sterling/Euro ECB reference exchange rate,"ECB reference exchange rate, Pound sterling/Euro, 2.15 pm (C.E.T.)",GBP,0
EXR.D.GBP.EUR.SP00.A,D,GBP,EUR,SP00,A,2025-05-27,0.8381,A,F,,,P1D,,A,,,,,,,99Q1=100,,,5,,4F0,,Pound sterling/Euro ECB reference exchange rate,"ECB reference exchange rate, Pound sterling/Euro, 2.15 pm (C.E.T.)",GBP,0
EXR.D.GBP.EUR.SP00.A,D,GBP,EUR,SP00,A,2025-05-28,0.8398,A,F,,,P1D,,A,,,,,,,99Q1=100,,,5,,4F0,,Pound sterling/Euro ECB reference exchange rate,"ECB reference exchange rate, Pound sterling/Euro, 2.15 pm (C.E.T.)",GBP,0
EXR.D.GBP.EUR.SP00.A,D,GBP,EUR,SP00,A,2025-05-29,0.8377,A,F,,,P1D,,A,,,,,,,99Q1=100,,,5,,4F0,,Pound sterling/Euro ECB reference exchange rate,"ECB reference exchange rate, Pound sterling/Euro, 2.15 pm (C.E.T.)",GBP,0
EXR.D.GBP.EUR.SP00.A,D,GBP,EUR,SP00,A,2025-05-30,0.8412,A,F,,,P1D,,A,,,,,,,99Q1=100,,,5,,4F0,,Pound sterling/Euro ECB reference exchange rate,"ECB reference exchange rate, Pound sterling/Euro, 2.15 pm (C.E.T.)",GBP,0
EXR.D.GBP.EUR.SP00.A,D,GBP,EUR,SP00,A,2025-06-02,0.8434,A,F,,,P1D,,A,,,,,,,99Q1=100,,,5,,4F0,,Pound sterling/Euro ECB reference exchange rate,"ECB reference exchange rate, Pound sterling/Euro, 2.15 pm (C.E.T.)",GBP,0
EXR.D.GBP.EUR.SP00.A,D,GBP,EUR,SP00,A,2025-06-03,0.8436,A,F,,,P1D,,A,,,,,,,99Q1=100,,,5,,4F0,,Pound sterling/Euro ECB reference exchange rate,"ECB reference exchange rate, Pound sterling/Euro, 2.15 pm (C.E.T.)",GBP,0
EXR.D.GBP.EUR.SP00.A,D,GBP,EUR,SP00,A,2025-06-04,0.8421,A,F,,,P1D,,A,,,,,,,99Q1=100,,,5,,4F0,,Pound sterling/Euro ECB reference exchange rate,"ECB reference exchange rate, Pound sterling/Euro, 2.15 pm (C.E.T.)",GBP,0
EXR.D.GBP.EUR.SP00.A,D,GBP,EUR,SP00,A,2025-06-05,0.8419,A,F,,,P1D,,A,,,,,,,99Q1=100,,,5,,4F0,,Pound sterling/Euro ECB reference exchange rate,"ECB reference exchange rate, Pound sterling/Euro, 2.15 pm (C.E.T.)",GBP,0
EXR.D.GBP.EUR.SP00.A,D,GBP,EUR,SP00,A,2025-06-06,0.8426,A,F,,,P1D,,A,,,,,,,99Q1=100,,,5,,4F0,,Pound sterling/Euro ECB reference exchange rate,"ECB reference exchange rate, Pound sterling/Euro, 2.15 pm (C.E.T.)",GBP,0
EXR.D.GBP.EUR.SP00.A,D,GBP,EUR,SP00,A,2025-06-09,0.8424,A,F,,,P1D,,A,,,,,,,99Q1=100,,,5,,4F0,,Pound sterling/Euro ECB reference exchange rate,"ECB reference exchange rate, Pound sterling/Euro, 2.15 pm (C.E.T.)",GBP,0
EXR.D.GBP.EUR.SP00.A,D,GBP,EUR,SP00,A,2025-06-10,0.8464,A,F,,,P1D,,A,,,,,,,99Q1=100,,,5,,4F0,,Pound sterling/Euro ECB reference exchange rate,"ECB reference exchange rate, Pound sterling/Euro, 2.15 pm (C.E.T.)",GBP,0
EXR.D.GBP.EUR.SP00.A,D,GBP,EUR,SP00,A,2025-06-11,0.8476,A,F,,,P1D,,A,,,,,,,99Q1=100,,,5,,4F0,,Pound sterling/Euro ECB reference exchange rate,"ECB reference exchange rate, Pound sterling/Euro, 2.15 pm (C.E.T.)",GBP,0
EXR.D.GBP.EUR.SP00.A,D,GBP,EUR,SP00,A,2025-06-12,0.8538,A,F,,,P1D,,A,,,,,,,99Q1=100,,,5,,4F0,,Pound sterling/Euro ECB reference exchange rate,"ECB reference exchange rate, Pound sterling/Euro, 2.15 pm (C.E.T.)",GBP,0
EXR.D.GBP.EUR.SP00.A,D,GBP,EUR,SP00,A,2025-06-13,0.8505,A,F,,,P1D,,A,,,,,,,99Q1=100,,,5,,4F0,,Pound sterling/Euro ECB reference exchange rate,"ECB reference exchange rate, Pound sterling/Euro, 2.15 pm (C.E.T.)",GBP,0
EXR.D.GBP.EUR.SP00.A,D,GBP,EUR,SP00,A,2025-06-16,0.8523,A,F,,,P1D,,A,,,,,,,99Q1=100,,,5,,4F0,,Pound sterling/Euro ECB reference exchange rate,"ECB reference exchange rate, Pound sterling/Euro, 2.15 pm (C.E.T.)",GBP,0
EXR.D.GBP.EUR.SP00.A,D,GBP,EUR,SP00,A,2025-06-17,0.8525,A,F,,,P1D,,A,,,,,,,99Q1=100,,,5,,4F0,,Pound sterling/Euro ECB reference exchange rate,"ECB reference exchange rate, Pound sterling/Euro, 2.15 pm (C.E.T.)",GBP,0
EXR.D.GBP.EUR.SP00.A,D,GBP,EUR,SP00,A,2025-06-18,0.8552,A,F,,,P1D,,A,,,,,,,99Q1=100,,,5,,4F0,,Pound sterling/Euro ECB reference exchange rate,"ECB reference exchange rate, Pound sterling/Euro, 2.15 pm (C.E.T.)",GBP,0
EXR.D.GBP.EUR.SP00.A,D,GBP,EUR,SP00,A,2025-06-19,0.8541,A,F,,,P1D,,A,,,,,,,99Q1=100,,,5,,4F0,,Pound sterling/Euro ECB reference exchange rate,"ECB reference exchange rate, Pound sterling/Euro, 2.15 pm (C.E.T.)",GBP,0
EXR.D.GBP.EUR.SP00.A,D,GBP,EUR,SP00,A,2025-06-20,0.8537,A,F,,,P1D,,A,,,,,,,99Q1=100,,,5,,4F0,,Pound sterling/Euro ECB reference exchange rate,"ECB reference exchange rate, Pound sterling/Euro, 2.15 pm (C.E.T.)",GBP,0
EXR.D.GBP.EUR.SP00.A,D,GBP,EUR,SP00,A,2025-06-23,0.8567,A,F,,,P1D,,A,,,,,,,99Q1=100,,,5,,4F0,,Pound sterling/Euro ECB reference exchange rate,"ECB reference exchange rate, Pound sterling/Euro, 2.15 pm (C.E.T.)",GBP,0
EXR.D.GBP.EUR.SP00.A,D,GBP,EUR,SP00,A,2025-06-24,0.8527,A,F,,,P1D,,A,,,,,,,99Q1=100,,,5,,4F0,,Pound sterling/Euro ECB reference exchange rate,"ECB reference exchange rate, Pound sterling/Euro, 2.15 pm (C.E.T.)",GBP,0
EXR.D.GBP.EUR.SP00.A,D,GBP,EUR,SP00,A,2025-06-25,0.8526,A,F,,,P1D,,A,,,,,,,99Q1=100,,,5,,4F0,,Pound sterling/Euro ECB reference exchange rate,"ECB reference exchange rate, Pound sterling/Euro, 2.15 pm (C.E.T.)",GBP,0
EXR.D.GBP.EUR.SP00.A,D,GBP,EUR,SP00,A,2025-06-26,0.8535,A,F,,,P1D,,A,,,,,,,99Q1=100,,,5,,4F0,,Pound sterling/Euro ECB reference exchange rate,"ECB reference exchange rate, Pound sterling/Euro, 2.15 pm (C.E.T.)",GBP,0
EXR.D.GBP.EUR.SP00.A,D,GBP,EUR,SP00,A,2025-06-27,0.8529,A,F,,,P1D,,A,,,,,,,99Q1=100,,,5,,4F0,,Pound sterling/Euro ECB reference exchange rate,"ECB reference exchange rate, Pound sterling/Euro, 2.15 pm (C.E.T.)",GBP,0
EXR.D.GBP.EUR.SP00.A,D,GBP,EUR,SP00,A,2025-06-30,0.8555,A,F,,,P1D,,A,,,,,,,99Q1=100,,,5,,4F0,,Pound sterling/Euro ECB reference exchange rate,"ECB reference exchange rate, Pound sterling/Euro, 2.15 pm (C.E.T.)",GBP,0
EXR.D.GBP.EUR.SP00.A,D,GBP,EUR,SP00,A,2025-07-01,0.8588,A,F,,,P1D,,A,,,,,,,99Q1=100,,,5,,4F0,,Pound sterling/Euro ECB reference exchange rate,"ECB reference exchange rate, Pound sterling/Euro, 2.15 pm (C.E.T.)",GBP,0
EXR.D.GBP.EUR.SP00.A,D,GBP,EUR,SP00,A,2025-07-02,0.8605,A,F,,,P1D,,A,,,,,,,99Q1=100,,,5,,4F0,,Pound sterling/Euro ECB reference exchange rate,"ECB reference exchange rate, Pound sterling/Euro, 2.15 pm (C.E.T.)",GBP,0
EXR.D.GBP.EUR.SP00.A,D,GBP,EUR,SP00,A,2025-07-03,0.8629,A,F,,,P1D,,A,,,,,,,99Q1=100,,,5,,4F0,,Pound sterling/Euro ECB reference exchange rate,"ECB reference exchange rate, Pound sterling/Euro, 2.15 pm (C.E.T.)",GBP,0
EXR.D.GBP.EUR.SP00.A,D,GBP,EUR,SP00,A,2025-07-04,0.8625,A,F,,,P1D,,A,,,,,,,99Q1=100,,,5,,4F0,,Pound sterling/Euro ECB reference exchange rate,"ECB reference exchange rate, Pound sterling/Euro, 2.15 pm (C.E.T.)",GBP,0
EXR.D.GBP.EUR.SP00.A,D,GBP,EUR,SP00,A,2025-07-07,0.8611,A,F,,,P1D,,A,,,,,,,99Q1=100,,,5,,4F0,,Pound sterling/Euro ECB reference exchange rate,"ECB reference exchange rate, Pound sterling/Euro, 2.15 pm (C.E.T.)",GBP,0
EXR.D.GBP.EUR.SP00.A,D,GBP,EUR,SP00,A,2025-07-08,0.8632,A,F,,,P1D,,A,,,,,,,99Q1=100,,,5,,4F0,,Pound sterling/Euro ECB reference exchange rate,"ECB reference exchange rate, Pound sterling/Euro, 2.15 pm (C.E.T.)",GBP,0
EXR.D.GBP.EUR.SP00.A,D,GBP,EUR,SP00,A,2025-07-09,0.8613,A,F,,,P1D,,A,,,,,,,99Q1=100,,,5,,4F0,,Pound sterling/Euro ECB reference exchange rate,"ECB reference exchange rate, Pound sterling/Euro, 2.15 pm (C.E.T.)",GBP,0
EXR.D.GBP.EUR.SP00.A,D,GBP,EUR,SP00,A,2025-07-10,0.8627,A,F,,,P1D,,A,,,,,,,99Q1=100,,,5,,4F0,,Pound sterling/Euro ECB reference exchange rate,"ECB reference exchange rate, Pound sterling/Euro, 2.15 pm (C.E.T.)",GBP,0
EXR.D.GBP.EUR.SP00.A,D,GBP,EUR,SP00,A,2025-07-11,0.8657,A,F,,,P1D,,A,,,,,,,99Q1=100,,,5,,4F0,,Pound sterling/Euro ECB reference exchange rate,"ECB reference exchange rate, Pound sterling/Euro, 2.15 pm (C.E.T.)",GBP,0
EXR.D.GBP.EUR.SP00.A,D,GBP,EUR,SP00,A,2025-07-14,0.8667,A,F,,,P1D,,A,,,,,,,99Q1=100,,,5,,4F0,,Pound sterling/Euro ECB reference exchange rate,"ECB reference exchange rate, Pound sterling/Euro, 2.15 pm (C.E.T.)",GBP,0
EXR.D.GBP.EUR.SP00.A,D,GBP,EUR,SP00,A,2025-07-15,0.8679,A,F,,,P1D,,A,,,,,,,99Q1=100,,,5,,4F0,,Pound sterling/Euro ECB reference exchange rate,"ECB reference exchange rate, Pound sterling/Euro, 2.15 pm (C.E.T.)",GBP,0
EXR.D.GBP.EUR.SP00.A,D,GBP,EUR,SP00,A,2025-07-16,0.8659,A,F,,,P1D,,A,,,,,,,99Q1=100,,,5,,4F0,,Pound sterling/Euro ECB reference exchange rate,"ECB reference exchange rate, Pound sterling/Euro, 2.15 pm (C.E.T.)",GBP,0
EXR.D.GBP.EUR.SP00.A,D,GBP,EUR,SP00,A,2025-07-17,0.8644,A,F,,,P1D,,A,,,,,,,99Q1=100,,,5,,4F0,,Pound sterling/Euro ECB reference exchange rate,"ECB reference exchange rate, Pound sterling/Euro, 2.15 pm (C.E.T.)",GBP,0
EXR.D.GBP.EUR.SP00.A,D,GBP,EUR,SP00,A,2025-07-18,0.8656,A,F,,,P1D,,A,,,,,,,99Q1=100,,,5,,4F0,,Pound sterling/Euro ECB reference exchange rate,"ECB reference exchange rate, Pound sterling/Euro, 2.15 pm (C.E.T.)",GBP,0
EXR.D.GBP.EUR.SP00.A,D,GBP,EUR,SP00,A,2025-07-21,0.8656,A,F,,,P1D,,A,,,,,,,99Q1=100,,,5,,4F0,,Pound sterling/Euro ECB reference exchange rate,"ECB reference exchange rate, Pound sterling/Euro, 2.15 pm (C.E.T.)",GBP,0
EXR.D.GBP.EUR.SP00.A,D,GBP,EUR,SP00,A,2025-07-22,0.8675,A,F,,,P1D,,A,,,,,,,99Q1=100,,,5,,4F0,,Pound sterling/Euro ECB reference exchange rate,"ECB reference exchange rate, Pound sterling/Euro, 2.15 pm (C.E.T.)",GBP,0
EXR.D.GBP.EUR.SP00.A,D,GBP,EUR,SP00,A,2025-07-23,0.8665,A,F,,,P1D,,A,,,,,,,99Q1=100,,,5,,4F0,,Pound sterling/Euro ECB reference exchange rate,"ECB reference exchange rate, Pound sterling/Euro, 2.15 pm (C.E.T.)",GBP,0
EXR.D.GBP.EUR.SP00.A,D,GBP,EUR,SP00,A,2025-07-24,0.8675,A,F,,,P1D,,A,,,,,,,99Q1=100,,,5,,4F0,,Pound sterling/Euro ECB reference exchange rate,"ECB reference exchange rate, Pound sterling/Euro, 2.15 pm (C.E.T.)",GBP,0
EXR.D.GBP.EUR.SP00.A,D,GBP,EUR,SP00,A,2025-07-25,0.8715,A,F,,,P1D,,A,,,,,,,99Q1=100,,,5,,4F0,,Pound sterling/Euro ECB reference exchange rate,"ECB reference exchange rate, Pound sterling/Euro, 2.15 pm (C.E.T.)",GBP,0
EXR.D.GBP.EUR.SP00.A,D,GBP,EUR,SP00,A,2025-07-28,0.8679,A,F,,,P1D,,A,,,,,,,99Q1=100,,,5,,4F0,,Pound sterling/Euro ECB reference exchange rate,"ECB reference exchange rate, Pound sterling/Euro, 2.15 pm (C.E.T.)",GBP,0
EXR.D.GBP.EUR.SP00.A,D,GBP,EUR,SP00,A,2025-07-29,0.865,A,F,,,P1D,,A,,,,,,,99Q1=100,,,5,,4F0,,Pound sterling/Euro ECB reference exchange rate,"ECB reference exchange rate, Pound sterling/Euro, 2.15 pm (C.E.T.)",GBP,0
EXR.D.GBP.EUR.SP00.A,D,GBP,EUR,SP00,A,2025-07-30,0.8622,A,F,,,P1D,,A,,,,,,,99Q1=100,,,5,,4F0,,Pound sterling/Euro ECB reference exchange rate,"ECB reference exchange rate, Pound sterling/Euro, 2.15 pm (C.E.T.)",GBP,0
EXR.D.GBP.EUR.SP00.A,D,GBP,EUR,SP00,A,2025-07-31,0.8649,A,F,,,P1D,,A,,,,,,,99Q1=100,,,5,,4F0,,Pound sterling/Euro ECB reference exchange rate,"ECB reference exchange rate, Pound sterling/Euro, 2.15 pm (C.E.T.)",GBP,0
EXR.D.GBP.EUR.SP00.A,D,GBP,EUR,SP00,A,2025-08-01,0.8665,A,F,,,P1D,,A,,,,,,,99Q1=100,,,5,,4F0,,Pound sterling/Euro ECB reference exchange rate,"ECB reference exchange rate, Pound sterling/Euro, 2.15 pm (C.E.T.)",GBP,0
EXR.D.GBP.EUR.SP00.A,D,GBP,EUR,SP00,A,2025-08-04,0.8704,A,F,,,P1D,,A,,,,,,,99Q1=100,,,5,,4F0,,Pound sterling/Euro ECB reference exchange rate,"ECB reference exchange rate, Pound sterling/Euro, 2.15 pm (C.E.T.)",GBP,0
EXR.D.GBP.EUR.SP00.A,D,GBP,EUR,SP00,A,2025-08-05,0.8693,A,F,,,P1D,,A,,,,,,,99Q1=100,,,5,,4F0,,Pound sterling/Euro ECB reference exchange rate,"ECB reference exchange rate, Pound sterling/Euro, 2.15 pm (C.E.T.)",GBP,0
EXR.D.GBP.EUR.SP00.A,D,GBP,EUR,SP00,A,2025-08-06,0.8717,A,F,,,P1D,,A,,,,,,,99Q1=100,,,5,,4F0,,Pound sterling/Euro ECB reference exchange rate,"ECB reference exchange rate, Pound sterling/Euro, 2.15 pm (C.E.T.)",GBP,0
EXR.D.GBP.EUR.SP00.A,D,GBP,EUR,SP00,A,2025-08-07,0.8673,A,F,,,P1D,,A,,,,,,,99Q1=100,,,5,,4F0,,Pound sterling/Euro ECB reference exchange rate,"ECB reference exchange rate, Pound sterling/Euro, 2.15 pm (C.E.T.)",GBP,0
EXR.D.GBP.EUR.SP00.A,D,GBP,EUR,SP00,A,2025-08-08,0.8671,A,F,,,P1D,,A,,,,,,,99Q1=100,,,5,,4F0,,Pound sterling/Euro ECB reference exchange rate,"ECB reference exchange rate, Pound sterling/Euro, 2.15 pm (C.E.T.)",GBP,0
EXR.D.GBP.EUR.SP00.A,D,GBP,EUR,SP00,A,2025-08-11,0.8656,A,F,,,P1D,,A,,,,,,,99Q1=100,,,5,,4F0,,Pound sterling/Euro ECB reference exchange rate,"ECB reference exchange rate, Pound sterling/Euro, 2.15 pm (C.E.T.)",GBP,0
EXR.D.GBP.EUR.SP00.A,D,GBP,EUR,SP00,A,2025-08-12,0.8621,A,F,,,P1D,,A,,,,,,,99Q1=100,,,5,,4F0,,Pound sterling/Euro ECB reference exchange rate,"ECB reference exchange rate, Pound sterling/Euro, 2.15 pm (C.E.T.)",GBP,0
EXR.D.GBP.EUR.SP00.A,D,GBP,EUR,SP00,A,2025-08-13,0.8631,A,F,,,P1D,,A,,,,,,,99Q1=100,,,5,,4F0,,Pound sterling/Euro ECB reference exchange rate,"ECB reference exchange rate, Pound sterling/Euro, 2.15 pm (C.E.T.)",GBP,0
EXR.D.GBP.EUR.SP00.A,D,GBP,EUR,SP00,A,2025-08-14,0.861,A,F,,,P1D,,A,,,,,,,99Q1=100,,,5,,4F0,,Pound sterling/Euro ECB reference exchange rate,"ECB reference exchange rate, Pound sterling/Euro, 2.15 pm (C.E.T.)",GBP,0
EXR.D.GBP.EUR.SP00.A,D,GBP,EUR,SP00,A,2025-08-15,0.8622,A,F,,,P1D,,A,,,,,,,99Q1=100,,,5,,4F0,,Pound sterling/Euro ECB reference exchange rate,"ECB reference exchange rate, Pound sterling/Euro, 2.15 pm (C.E.T.)",GBP,0
EXR.D.GBP.EUR.SP00.A,D,GBP,EUR,SP00,A,2025-08-18,0.8621,A,F,,,P1D,,A,,,,,,,99Q1=100,,,5,,4F0,,Pound sterling/Euro ECB reference exchange rate,"ECB reference exchange rate, Pound sterling/Euro, 2.15 pm (C.E.T.)",GBP,0
EXR.D.GBP.EUR.SP00.A,D,GBP,EUR,SP00,A,2025-08-19,0.864,A,F,,,P1D,,A,,,,,,,99Q1=100,,,5,,4F0,,Pound sterling/Euro ECB reference exchange rate,"ECB reference exchange rate, Pound sterling/Euro, 2.15 pm (C.E.T.)",GBP,0
EXR.D.GBP.EUR.SP00.A,D,GBP,EUR,SP00,A,2025-08-20,0.8645,A,F,,,P1D,,A,,,,,,,99Q1=100,,,5,,4F0,,Pound sterling/Euro ECB reference exchange rate,"ECB reference exchange rate, Pound sterling/Euro, 2.15 pm (C.E.T.)",GBP,0
EXR.D.GBP.EUR.SP00.A,D,GBP,EUR,SP00,A,2025-08-21,0.8654,A,F,,,P1D,,A,,,,,,,99Q1=100,,,5,,4F0,,Pound sterling/Euro ECB reference exchange rate,"ECB reference exchange rate, Pound sterling/Euro, 2.15 pm (C.E.T.)",GBP,0
EXR.D.GBP.EUR.SP00.A,D,GBP,EUR,SP00,A,2025-08-22,0.8653,A,F,,,P1D,,A,,,,,,,99Q1=100,,,5,,4F0,,Pound sterling/Euro ECB reference exchange rate,"ECB reference exchange rate, Pound sterling/Euro, 2.15 pm (C.E.T.)",GBP,0
EXR.D.GBP.EUR.SP00.A,D,GBP,EUR,SP00,A,2025-08-25,0.8659,A,F,,,P1D,,A,,,,,,,99Q1=100,,,5,,4F0,,Pound sterling/Euro ECB reference exchange rate,"ECB reference exchange rate, Pound sterling/Euro, 2.15 pm (C.E.T.)",GBP,0
EXR.D.GBP.EUR.SP00.A,D,GBP,EUR,SP00,A,2025-08-26,0.8642,A,F,,,P1D,,A,,,,,,,99Q1=100,,,5,,4F0,,Pound sterling/Euro ECB reference exchange rate,"ECB reference exchange rate, Pound sterling/Euro, 2.15 pm (C.E.T.)",GBP,0
EXR.D.GBP.EUR.SP00.A,D,GBP,EUR,SP00,A,2025-08-27,0.8626,A,F,,,P1D,,A,,,,,,,99Q1=100,,,5,,4F0,,Pound sterling/Euro ECB reference exchange rate,"ECB reference exchange rate, Pound sterling/Euro, 2.15 pm (C.E.T.)",GBP,0
EXR.D.GBP.EUR.SP00.A,D,GBP,EUR,SP00,A,2025-08-28,0.8637,A,F,,,P1D,,A,,,,,,,99Q1=100,,,5,,4F0,,Pound sterling/Euro ECB reference exchange rate,"ECB reference exchange rate, Pound sterling/Euro, 2.15 pm (C.E.T.)",GBP,0
EXR.D.GBP.EUR.SP00.A,D,GBP,EUR,SP00,A,2025-08-29,0.8668,A,F,,,P1D,,A,,,,,,,99Q1=100,,,5,,4F0,,Pound sterling/Euro ECB reference exchange rate,"ECB reference exchange rate, Pound sterling/Euro, 2.15 pm (C.E.T.)",GBP,0
EXR.D.GBP.EUR.SP00.A,D,GBP,EUR,SP00,A,2025-09-01,0.8662,A,F,,,P1D,,A,,,,,,,99Q1=100,,,5,,4F0,,Pound sterling/Euro ECB reference exchange rate,"ECB reference exchange rate, Pound sterling/Euro, 2.15 pm (C.E.T.)",GBP,0
EXR.D.GBP.EUR.SP00.A,D,GBP,EUR,SP00,A,2025-09-02,0.8702,A,F,,,P1D,,A,,,,,,,99Q1=100,,,5,,4F0,,Pound sterling/Euro ECB reference exchange rate,"ECB reference exchange rate, Pound sterling/Euro, 2.15 pm (C.E.T.)",GBP,0
EXR.D.GBP.EUR.SP00.A,D,GBP,EUR,SP00,A,2025-09-03,0.8687,A,F,,,P1D,,A,,,,,,,99Q1=100,,,5,,4F0,,Pound sterling/Euro ECB reference exchange rate,"ECB reference exchange rate, Pound sterling/Euro, 2.15 pm (C.E.T.)",GBP,0
EXR.D.GBP.EUR.SP00.A,D,GBP,EUR,SP00,A,2025-09-04,0.8663,A,F,,,P1D,,A,,,,,,,99Q1=100,,,5,,4F0,,Pound sterling/Euro ECB reference exchange rate,"ECB reference exchange rate, Pound sterling/Euro, 2.15 pm (C.E.T.)",GBP,0
EXR.D.GBP.EUR.SP00.A,D,GBP,EUR,SP00,A,2025-09-05,0.8678,A,F,,,P1D,,A,,,,,,,99Q1=100,,,5,,4F0,,Pound sterling/Euro ECB reference exchange rate,"ECB reference exchange rate, Pound sterling/Euro, 2.15 pm (C.E.T.)",GBP,0
EXR.D.GBP.EUR.SP00.A,D,GBP,EUR,SP00,A,2025-09-08,0.8669,A,F,,,P1D,,A,,,,,,,99Q1=100,,,5,,4F0,,Pound sterling/Euro ECB reference exchange rate,"ECB reference exchange rate, Pound sterling/Euro, 2.15 pm (C.E.T.)",GBP,0
EXR.D.GBP.EUR.SP00.A,D,GBP,EUR,SP00,A,2025-09-09,0.8663,A,F,,,P1D,,A,,,,,,,99Q1=100,,,5,,4F0,,Pound sterling/Euro ECB reference exchange rate,"ECB reference exchange rate, Pound sterling/Euro, 2.15 pm (C.E.T.)",GBP,0
EXR.D.GBP.EUR.SP00.A,D,GBP,EUR,SP00,A,2025-09-10,0.865,A,F,,,P1D,,A,,,,,,,99Q1=100,,,5,,4F0,,Pound sterling/Euro ECB reference exchange rate,"ECB reference exchange rate, Pound sterling/Euro, 2.15 pm (C.E.T.)",GBP,0
EXR.D.GBP.EUR.SP00.A,D,GBP,EUR,SP00,A,2025-09-11,0.8647,A,F,,,P1D,,A,,,,,,,99Q1=100,,,5,,4F0,,Pound sterling/Euro ECB reference exchange rate,"ECB reference exchange rate, Pound sterling/Euro, 2.15 pm (C.E.T.)",GBP,0
EXR.D.GBP.EUR.SP00.A,D,GBP,EUR,SP00,A,2025-09-12,0.8653,A,F,,,P1D,,A,,,,,,,99Q1=100,,,5,,4F0,,Pound sterling/Euro ECB reference exchange rate,"ECB reference exchange rate, Pound sterling/Euro, 2.15 pm (C.E.T.)",GBP,0
EXR.D.GBP.EUR.SP00.A,D,GBP,EUR,SP00,A,2025-09-15,0.8641,A,F,,,P1D,,A,,,,,,,99Q1=100,,,5,,4F0,,Pound sterling/Euro ECB reference exchange rate,"ECB reference exchange rate, Pound sterling/Euro, 2.15 pm (C.E.T.)",GBP,0
EXR.D.GBP.EUR.SP00.A,D,GBP,EUR,SP00,A,2025-09-16,0.8656,A,F,,,P1D,,A,,,,,,,99Q1=100,,,5,,4F0,,Pound sterling/Euro ECB reference exchange rate,"ECB reference exchange rate, Pound sterling/Euro, 2.15 pm (C.E.T.)",GBP,0
EXR.D.GBP.EUR.SP00.A,D,GBP,EUR,SP00,A,2025-09-17,0.8675,A,F,,,P1D,,A,,,,,,,99Q1=100,,,5,,4F0,,Pound sterling/Euro ECB reference exchange rate,"ECB reference exchange rate, Pound sterling/Euro, 2.15 pm (C.E.T.)",GBP,0
EXR.D.GBP.EUR.SP00.A,D,GBP,EUR,SP00,A,2025-09-18,0.868,A,F,,,P1D,,A,,,,,,,99Q1=100,,,5,,4F0,,Pound sterling/Euro ECB reference exchange rate,"ECB reference exchange rate, Pound sterling/Euro, 2.15 pm (C.E.T.)",GBP,0
EXR.D.GBP.EUR.SP00.A,D,GBP,EUR,SP00,A,2025-09-19,0.8708,A,F,,,P1D,,A,,,,,,,99Q1=100,,,5,,4F0,,Pound sterling/Euro ECB reference exchange rate,"ECB reference exchange rate, Pound sterling/Euro, 2.15 pm (C.E.T.)",GBP,0
EXR.D.GBP.EUR.SP00.A,D,GBP,EUR,SP00,A,2025-09-22,0.8729,A,F,,,P1D,,A,,,,,,,99Q1=100,,,5,,4F0,,Pound sterling/Euro ECB reference exchange rate,"ECB reference exchange rate, Pound sterling/Euro, 2.15 pm (C.E.T.)",GBP,0
EXR.D.GBP.EUR.SP00.A,D,GBP,EUR,SP00,A,2025-09-23,0.8729,A,F,,,P1D,,A,,,,,,,99Q1=100,,,5,,4F0,,Pound sterling/Euro ECB reference exchange rate,"ECB reference exchange rate, Pound sterling/Euro, 2.15 pm (C.E.T.)",GBP,0
EXR.D.GBP.EUR.SP00.A,D,GBP,EUR,SP00,A,2025-09-24,0.8731,A,F,,,P1D,,A,,,,,,,99Q1=100,,,5,,4F0,,Pound sterling/Euro ECB reference exchange rate,"ECB reference exchange rate, Pound sterling/Euro, 2.15 pm (C.E.T.)",GBP,0
EXR.D.GBP.EUR.SP00.A,D,GBP,EUR,SP00,A,2025-09-25,0.8748,A,F,,,P1D,,A,,,,,,,99Q1=100,,,5,,4F0,,Pound sterling/Euro ECB reference exchange rate,"ECB reference exchange rate, Pound sterling/Euro, 2.15 pm (C.E.T.)",GBP,0
EXR.D.GBP.EUR.SP00.A,D,GBP,EUR,SP00,A,2025-09-26,0.874,A,F,,,P1D,,A,,,,,,,99Q1=100,,,5,,4F0,,Pound sterling/Euro ECB reference exchange rate,"ECB reference exchange rate, Pound sterling/Euro, 2.15 pm (C.E.T.)",GBP,0
EXR.D.GBP.EUR.SP00.A,D,GBP,EUR,SP00,A,2025-09-29,0.8723,A,F,,,P1D,,A,,,,,,,99Q1=100,,,5,,4F0,,Pound sterling/Euro ECB reference exchange rate,"ECB reference exchange rate, Pound sterling/Euro, 2.15 pm (C.E.T.)",GBP,0
EXR.D.GBP.EUR.SP00.A,D,GBP,EUR,SP00,A,2025-09-30,0.8734,A,F,,,P1D,,A,,,,,,,99Q1=100,,,5,,4F0,,Pound sterling/Euro ECB reference exchange rate,"ECB reference exchange rate, Pound sterling/Euro, 2.15 pm (C.E.T.)",GBP,0
EXR.D.GBP.EUR.SP00.A,D,GBP,EUR,SP00,A,2025-10-01,0.8704,A,F,,,P1D,,A,,,,,,,99Q1=100,,,5,,4F0,,Pound sterling/Euro ECB reference exchange rate,"ECB reference exchange rate, Pound sterling/Euro, 2.15 pm (C.E.T.)",GBP,0
EXR.D.GBP.EUR.SP00.A,D,GBP,EUR,SP00,A,2025-10-02,0.8721,A,F,,,P1D,,A,,,,,,,99Q1=100,,,5,,4F0,,Pound sterling/Euro ECB reference exchange rate,"ECB reference exchange rate, Pound sterling/Euro, 2.15 pm (C.E.T.)",GBP,0
EXR.D.GBP.EUR.SP00.A,D,GBP,EUR,SP00,A,2025-10-03,0.8726,A,F,,,P1D,,A,,,,,,,99Q1=100,,,5,,4F0,,Pound sterling/Euro ECB reference exchange rate,"ECB reference exchange rate, Pound sterling/Euro, 2.15 pm (C.E.T.)",GBP,0
EXR.D.GBP.EUR.SP00.A,D,GBP,EUR,SP00,A,2025-10-06,0.8695,A,F,,,P1D,,A,,,,,,,99Q1=100,,,5,,4F0,,Pound sterling/Euro ECB reference exchange rate,"ECB reference exchange rate, Pound sterling/Euro, 2.15 pm (C.E.T.)",GBP,0
EXR.D.GBP.EUR.SP00.A,D,GBP,EUR,SP00,A,2025-10-07,0.8703,A,F,,,P1D,,A,,,,,,,99Q1=100,,,5,,4F0,,Pound sterling/Euro ECB reference exchange rate,"ECB reference exchange rate, Pound sterling/Euro, 2.15 pm (C.E.T.)",GBP,0
EXR.D.GBP.EUR.SP00.A,D,GBP,EUR,SP00,A,2025-10-08,0.8671,A,F,,,P1D,,A,,,,,,,99Q1=100,,,5,,4F0,,Pound sterling/Euro ECB reference exchange rate,"ECB reference exchange rate, Pound sterling/Euro, 2.15 pm (C.E.T.)",GBP,0
EXR.D.GBP.EUR.SP00.A,D,GBP,EUR,SP00,A,2025-10-09,0.8683,A,F,,,P1D,,A,,,,,,,99Q1=100,,,5,,4F0,,Pound sterling/Euro ECB reference exchange rate,"ECB reference exchange rate, Pound sterling/Euro, 2.15 pm (C.E.T.)",GBP,0
EXR.D.GBP.EUR.SP00.A,D,GBP,EUR,SP00,A,2025-10-10,0.8709,A,F,,,P1D,,A,,,,,,,99Q1=100,,,5,,4F0,,Pound sterling/Euro ECB reference exchange rate,"ECB reference exchange rate, Pound sterling/Euro, 2.15 pm (C.E.T.)",GBP,0
EXR.D.GBP.EUR.SP00.A,D,GBP,EUR,SP00,A,2025-10-13,0.8677,A,F,,,P1D,,A,,,,,,,99Q1=100,,,5,,4F0,,Pound sterling/Euro ECB reference exchange rate,"ECB reference exchange rate, Pound sterling/Euro, 2.15 pm (C.E.T.)",GBP,0
EXR.D.GBP.EUR.SP00.A,D,GBP,EUR,SP00,A,2025-10-14,0.8712,A,F,,,P1D,,A,,,,,,,99Q1=100,,,5,,4F0,,Pound sterling/Euro ECB reference exchange rate,"ECB reference exchange rate, Pound sterling/Euro, 2.15 pm (C.E.T.)",GBP,0
EXR.D.GBP.EUR.SP00.A,D,GBP,EUR,SP00,A,2025-10-15,0.8705,A,F,,,P1D,,A,,,,,,,99Q1=100,,,5,,4F0,,Pound sterling/Euro ECB reference exchange rate,"ECB reference exchange rate, Pound sterling/Euro, 2.15 pm (C.E.T.)",GBP,0
EXR.D.GBP.EUR.SP00.A,D,GBP,EUR,SP00,A,2025-10-16,0.8676,A,F,,,P1D,,A,,,,,,,99Q1=100,,,5,,4F0,,Pound sterling/Euro ECB reference exchange rate,"ECB reference exchange rate, Pound sterling/Euro, 2.15 pm (C.E.T.)",GBP,0
EXR.D.GBP.EUR.SP00.A,D,GBP,EUR,SP00,A,2025-10-17,0.8695,A,F,,,P1D,,A,,,,,,,99Q1=100,,,5,,4F0,,Pound sterling/Euro ECB reference exchange rate,"ECB reference exchange rate, Pound sterling/Euro, 2.15 pm (C.E.T.)",GBP,0
EXR.D.GBP.EUR.SP00.A,D,GBP,EUR,SP00,A,2025-10-20,0.8691,A,F,,,P1D,,A,,,,,,,99Q1=100,,,5,,4F0,,Pound sterling/Euro ECB reference exchange rate,"ECB reference exchange rate, Pound sterling/Euro, 2.15 pm (C.E.T.)",GBP,0
EXR.D.GBP.EUR.SP00.A,D,GBP,EUR,SP00,A,2025-10-21,0.8678,A,F,,,P1D,,A,,,,,,,99Q1=100,,,5,,4F0,,Pound sterling/Euro ECB reference exchange rate,"ECB reference exchange rate, Pound sterling/Euro, 2.15 pm (C.E.T.)",GBP,0
EXR.D.GBP.EUR.SP00.A,D,GBP,EUR,SP00,A,2025-10-22,0.8689,A,F,,,P1D,,A,,,,,,,99Q1=100,,,5,,4F0,,Pound sterling/Euro ECB reference exchange rate,"ECB reference exchange rate, Pound sterling/Euro, 2.15 pm (C.E.T.)",GBP,0
EXR.D.GBP.EUR.SP00.A,D,GBP,EUR,SP00,A,2025-10-23,0.8691,A,F,,,P1D,,A,,,,,,,99Q1=100,,,5,,4F0,,Pound sterling/Euro ECB reference exchange rate,"ECB reference exchange rate, Pound sterling/Euro, 2.15 pm (C.E.T.)",GBP,0
EXR.D.GBP.EUR.SP00.A,D,GBP,EUR,SP00,A,2025-10-24,0.8726,A,F,,,P1D,,A,,,,,,,99Q1=100,,,5,,4F0,,Pound sterling/Euro ECB reference exchange rate,"ECB reference exchange rate, Pound sterling/Euro, 2.15 pm (C.E.T.)",GBP,0
EXR.D.GBP.EUR.SP00.A,D,GBP,EUR,SP00,A,2025-10-27,0.8721,A,F,,,P1D,,A,,,,,,,99Q1=100,,,5,,4F0,,Pound sterling/Euro ECB reference exchange rate,"ECB reference exchange rate, Pound sterling/Euro, 2.15 pm (C.E.T.)",GBP,0
EXR.D.GBP.EUR.SP00.A,D,GBP,EUR,SP00,A,2025-10-28,0.876,A,F,,,P1D,,A,,,,,,,99Q1=100,,,5,,4F0,,Pound sterling/Euro ECB reference exchange rate,"ECB reference exchange rate, Pound sterling/Euro, 2.15 pm (C.E.T.)",GBP,0
EXR.D.GBP.EUR.SP00.A,D,GBP,EUR,SP00,A,2025-10-29,0.8807,A,F,,,P1D,,A,,,,,,,99Q1=100,,,5,,4F0,,Pound sterling/Euro ECB reference exchange rate,"ECB reference exchange rate, Pound sterling/Euro, 2.15 pm (C.E.T.)",GBP,0
EXR.D.GBP.EUR.SP00.A,D,GBP,EUR,SP00,A,2025-10-30,0.8801,A,F,,,P1D,,A,,,,,,,99Q1=100,,,5,,4F0,,Pound sterling/Euro ECB reference exchange rate,"ECB reference exchange rate, Pound sterling/Euro, 2.15 pm (C.E.T.)",GBP,0
EXR.D.GBP.EUR.SP00.A,D,GBP,EUR,SP00,A,2025-10-31,0.8816,A,F,,,P1D,,A,,,,,,,99Q1=100,,,5,,4F0,,Pound sterling/Euro ECB reference exchange rate,"ECB reference exchange rate, Pound sterling/Euro, 2.15 pm (C.E.T.)",GBP,0
EXR.D.GBP.EUR.SP00.A,D,GBP,EUR,SP00,A,2025-11-03,0.8765,A,F,,,P1D,,A,,,,,,,99Q1=100,,,5,,4F0,,Pound sterling/Euro ECB reference exchange rate,"ECB reference exchange rate, Pound sterling/Euro, 2.15 pm (C.E.T.)",GBP,0
EXR.D.GBP.EUR.SP00.A,D,GBP,EUR,SP00,A,2025-11-04,0.8795,A,F,,,P1D,,A,,,,,,,99Q1=100,,,5,,4F0,,Pound sterling/Euro ECB reference exchange rate,"ECB reference exchange rate, Pound sterling/Euro, 2.15 pm (C.E.T.)",GBP,0
EXR.D.GBP.EUR.SP00.A,D,GBP,EUR,SP00,A,2025-11-05,0.881,A,F,,,P1D,,A,,,,,,,99Q1=100,,,5,,4F0,,Pound sterling/Euro ECB reference exchange rate,"ECB reference exchange rate, Pound sterling/Euro, 2.15 pm (C.E.T.)",GBP,0
EXR.D.GBP.EUR.SP00.A,D,GBP,EUR,SP00,A,2025-11-06,0.8807,A,F,,,P1D,,A,,,,,,,99Q1=100,,,5,,4F0,,Pound sterling/Euro ECB reference exchange rate,"ECB reference exchange rate, Pound sterling/Euro, 2.15 pm (C.E.T.)",GBP,0
EXR.D.GBP.EUR.SP00.A,D,GBP,EUR,SP00,A,2025-11-07,0.8811,A,F,,,P1D,,A,,,,,,,99Q1=100,,,5,,4F0,,Pound sterling/Euro ECB reference exchange rate,"ECB reference exchange rate, Pound sterling/Euro, 2.15 pm (C.E.T.)",GBP,0
EXR.D.GBP.EUR.SP00.A,D,GBP,EUR,SP00,A,2025-11-10,0.8778,A,F,,,P1D,,A,,,,,,,99Q1=100,,,5,,4F0,,Pound sterling/Euro ECB reference exchange rate,"ECB reference exchange rate, Pound sterling/Euro, 2.15 pm (C.E.T.)",GBP,0
EXR.D.GBP.EUR.SP00.A,D,GBP,EUR,SP00,A,2025-11-11,0.8804,A,F,,,P1D,,A,,,,,,,99Q1=100,,,5,,4F0,,Pound sterling/Euro ECB reference exchange rate,"ECB reference exchange rate, Pound sterling/Euro, 2.15 pm (C.E.T.)",GBP,0
EXR.D.GBP.EUR.SP00.A,D,GBP,EUR,SP00,A,2025-11-12,0.8823,A,F,,,P1D,,A,,,,,,,99Q1=100,,,5,,4F0,,Pound sterling/Euro ECB reference exchange rate,"ECB reference exchange rate, Pound sterling/Euro, 2.15 pm (C.E.T.)",GBP,0
EXR.D.GBP.EUR.SP00.A,D,GBP,EUR,SP00,A,2025-11-13,0.8819,A,F,,,P1D,,A,,,,,,,99Q1=100,,,5,,4F0,,Pound sterling/Euro ECB reference exchange rate,"ECB reference exchange rate, Pound sterling/Euro, 2.15 pm (C.E.T.)",GBP,0
EXR.D.GBP.EUR.SP00.A,D,GBP,EUR,SP00,A,2025-11-14,0.8846,A,F,,,P1D,,A,,,,,,,99Q1=100,,,5,,4F0,,Pound sterling/Euro ECB reference exchange rate,"ECB reference exchange rate, Pound sterling/Euro, 2.15 pm (C.E.T.)",GBP,0
EXR.D.GBP.EUR.SP00.A,D,GBP,EUR,SP00,A,2025-11-17,0.8795,A,F,,,P1D,,A,,,,,,,99Q1=100,,,5,,4F0,,Pound sterling/Euro ECB reference exchange rate,"ECB reference exchange rate, Pound sterling/Euro, 2.15 pm (C.E.T.)",GBP,0
EXR.D.GBP.EUR.SP00.A,D,GBP,EUR,SP00,A,2025-11-18,0.8821,A,F,,,P1D,,A,,,,,,,99Q1=100,,,5,,4F0,,Pound sterling/Euro ECB reference exchange rate,"ECB reference exchange rate, Pound sterling/Euro, 2.15 pm (C.E.T.)",GBP,0
EXR.D.GBP.EUR.SP00.A,D,GBP,EUR,SP00,A,2025-11-19,0.8827,A,F,,,P1D,,A,,,,,,,99Q1=100,,,5,,4F0,,Pound sterling/Euro ECB reference exchange rate,"ECB reference exchange rate, Pound sterling/Euro, 2.15 pm (C.E.T.)",GBP,0
EXR.D.GBP.EUR.SP00.A,D,GBP,EUR,SP00,A,2025-11-20,0.8815,A,F,,,P1D,,A,,,,,,,99Q1=100,,,5,,4F0,,Pound sterling/Euro ECB reference exchange rate,"ECB reference exchange rate, Pound sterling/Euro, 2.15 pm (C.E.T.)",GBP,0
EXR.D.GBP.EUR.SP00.A,D,GBP,EUR,SP00,A,2025-11-21,0.8803,A,F,,,P1D,,A,,,,,,,99Q1=100,,,5,,4F0,,Pound sterling/Euro ECB reference exchange rate,"ECB reference exchange rate, Pound sterling/Euro, 2.15 pm (C.E.T.)",GBP,0
EXR.D.GBP.EUR.SP00.A,D,GBP,EUR,SP00,A,2025-11-24,0.8804,A,F,,,P1D,,A,,,,,,,99Q1=100,,,5,,4F0,,Pound sterling/Euro ECB reference exchange rate,"ECB reference exchange rate, Pound sterling/Euro, 2.15 pm (C.E.T.)",GBP,0
EXR.D.GBP.EUR.SP00.A,D,GBP,EUR,SP00,A,2025-11-25,0.8788,A,F,,,P1D,,A,,,,,,,99Q1=100,,,5,,4F0,,Pound sterling/Euro ECB reference exchange rate,"ECB reference exchange rate, Pound sterling/Euro, 2.15 pm (C.E.T.)",GBP,0
EXR.D.GBP.EUR.SP00.A,D,GBP,EUR,SP00,A,2025-11-26,0.8776,A,F,,,P1D,,A,,,,,,,99Q1=100,,,5,,4F0,,Pound sterling/Euro ECB reference exchange rate,"ECB reference exchange rate, Pound sterling/Euro, 2.15 pm (C.E.T.)",GBP,0
EXR.D.GBP.EUR.SP00.A,D,GBP,EUR,SP00,A,2025-11-27,0.8754,A,F,,,P1D,,A,,,,,,,99Q1=100,,,5,,4F0,,Pound sterling/Euro ECB reference exchange rate,"ECB reference exchange rate, Pound sterling/Euro, 2.15 pm (C.E.T.)",GBP,0
EXR.D.GBP.EUR.SP00.A,D,GBP,EUR,SP00,A,2025-11-28,0.8752,A,F,,,P1D,,A,,,,,,,99Q1=100,,,5,,4F0,,Pound sterling/Euro ECB reference exchange rate,"ECB reference exchange rate, Pound sterling/Euro, 2.15 pm (C.E.T.)",GBP,0
EXR.D.GBP.EUR.SP00.A,D,GBP,EUR,SP00,A,2025-12-01,0.8778,A,F,,,P1D,,A,,,,,,,99Q1=100,,,5,,4F0,,Pound sterling/Euro ECB reference exchange rate,"ECB reference exchange rate, Pound sterling/Euro, 2.15 pm (C.E.T.)",GBP,0
EXR.D.GBP.EUR.SP00.A,D,GBP,EUR,SP00,A,2025-12-02,0.8796,A,F,,,P1D,,A,,,,,,,99Q1=100,,,5,,4F0,,Pound sterling/Euro ECB reference exchange rate,"ECB reference exchange rate, Pound sterling/Euro, 2.15 pm (C.E.T.)",GBP,0
EXR.D.GBP.EUR.SP00.A,D,GBP,EUR,SP00,A,2025-12-03,0.8766,A,F,,,P1D,,A,,,,,,,99Q1=100,,,5,,4F0,,Pound sterling/Euro ECB reference exchange rate,"ECB reference exchange rate, Pound sterling/Euro, 2.15 pm (C.E.T.)",GBP,0
EXR.D.GBP.EUR.SP00.A,D,GBP,EUR,SP00,A,2025-12-04,0.8745,A,F,,,P1D,,A,,,,,,,99Q1=100,,,5,,4F0,,Pound sterling/Euro ECB reference exchange rate,"ECB reference exchange rate, Pound sterling/Euro, 2.15 pm (C.E.T.)",GBP,0
EXR.D.GBP.EUR.SP00.A,D,GBP,EUR,SP00,A,2025-12-05,0.8727,A,F,,,P1D,,A,,,,,,,99Q1=100,,,5,,4F0,,Pound sterling/Euro ECB reference exchange rate,"ECB reference exchange rate, Pound sterling/Euro, 2.15 pm (C.E.T.)",GBP,0
EXR.D.GBP.EUR.SP00.A,D,GBP,EUR,SP00,A,2025-12-08,0.8746,A,F,,,P1D,,A,,,,,,,99Q1=100,,,5,,4F0,,Pound sterling/Euro ECB reference exchange rate,"ECB reference exchange rate, Pound sterling/Euro, 2.15 pm (C.E.T.)",GBP,0
EXR.D.GBP.EUR.SP00.A,D,GBP,EUR,SP00,A,2025-12-09,0.8735,A,F,,,P1D,,A,,,,,,,99Q1=100,,,5,,4F0,,Pound sterling/Euro ECB reference exchange rate,"ECB reference exchange rate, Pound sterling/Euro, 2.15 pm (C.E.T.)",GBP,0
EXR.D.GBP.EUR.SP00.A,D,GBP,EUR,SP00,A,2025-12-10,0.8741,A,F,,,P1D,,A,,,,,,,99Q1=100,,,5,,4F0,,Pound sterling/Euro ECB reference exchange rate,"ECB reference exchange rate, Pound sterling/Euro, 2.15 pm (C.E.T.)",GBP,0
EXR.D.GBP.EUR.SP00.A,D,GBP,EUR,SP00,A,2025-12-11,0.8751,A,F,,,P1D,,A,,,,,,,99Q1=100,,,5,,4F0,,Pound sterling/Euro ECB reference exchange rate,"ECB reference exchange rate, Pound sterling/Euro, 2.15 pm (C.E.T.)",GBP,0
EXR.D.GBP.EUR.SP00.A,D,GBP,EUR,SP00,A,2025-12-12,0.8767,A,F,,,P1D,,A,,,,,,,99Q1=100,,,5,,4F0,,Pound sterling/Euro ECB reference exchange rate,"ECB reference exchange rate, Pound sterling/Euro, 2.15 pm (C.E.T.)",GBP,0
EXR.D.GBP.EUR.SP00.A,D,GBP,EUR,SP00,A,2025-12-15,0.8779,A,F,,,P1D,,A,,,,,,,99Q1=100,,,5,,4F0,,Pound sterling/Euro ECB reference exchange rate,"ECB reference exchange rate, Pound sterling/Euro, 2.15 pm (C.E.T.)",GBP,0
EXR.D.GBP.EUR.SP00.A,D,GBP,EUR,SP00,A,2025-12-16,0.8764,A,F,,,P1D,,A,,,,,,,99Q1=100,,,5,,4F0,,Pound sterling/Euro ECB reference exchange rate,"ECB reference exchange rate, Pound sterling/Euro, 2.15 pm (C.E.T.)",GBP,0
EXR.D.GBP.EUR.SP00.A,D,GBP,EUR,SP00,A,2025-12-17,0.8785,A,F,,,P1D,,A,,,,,,,99Q1=100,,,5,,4F0,,Pound sterling/Euro ECB reference exchange rate,"ECB reference exchange rate, Pound sterling/Euro, 2.15 pm (C.E.T.)",GBP,0
EXR.D.GBP.EUR.SP00.A,D,GBP,EUR,SP00,A,2025-12-18,0.8746,A,F,,,P1D,,A,,,,,,,99Q1=100,,,5,,4F0,,Pound sterling/Euro ECB reference exchange rate,"ECB reference exchange rate, Pound sterling/Euro, 2.15 pm (C.E.T.)",GBP,0
EXR.D.GBP.EUR.SP00.A,D,GBP,EUR,SP00,A,2025-12-19,0.876,A,F,,,P1D,,A,,,,,,,99Q1=100,,,5,,4F0,,Pound sterling/Euro ECB reference exchange rate,"ECB reference exchange rate, Pound sterling/Euro, 2.15 pm (C.E.T.)",GBP,0
EXR.D.GBP.EUR.SP00.A,D,GBP,EUR,SP00,A,2025-12-22,0.8742,A,F,,,P1D,,A,,,,,,,99Q1=100,,,5,,4F0,,Pound sterling/Euro ECB reference exchange rate,"ECB reference exchange rate, Pound sterling/Euro, 2.15 pm (C.E.T.)",GBP,0
EXR.D.GBP.EUR.SP00.A,D,GBP,EUR,SP00,A,2025-12-23,0.8729,A,F,,,P1D,,A,,,,,,,99Q1=100,,,5,,4F0,,Pound sterling/Euro ECB reference exchange rate,"ECB reference exchange rate, Pound sterling/Euro, 2.15 pm (C.E.T.)",GBP,0
EXR.D.GBP.EUR.SP00.A,D,GBP,EUR,SP00,A,2025-12-24,0.8729,A,F,,,P1D,,A,,,,,,,99Q1=100,,,5,,4F0,,Pound sterling/Euro ECB reference exchange rate,"ECB reference exchange rate, Pound sterling/Euro, 2.15 pm (C.E.T.)",GBP,0
EXR.D.GBP.EUR.SP00.A,D,GBP,EUR,SP00,A,2025-12-29,0.8726,A,F,,,P1D,,A,,,,,,,99Q1=100,,,5,,4F0,,Pound sterling/Euro ECB reference exchange rate,"ECB reference exchange rate, Pound sterling/Euro, 2.15 pm (C.E.T.)",GBP,0
EXR.D.GBP.EUR.SP00.A,D,GBP,EUR,SP00,A,2025-12-30,0.8712,A,F,,,P1D,,A,,,,,,,99Q1=100,,,5,,4F0,,Pound sterling/Euro ECB reference exchange rate,"ECB reference exchange rate, Pound sterling/Euro, 2.15 pm (C.E.T.)",GBP,0
EXR.D.GBP.EUR.SP00.A,D,GBP,EUR,SP00,A,2025-12-31,0.8726,A,F,,,P1D,,A,,,,,,,99Q1=100,,,5,,4F0,,Pound sterling/Euro ECB reference exchange rate,"ECB reference exchange rate, Pound sterling/Euro, 2.15 pm (C.E.T.)",GBP,0
EXR.D.GBP.EUR.SP00.A,D,GBP,EUR,SP00,A,2026-01-02,0.8719,A,F,,,P1D,,A,,,,,,,99Q1=100,,,5,,4F0,,Pound sterling/Euro ECB reference exchange rate,"ECB reference exchange rate, Pound sterling/Euro, 2.15 pm (C.E.T.)",GBP,0
EXR.D.GBP.EUR.SP00.A,D,GBP,EUR,SP00,A,2026-01-05,0.8676,A,F,,,P1D,,A,,,,,,,99Q1=100,,,5,,4F0,,Pound sterling/Euro ECB reference exchange rate,"ECB reference exchange rate, Pound sterling/Euro, 2.15 pm (C.E.T.)",GBP,0
EXR.D.GBP.EUR.SP00.A,D,GBP,EUR,SP00,A,2026-01-06,0.8663,A,F,,,P1D,,A,,,,,,,99Q1=100,,,5,,4F0,,Pound sterling/Euro ECB reference exchange rate,"ECB reference exchange rate, Pound sterling/Euro, 2.15 pm (C.E.T.)",GBP,0
EXR.D.GBP.EUR.SP00.A,D,GBP,EUR,SP00,A,2026-01-07,0.8664,A,F,,,P1D,,A,,,,,,,99Q1=100,,,5,,4F0,,Pound sterling/Euro ECB reference exchange rate,"ECB reference exchange rate, Pound sterling/Euro, 2.15 pm (C.E.T.)",GBP,0
EXR.D.GBP.EUR.SP00.A,D,GBP,EUR,SP00,A,2026-01-08,0.8687,A,F,,,P1D,,A,,,,,,,99Q1=100,,,5,,4F0,,Pound sterling/Euro ECB reference exchange rate,"ECB reference exchange rate, Pound sterling/Euro, 2.15 pm (C.E.T.)",GBP,0
EXR.D.GBP.EUR.SP00.A,D,GBP,EUR,SP00,A,2026-01-09,0.8677,A,F,,,P1D,,A,,,,,,,99Q1=100,,,5,,4F0,,Pound sterling/Euro ECB reference exchange rate,"ECB reference exchange rate, Pound sterling/Euro, 2.15 pm (C.E.T.)",GBP,0
EXR.D.GBP.EUR.SP00.A,D,GBP,EUR,SP00,A,2026-01-12,0.8674,A,F,,,P1D,,A,,,,,,,99Q1=100,,,5,,4F0,,Pound sterling/Euro ECB reference exchange rate,"ECB reference exchange rate, Pound sterling/Euro, 2.15 pm (C.E.T.)",GBP,0
EXR.D.GBP.EUR.SP00.A,D,GBP,EUR,SP00,A,2026-01-13,0.866,A,F,,,P1D,,A,,,,,,,99Q1=100,,,5,,4F0,,Pound sterling/Euro ECB reference exchange rate,"ECB reference exchange rate, Pound sterling/Euro, 2.15 pm (C.E.T.)",GBP,0
EXR.D.GBP.EUR.SP00.A,D,GBP,EUR,SP00,A,2026-01-14,0.8668,A,F,,,P1D,,A,,,,,,,99Q1=100,,,5,,4F0,,Pound sterling/Euro ECB reference exchange rate,"ECB reference exchange rate, Pound sterling/Euro, 2.15 pm (C.E.T.)",GBP,0
EXR.D.GBP.EUR.SP00.A,D,GBP,EUR,SP00,A,2026-01-15,0.8674,A,F,,,P1D,,A,,,,,,,99Q1=100,,,5,,4F0,,Pound sterling/Euro ECB reference exchange rate,"ECB reference exchange rate, Pound sterling/Euro, 2.15 pm (C.E.T.)",GBP,0
EXR.D.GBP.EUR.SP00.A,D,GBP,EUR,SP00,A,2026-01-16,0.867,A,F,,,P1D,,A,,,,,,,99Q1=100,,,5,,4F0,,Pound sterling/Euro ECB reference exchange rate,"ECB reference exchange rate, Pound sterling/Euro, 2.15 pm (C.E.T.)",GBP,0
EXR.D.GBP.EUR.SP00.A,D,GBP,EUR,SP00,A,2026-01-19,0.8671,A,F,,,P1D,,A,,,,,,,99Q1=100,,,5,,4F0,,Pound sterling/Euro ECB reference exchange rate,"ECB reference exchange rate, Pound sterling/Euro, 2.15 pm (C.E.T.)",GBP,0
EXR.D.GBP.EUR.SP00.A,D,GBP,EUR,SP00,A,2026-01-20,0.8722,A,F,,,P1D,,A,,,,,,,99Q1=100,,,5,,4F0,,Pound sterling/Euro ECB reference exchange rate,"ECB reference exchange rate, Pound sterling/Euro, 2.15 pm (C.E.T.)",GBP,0
EXR.D.GBP.EUR.SP00.A,D,GBP,EUR,SP00,A,2026-01-21,0.8744,A,F,,,P1D,,A,,,,,,,99Q1=100,,,5,,4F0,,Pound sterling/Euro ECB reference exchange rate,"ECB reference exchange rate, Pound sterling/Euro, 2.15 pm (C.E.T.)",GBP,0
EXR.D.GBP.EUR.SP00.A,D,GBP,EUR,SP00,A,2026-01-22,0.8722,A,F,,,P1D,,A,,,,,,,99Q1=100,,,5,,4F0,,Pound sterling/Euro ECB reference exchange rate,"ECB reference exchange rate, Pound sterling/Euro, 2.15 pm (C.E.T.)",GBP,0
EXR.D.GBP.EUR.SP00.A,D,GBP,EUR,SP00,A,2026-01-23,0.8681,A,F,,,P1D,,A,,,,,,,99Q1=100,,,5,,4F0,,Pound sterling/Euro ECB reference exchange rate,"ECB reference exchange rate, Pound sterling/Euro, 2.15 pm (C.E.T.)",GBP,0
EXR.D.GBP.EUR.SP00.A,D,GBP,EUR,SP00,A,2026-01-26,0.8675,A,F,,,P1D,,A,,,,,,,99Q1=100,,,5,,4F0,,Pound sterling/Euro ECB reference exchange rate,"ECB reference exchange rate, Pound sterling/Euro, 2.15 pm (C.E.T.)",GBP,0
EXR.D.GBP.EUR.SP00.A,D,GBP,EUR,SP00,A,2026-01-27,0.8683,A,F,,,P1D,,A,,,,,,,99Q1=100,,,5,,4F0,,Pound sterling/Euro ECB reference exchange rate,"ECB reference exchange rate, Pound sterling/Euro, 2.15 pm (C.E.T.)",GBP,0
EXR.D.GBP.EUR.SP00.A,D,GBP,EUR,SP00,A,2026-01-28,0.8685,A,F,,,P1D,,A,,,,,,,99Q1=100,,,5,,4F0,,Pound sterling/Euro ECB reference exchange rate,"ECB reference exchange rate, Pound sterling/Euro, 2.15 pm (C.E.T.)",GBP,0
EXR.D.GBP.EUR.SP00.A,D,GBP,EUR,SP00,A,2026-01-29,0.8662,A,F,,,P1D,,A,,,,,,,99Q1=100,,,5,,4F0,,Pound sterling/Euro ECB reference exchange rate,"ECB reference exchange rate, Pound sterling/Euro, 2.15 pm (C.E.T.)",GBP,0
EXR.D.GBP.EUR.SP00.A,D,GBP,EUR,SP00,A,2026-01-30,0.8662,A,F,,,P1D,,A,,,,,,,99Q1=100,,,5,,4F0,,Pound sterling/Euro ECB reference exchange rate,"ECB reference exchange rate, Pound sterling/Euro, 2.15 pm (C.E.T.)",GBP,0
EXR.D.GBP.EUR.SP00.A,D,GBP,EUR,SP00,A,2026-02-02,0.8658,A,F,,,P1D,,A,,,,,,,99Q1=100,,,5,,4F0,,Pound sterling/Euro ECB reference exchange rate,"ECB reference exchange rate, Pound sterling/Euro, 2.15 pm (C.E.T.)",GBP,0
EXR.D.GBP.EUR.SP00.A,D,GBP,EUR,SP00,A,2026-02-03,0.8623,A,F,,,P1D,,A,,,,,,,99Q1=100,,,5,,4F0,,Pound sterling/Euro ECB reference exchange rate,"ECB reference exchange rate, Pound sterling/Euro, 2.15 pm (C.E.T.)",GBP,0
EXR.D.GBP.EUR.SP00.A,D,GBP,EUR,SP00,A,2026-02-04,0.8616,A,F,,,P1D,,A,,,,,,,99Q1=100,,,5,,4F0,,Pound sterling/Euro ECB reference exchange rate,"ECB reference exchange rate, Pound sterling/Euro, 2.15 pm (C.E.T.)",GBP,0
EXR.D.GBP.EUR.SP00.A,D,GBP,EUR,SP00,A,2026-02-05,0.8691,A,F,,,P1D,,A,,,,,,,99Q1=100,,,5,,4F0,,Pound sterling/Euro ECB reference exchange rate,"ECB reference exchange rate, Pound sterling/Euro, 2.15 pm (C.E.T.)",GBP,0
EXR.D.GBP.EUR.SP00.A,D,GBP,EUR,SP00,A,2026-02-06,0.8679,A,F,,,P1D,,A,,,,,,,99Q1=100,,,5,,4F0,,Pound sterling/Euro ECB reference exchange rate,"ECB reference exchange rate, Pound sterling/Euro, 2.15 pm (C.E.T.)",GBP,0
EXR.D.GBP.EUR.SP00.A,D,GBP,EUR,SP00,A,2026-02-09,0.8701,A,F,,,P1D,,A,,,,,,,99Q1=100,,,5,,4F0,,Pound sterling/Euro ECB reference exchange rate,"ECB reference exchange rate, Pound sterling/Euro, 2.15 pm (C.E.T.)",GBP,0
EXR.D.GBP.EUR.SP00.A,D,GBP,EUR,SP00,A,2026-02-10,0.8695,A,F,,,P1D,,A,,,,,,,99Q1=100,,,5,,4F0,,Pound sterling/Euro ECB reference exchange rate,"ECB reference exchange rate, Pound sterling/Euro, 2.15 pm (C.E.T.)",GBP,0
EXR.D.GBP.EUR.SP00.A,D,GBP,EUR,SP00,A,2026-02-11,0.8699,A,F,,,P1D,,A,,,,,,,99Q1=100,,,5,,4F0,,Pound sterling/Euro ECB reference exchange rate,"ECB reference exchange rate, Pound sterling/Euro, 2.15 pm (C.E.T.)",GBP,0
EXR.D.GBP.EUR.SP00.A,D,GBP,EUR,SP00,A,2026-02-12,0.8711,A,F,,,P1D,,A,,,,,,,99Q1=100,,,5,,4F0,,Pound sterling/Euro ECB reference exchange rate,"ECB reference exchange rate, Pound sterling/Euro, 2.15 pm (C.E.T.)",GBP,0
EXR.D.GBP.EUR.SP00.A,D,GBP,EUR,SP00,A,2026-02-13,0.8716,A,F,,,P1D,,A,,,,,,,99Q1=100,,,5,,4F0,,Pound sterling/Euro ECB reference exchange rate,"ECB reference exchange rate, Pound sterling/Euro, 2.15 pm (C.E.T.)",GBP,0
EXR.D.GBP.EUR.SP00.A,D,GBP,EUR,SP00,A,2026-02-16,0.869,A,F,,,P1D,,A,,,,,,,99Q1=100,,,5,,4F0,,Pound sterling/Euro ECB reference exchange rate,"ECB reference exchange rate, Pound sterling/Euro, 2.15 pm (C.E.T.)",GBP,0
EXR.D.GBP.EUR.SP00.A,D,GBP,EUR,SP00,A,2026-02-17,0.8733,A,F,,,P1D,,A,,,,,,,99Q1=100,,,5,,4F0,,Pound sterling/Euro ECB reference exchange rate,"ECB reference exchange rate, Pound sterling/Euro, 2.15 pm (C.E.T.)",GBP,0
EXR.D.GBP.EUR.SP00.A,D,GBP,EUR,SP00,A,2026-02-18,0.8724,A,F,,,P1D,,A,,,,,,,99Q1=100,,,5,,4F0,,Pound sterling/Euro ECB reference exchange rate,"ECB reference exchange rate, Pound sterling/Euro, 2.15 pm (C.E.T.)",GBP,0
EXR.D.GBP.EUR.SP00.A,D,GBP,EUR,SP00,A,2026-02-19,0.8738,A,F,,,P1D,,A,,,,,,,99Q1=100,,,5,,4F0,,Pound sterling/Euro ECB reference exchange rate,"ECB reference exchange rate, Pound sterling/Euro, 2.15 pm (C.E.T.)",GBP,0
EXR.D.GBP.EUR.SP00.A,D,GBP,EUR,SP00,A,2026-02-20,0.8728,A,F,,,P1D,,A,,,,,,,99Q1=100,,,5,,4F0,,Pound sterling/Euro ECB reference exchange rate,"ECB reference exchange rate, Pound sterling/Euro, 2.15 pm (C.E.T.)",GBP,0
EXR.D.GBP.EUR.SP00.A,D,GBP,EUR,SP00,A,2026-02-23,0.8734,A,F,,,P1D,,A,,,,,,,99Q1=100,,,5,,4F0,,Pound sterling/Euro ECB reference exchange rate,"ECB reference exchange rate, Pound sterling/Euro, 2.15 pm (C.E.T.)",GBP,0
EXR.D.GBP.EUR.SP00.A,D,GBP,EUR,SP00,A,2026-02-24,0.8731,A,F,,,P1D,,A,,,,,,,99Q1=100,,,5,,4F0,,Pound sterling/Euro ECB reference exchange rate,"ECB reference exchange rate, Pound sterling/Euro, 2.15 pm (C.E.T.)",GBP,0
EXR.D.GBP.EUR.SP00.A,D,GBP,EUR,SP00,A,2026-02-25,0.8714,A,F,,,P1D,,A,,,,,,,99Q1=100,,,5,,4F0,,Pound sterling/Euro ECB reference exchange rate,"ECB reference exchange rate, Pound sterling/Euro, 2.15 pm (C.E.T.)",GBP,0
EXR.D.GBP.EUR.SP00.A,D,GBP,EUR,SP00,A,2026-02-26,0.8719,A,F,,,P1D,,A,,,,,,,99Q1=100,,,5,,4F0,,Pound sterling/Euro ECB reference exchange rate,"ECB reference exchange rate, Pound sterling/Euro, 2.15 pm (C.E.T.)",GBP,0
EXR.D.GBP.EUR.SP00.A,D,GBP,EUR,SP00,A,2026-02-27,0.8763,A,F,,,P1D,,A,,,,,,,99Q1=100,,,5,,4F0,,Pound sterling/Euro ECB reference exchange rate,"ECB reference exchange rate, Pound sterling/Euro, 2.15 pm (C.E.T.)",GBP,0
EXR.D.GBP.EUR.SP00.A,D,GBP,EUR,SP00,A,2026-03-02,0.8739,A,F,,,P1D,,A,,,,,,,99Q1=100,,,5,,4F0,,Pound sterling/Euro ECB reference exchange rate,"ECB reference exchange rate, Pound sterling/Euro, 2.15 pm (C.E.T.)",GBP,0
EXR.D.GBP.EUR.SP00.A,D,GBP,EUR,SP00,A,2026-03-03,0.8717,A,F,,,P1D,,A,,,,,,,99Q1=100,,,5,,4F0,,Pound sterling/Euro ECB reference exchange rate,"ECB reference exchange rate, Pound sterling/Euro, 2.15 pm (C.E.T.)",GBP,0
EXR.D.GBP.EUR.SP00.A,D,GBP,EUR,SP00,A,2026-03-04,0.8705,A,F,,,P1D,,A,,,,,,,99Q1=100,,,5,,4F0,,Pound sterling/Euro ECB reference exchange rate,"ECB reference exchange rate, Pound sterling/Euro, 2.15 pm (C.E.T.)",GBP,0
EXR.D.GBP.EUR.SP00.A,D,GBP,EUR,SP00,A,2026-03-05,0.8695,A,F,,,P1D,,A,,,,,,,99Q1=100,,,5,,4F0,,Pound sterling/Euro ECB reference exchange rate,"ECB reference exchange rate, Pound sterling/Euro, 2.15 pm (C.E.T.)",GBP,0
EXR.D.GBP.EUR.SP00.A,D,GBP,EUR,SP00,A,2026-03-06,0.86693,A,F,,,P1D,,A,,,,,,,99Q1=100,,,5,,4F0,,Pound sterling/Euro ECB reference exchange rate,"ECB reference exchange rate, Pound sterling/Euro, 2.15 pm (C.E.T.)",GBP,0
EXR.D.GBP.EUR.SP00.A,D,GBP,EUR,SP00,A,2026-03-09,0.8653,A,F,,,P1D,,A,,,,,,,99Q1=100,,,5,,4F0,,Pound sterling/Euro ECB reference exchange rate,"ECB reference exchange rate, Pound sterling/Euro, 2.15 pm (C.E.T.)",GBP,0
EXR.D.GBP.EUR.SP00.A,D,GBP,EUR,SP00,A,2026-03-10,0.86545,A,F,,,P1D,,A,,,,,,,99Q1=100,,,5,,4F0,,Pound sterling/Euro ECB reference exchange rate,"ECB reference exchange rate, Pound sterling/Euro, 2.15 pm (C.E.T.)",GBP,0
EXR.D.GBP.EUR.SP00.A,D,GBP,EUR,SP00,A,2026-03-11,0.86363,A,F,,,P1D,,A,,,,,,,99Q1=100,,,5,,4F0,,Pound sterling/Euro ECB reference exchange rate,"ECB reference exchange rate, Pound sterling/Euro, 2.15 pm (C.E.T.)",GBP,0
EXR.D.GBP.EUR.SP00.A,D,GBP,EUR,SP00,A,2026-03-12,0.86243,A,F,,,P1D,,A,,,,,,,99Q1=100,,,5,,4F0,,Pound sterling/Euro ECB reference exchange rate,"ECB reference exchange rate, Pound sterling/Euro, 2.15 pm (C.E.T.)",GBP,0
EXR.D.GBP.EUR.SP00.A,D,GBP,EUR,SP00,A,2026-03-13,0.86503,A,F,,,P1D,,A,,,,,,,99Q1=100,,,5,,4F0,,Pound sterling/Euro ECB reference exchange rate,"ECB reference exchange rate, Pound sterling/Euro, 2.15 pm (C.E.T.)",GBP,0
EXR.D.GBP.EUR.SP00.A,D,GBP,EUR,SP00,A,2026-03-16,0.86408,A,F,,,P1D,,A,,,,,,,99Q1=100,,,5,,4F0,,Pound sterling/Euro ECB reference exchange rate,"ECB reference exchange rate, Pound sterling/Euro, 2.15 pm (C.E.T.)",GBP,0
EXR.D.GBP.EUR.SP00.A,D,GBP,EUR,SP00,A,2026-03-17,0.8643,A,F,,,P1D,,A,,,,,,,99Q1=100,,,5,,4F0,,Pound sterling/Euro ECB reference exchange rate,"ECB reference exchange rate, Pound sterling/Euro, 2.15 pm (C.E.T.)",GBP,0
EXR.D.GBP.EUR.SP00.A,D,GBP,EUR,SP00,A,2026-03-18,0.86393,A,F,,,P1D,,A,,,,,,,99Q1=100,,,5,,4F0,,Pound sterling/Euro ECB reference exchange rate,"ECB reference exchange rate, Pound sterling/Euro, 2.15 pm (C.E.T.)",GBP,0
EXR.D.GBP.EUR.SP00.A,D,GBP,EUR,SP00,A,2026-03-19,0.86388,A,F,,,P1D,,A,,,,,,,99Q1=100,,,5,,4F0,,Pound sterling/Euro ECB reference exchange rate,"ECB reference exchange rate, Pound sterling/Euro, 2.15 pm (C.E.T.)",GBP,0
EXR.D.GBP.EUR.SP00.A,D,GBP,EUR,SP00,A,2026-03-20,0.86438,A,F,,,P1D,,A,,,,,,,99Q1=100,,,5,,4F0,,Pound sterling/Euro ECB reference exchange rate,"ECB reference exchange rate, Pound sterling/Euro, 2.15 pm (C.E.T.)",GBP,0
EXR.D.GBP.EUR.SP00.A,D,GBP,EUR,SP00,A,2026-03-23,0.8642,A,F,,,P1D,,A,,,,,,,99Q1=100,,,5,,4F0,,Pound sterling/Euro ECB reference exchange rate,"ECB reference exchange rate, Pound sterling/Euro, 2.15 pm (C.E.T.)",GBP,0
EXR.D.GBP.EUR.SP00.A,D,GBP,EUR,SP00,A,2026-03-24,0.86541,A,F,,,P1D,,A,,,,,,,99Q1=100,,,5,,4F0,,Pound sterling/Euro ECB reference exchange rate,"ECB reference exchange rate, Pound sterling/Euro, 2.15 pm (C.E.T.)",GBP,0
EXR.D.GBP.EUR.SP00.A,D,GBP,EUR,SP00,A,2026-03-25,0.86558,A,F,,,P1D,,A,,,,,,,99Q1=100,,,5,,4F0,,Pound sterling/Euro ECB reference exchange rate,"ECB reference exchange rate, Pound sterling/Euro, 2.15 pm (C.E.T.)",GBP,0
EXR.D.GBP.EUR.SP00.A,D,GBP,EUR,SP00,A,2026-03-26,0.86515,A,F,,,P1D,,A,,,,,,,99Q1=100,,,5,,4F0,,Pound sterling/Euro ECB reference exchange rate,"ECB reference exchange rate, Pound sterling/Euro, 2.15 pm (C.E.T.)",GBP,0
EXR.D.GBP.EUR.SP00.A,D,GBP,EUR,SP00,A,2026-03-27,0.8672,A,F,,,P1D,,A,,,,,,,99Q1=100,,,5,,4F0,,Pound sterling/Euro ECB reference exchange rate,"ECB reference exchange rate, Pound sterling/Euro, 2.15 pm (C.E.T.)",GBP,0
EXR.D.GBP.EUR.SP00.A,D,GBP,EUR,SP00,A,2026-03-30,0.86803,A,F,,,P1D,,A,,,,,,,99Q1=100,,,5,,4F0,,Pound sterling/Euro ECB reference exchange rate,"ECB reference exchange rate, Pound sterling/Euro, 2.15 pm (C.E.T.)",GBP,0
EXR.D.GBP.EUR.SP00.A,D,GBP,EUR,SP00,A,2026-03-31,0.86833,A,F,,,P1D,,A,,,,,,,99Q1=100,,,5,,4F0,,Pound sterling/Euro ECB reference exchange rate,"ECB reference exchange rate, Pound sterling/Euro, 2.15 pm (C.E.T.)",GBP,0
EXR.D.GBP.EUR.SP00.A,D,GBP,EUR,SP00,A,2026-04-01,0.87113,A,F,,,P1D,,A,,,,,,,99Q1=100,,,5,,4F0,,Pound sterling/Euro ECB reference exchange rate,"ECB reference exchange rate, Pound sterling/Euro, 2.15 pm (C.E.T.)",GBP,0
EXR.D.GBP.EUR.SP00.A,D,GBP,EUR,SP00,A,2026-04-02,0.87253,A,F,,,P1D,,A,,,,,,,99Q1=100,,,5,,4F0,,Pound sterling/Euro ECB reference exchange rate,"ECB reference exchange rate, Pound sterling/Euro, 2.15 pm (C.E.T.)",GBP,0
EXR.D.GBP.EUR.SP00.A,D,GBP,EUR,SP00,A,2026-04-07,0.87258,A,F,,,P1D,,A,,,,,,,99Q1=100,,,5,,4F0,,Pound sterling/Euro ECB reference exchange rate,"ECB reference exchange rate, Pound sterling/Euro, 2.15 pm (C.E.T.)",GBP,0
EXR.D.GBP.EUR.SP00.A,D,GBP,EUR,SP00,A,2026-04-08,0.86893,A,F,,,P1D,,A,,,,,,,99Q1=100,,,5,,4F0,,Pound sterling/Euro ECB reference exchange rate,"ECB reference exchange rate, Pound sterling/Euro, 2.15 pm (C.E.T.)",GBP,0
EXR.D.GBP.EUR.SP00.A,D,GBP,EUR,SP00,A,2026-04-09,0.87053,A,F,,,P1D,,A,,,,,,,99Q1=100,,,5,,4F0,,Pound sterling/Euro ECB reference exchange rate,"ECB reference exchange rate, Pound sterling/Euro, 2.15 pm (C.E.T.)",GBP,0
EXR.D.GBP.EUR.SP00.A,D,GBP,EUR,SP00,A,2026-04-10,0.87105,A,F,,,P1D,,A,,,,,,,99Q1=100,,,5,,4F0,,Pound sterling/Euro ECB reference exchange rate,"ECB reference exchange rate, Pound sterling/Euro, 2.15 pm (C.E.T.)",GBP,0
EXR.D.GBP.EUR.SP00.A,D,GBP,EUR,SP00,A,2026-04-13,0.87058,A,F,,,P1D,,A,,,,,,,99Q1=100,,,5,,4F0,,Pound sterling/Euro ECB reference exchange rate,"ECB reference exchange rate, Pound sterling/Euro, 2.15 pm (C.E.T.)",GBP,0
EXR.D.GBP.EUR.SP00.A,D,GBP,EUR,SP00,A,2026-04-14,0.86913,A,F,,,P1D,,A,,,,,,,99Q1=100,,,5,,4F0,,Pound sterling/Euro ECB reference exchange rate,"ECB reference exchange rate, Pound sterling/Euro, 2.15 pm (C.E.T.)",GBP,0
EXR.D.GBP.EUR.SP00.A,D,GBP,EUR,SP00,A,2026-04-15,0.86935,A,F,,,P1D,,A,,,,,,,99Q1=100,,,5,,4F0,,Pound sterling/Euro ECB reference exchange rate,"ECB reference exchange rate, Pound sterling/Euro, 2.15 pm (C.E.T.)",GBP,0
EXR.D.GBP.EUR.SP00.A,D,GBP,EUR,SP00,A,2026-04-16,0.86993,A,F,,,P1D,,A,,,,,,,99Q1=100,,,5,,4F0,,Pound sterling/Euro ECB reference exchange rate,"ECB reference exchange rate, Pound sterling/Euro, 2.15 pm (C.E.T.)",GBP,0
EXR.D.GBP.EUR.SP00.A,D,GBP,EUR,SP00,A,2026-04-17,0.87168,A,F,,,P1D,,A,,,,,,,99Q1=100,,,5,,4F0,,Pound sterling/Euro ECB reference exchange rate,"ECB reference exchange rate, Pound sterling/Euro, 2.15 pm (C.E.T.)",GBP,0
EXR.D.GBP.EUR.SP00.A,D,GBP,EUR,SP00,A,2026-04-20,0.87045,A,F,,,P1D,,A,,,,,,,99Q1=100,,,5,,4F0,,Pound sterling/Euro ECB reference exchange rate,"ECB reference exchange rate, Pound sterling/Euro, 2.15 pm (C.E.T.)",GBP,0
EXR.D.GBP.EUR.SP00.A,D,GBP,EUR,SP00,A,2026-04-21,0.87035,A,F,,,P1D,,A,,,,,,,99Q1=100,,,5,,4F0,,Pound sterling/Euro ECB reference exchange rate,"ECB reference exchange rate, Pound sterling/Euro, 2.15 pm (C.E.T.)",GBP,0
EXR.D.GBP.EUR.SP00.A,D,GBP,EUR,SP00,A,2026-04-22,0.86903,A,F,,,P1D,,A,,,,,,,99Q1=100,,,5,,4F0,,Pound sterling/Euro ECB reference exchange rate,"ECB reference exchange rate, Pound sterling/Euro, 2.15 pm (C.E.T.)",GBP,0
EXR.D.GBP.EUR.SP00.A,D,GBP,EUR,SP00,A,2026-04-23,0.86575,A,F,,,P1D,,A,,,,,,,99Q1=100,,,5,,4F0,,Pound sterling/Euro ECB reference exchange rate,"ECB reference exchange rate, Pound sterling/Euro, 2.15 pm (C.E.T.)",GBP,0
EXR.D.GBP.EUR.SP00.A,D,GBP,EUR,SP00,A,2026-04-24,0.86803,A,F,,,P1D,,A,,,,,,,99Q1=100,,,5,,4F0,,Pound sterling/Euro ECB reference exchange rate,"ECB reference exchange rate, Pound sterling/Euro, 2.15 pm (C.E.T.)",GBP,0
EXR.D.GBP.EUR.SP00.A,D,GBP,EUR,SP00,A,2026-04-27,0.8658,A,F,,,P1D,,A,,,,,,,99Q1=100,,,5,,4F0,,Pound sterling/Euro ECB reference exchange rate,"ECB reference exchange rate, Pound sterling/Euro, 2.15 pm (C.E.T.)",GBP,0
EXR.D.GBP.EUR.SP00.A,D,GBP,EUR,SP00,A,2026-04-28,0.86715,A,F,,,P1D,,A,,,,,,,99Q1=100,,,5,,4F0,,Pound sterling/Euro ECB reference exchange rate,"ECB reference exchange rate, Pound sterling/Euro, 2.15 pm (C.E.T.)",GBP,0
EXR.D.GBP.EUR.SP00.A,D,GBP,EUR,SP00,A,2026-04-29,0.86643,A,F,,,P1D,,A,,,,,,,99Q1=100,,,5,,4F0,,Pound sterling/Euro ECB reference exchange rate,"ECB reference exchange rate, Pound sterling/Euro, 2.15 pm (C.E.T.)",GBP,0
EXR.D.GBP.EUR.SP00.A,D,GBP,EUR,SP00,A,2026-04-30,0.86625,A,F,,,P1D,,A,,,,,,,99Q1=100,,,5,,4F0,,Pound sterling/Euro ECB reference exchange rate,"ECB reference exchange rate, Pound sterling/Euro, 2.15 pm (C.E.T.)",GBP,0
EXR.D.GBP.EUR.SP00.A,D,GBP,EUR,SP00,A,2026-05-04,0.86358,A,F,,,P1D,,A,,,,,,,99Q1=100,,,5,,4F0,,Pound sterling/Euro ECB reference exchange rate,"ECB reference exchange rate, Pound sterling/Euro, 2.15 pm (C.E.T.)",GBP,0
EXR.D.GBP.EUR.SP00.A,D,GBP,EUR,SP00,A,2026-05-05,0.86343,A,F,,,P1D,,A,,,,,,,99Q1=100,,,5,,4F0,,Pound sterling/Euro ECB reference exchange rate,"ECB reference exchange rate, Pound sterling/Euro, 2.15 pm (C.E.T.)",GBP,0
EXR.D.GBP.EUR.SP00.A,D,GBP,EUR,SP00,A,2026-05-06,0.8637,A,F,,,P1D,,A,,,,,,,99Q1=100,,,5,,4F0,,Pound sterling/Euro ECB reference exchange rate,"ECB reference exchange rate, Pound sterling/Euro, 2.15 pm (C.E.T.)",GBP,0
EXR.D.GBP.EUR.SP00.A,D,GBP,EUR,SP00,A,2026-05-07,0.8641,A,F,,,P1D,,A,,,,,,,99Q1=100,,,5,,4F0,,Pound sterling/Euro ECB reference exchange rate,"ECB reference exchange rate, Pound sterling/Euro, 2.15 pm (C.E.T.)",GBP,0
EXR.D.GBP.EUR.SP00.A,D,GBP,EUR,SP00,A,2026-05-08,0.8641,A,F,,,P1D,,A,,,,,,,99Q1=100,,,5,,4F0,,Pound sterling/Euro ECB reference exchange rate,"ECB reference exchange rate, Pound sterling/Euro, 2.15 pm (C.E.T.)",GBP,0
EXR.D.GBP.EUR.SP00.A,D,GBP,EUR,SP00,A,2026-05-11,0.86488,A,F,,,P1D,,A,,,,,,,99Q1=100,,,5,,4F0,,Pound sterling/Euro ECB reference exchange rate,"ECB reference exchange rate, Pound sterling/Euro, 2.15 pm (C.E.T.)",GBP,0
EXR.D.GBP.EUR.SP00.A,D,GBP,EUR,SP00,A,2026-05-12,0.86803,A,F,,,P1D,,A,,,,,,,99Q1=100,,,5,,4F0,,Pound sterling/Euro ECB reference exchange rate,"ECB reference exchange rate, Pound sterling/Euro, 2.15 pm (C.E.T.)",GBP,0
EXR.D.GBP.EUR.SP00.A,D,GBP,EUR,SP00,A,2026-05-13,0.86713,A,F,,,P1D,,A,,,,,,,99Q1=100,,,5,,4F0,,Pound sterling/Euro ECB reference exchange rate,"ECB reference exchange rate, Pound sterling/Euro, 2.15 pm (C.E.T.)",GBP,0
EXR.D.GBP.EUR.SP00.A,D,GBP,EUR,SP00,A,2026-05-14,0.86618,A,F,,,P1D,,A,,,,,,,99Q1=100,,,5,,4F0,,Pound sterling/Euro ECB reference exchange rate,"ECB reference exchange rate, Pound sterling/Euro, 2.15 pm (C.E.T.)",GBP,0
EXR.D.GBP.EUR.SP00.A,D,GBP,EUR,SP00,A,2026-05-15,0.8705,A,F,,,P1D,,A,,,,,,,99Q1=100,,,5,,4F0,,Pound sterling/Euro ECB reference exchange rate,"ECB reference exchange rate, Pound sterling/Euro, 2.15 pm (C.E.T.)",GBP,0
EXR.D.GBP.EUR.SP00.A,D,GBP,EUR,SP00,A,2026-05-18,0.8702,A,F,,,P1D,,A,,,,,,,99Q1=100,,,5,,4F0,,Pound sterling/Euro ECB reference exchange rate,"ECB reference exchange rate, Pound sterling/Euro, 2.15 pm (C.E.T.)",GBP,0
EXR.D.GBP.EUR.SP00.A,D,GBP,EUR,SP00,A,2026-05-19,0.86671,A,F,,,P1D,,A,,,,,,,99Q1=100,,,5,,4F0,,Pound sterling/Euro ECB reference exchange rate,"ECB reference exchange rate, Pound sterling/Euro, 2.15 pm (C.E.T.)",GBP,0
EXR.D.GBP.EUR.SP00.A,D,GBP,EUR,SP00,A,2026-05-20,0.86555,A,F,,,P1D,,A,,,,,,,99Q1=100,,,5,,4F0,,Pound sterling/Euro ECB reference exchange rate,"ECB reference exchange rate, Pound sterling/Euro, 2.15 pm (C.E.T.)",GBP,0
EXR.D.GBP.EUR.SP00.A,D,GBP,EUR,SP00,A,2026-05-21,0.86433,A,F,,,P1D,,A,,,,,,,99Q1=100,,,5,,4F0,,Pound sterling/Euro ECB reference exchange rate,"ECB reference exchange rate, Pound sterling/Euro, 2.15 pm (C.E.T.)",GBP,0
EXR.D.GBP.EUR.SP00.A,D,GBP,EUR,SP00,A,2026-05-22,0.86418,A,F,,,P1D,,A,,,,,,,99Q1=100,,,5,,4F0,,Pound sterling/Euro ECB reference exchange rate,"ECB reference exchange rate, Pound sterling/Euro, 2.15 pm (C.E.T.)",GBP,0
EXR.D.GBP.EUR.SP00.A,D,GBP,EUR,SP00,A,2026-05-25,0.86255,A,F,,,P1D,,A,,,,,,,99Q1=100,,,5,,4F0,,Pound sterling/Euro ECB reference exchange rate,"ECB reference exchange rate, Pound sterling/Euro, 2.15 pm (C.E.T.)",GBP,0
EXR.D.GBP.EUR.SP00.A,D,GBP,EUR,SP00,A,2026-05-26,0.86375,A,F,,,P1D,,A,,,,,,,99Q1=100,,,5,,4F0,,Pound sterling/Euro ECB reference exchange rate,"ECB reference exchange rate, Pound sterling/Euro, 2.15 pm (C.E.T.)",GBP,0
EXR.D.GBP.EUR.SP00.A,D,GBP,EUR,SP00,A,2026-05-27,0.86618,A,F,,,P1D,,A,,,,,,,99Q1=100,,,5,,4F0,,Pound sterling/Euro ECB reference exchange rate,"ECB reference exchange rate, Pound sterling/Euro, 2.15 pm (C.E.T.)",GBP,0
EXR.D.GBP.EUR.SP00.A,D,GBP,EUR,SP00,A,2026-05-28,0.86665,A,F,,,P1D,,A,,,,,,,99Q1=100,,,5,,4F0,,Pound sterling/Euro ECB reference exchange rate,"ECB reference exchange rate, Pound sterling/Euro, 2.15 pm (C.E.T.)",GBP,0
EXR.D.GBP.EUR.SP00.A,D,GBP,EUR,SP00,A,2026-05-29,0.86723,A,F,,,P1D,,A,,,,,,,99Q1=100,,,5,,4F0,,Pound sterling/Euro ECB reference exchange rate,"ECB reference exchange rate, Pound sterling/Euro, 2.15 pm (C.E.T.)",GBP,0
EXR.D.GBP.EUR.SP00.A,D,GBP,EUR,SP00,A,2026-06-01,0.86493,A,F,,,P1D,,A,,,,,,,99Q1=100,,,5,,4F0,,Pound sterling/Euro ECB reference exchange rate,"ECB reference exchange rate, Pound sterling/Euro, 2.15 pm (C.E.T.)",GBP,0
EXR.D.GBP.EUR.SP00.A,D,GBP,EUR,SP00,A,2026-06-02,0.86465,A,F,,,P1D,,A,,,,,,,99Q1=100,,,5,,4F0,,Pound sterling/Euro ECB reference exchange rate,"ECB reference exchange rate, Pound sterling/Euro, 2.15 pm (C.E.T.)",GBP,0
EXR.D.GBP.EUR.SP00.A,D,GBP,EUR,SP00,A,2026-06-03,0.8637,A,F,,,P1D,,A,,,,,,,99Q1=100,,,5,,4F0,,Pound sterling/Euro ECB reference exchange rate,"ECB reference exchange rate, Pound sterling/Euro, 2.15 pm (C.E.T.)",GBP,0
EXR.D.GBP.EUR.SP00.A,D,GBP,EUR,SP00,A,2026-06-04,0.8649,A,F,,,P1D,,A,,,,,,,99Q1=100,,,5,,4F0,,Pound sterling/Euro ECB reference exchange rate,"ECB reference exchange rate, Pound sterling/Euro, 2.15 pm (C.E.T.)",GBP,0
EXR.D.GBP.EUR.SP00.A,D,GBP,EUR,SP00,A,2026-06-05,0.86433,A,F,,,P1D,,A,,,,,,,99Q1=100,,,5,,4F0,,Pound sterling/Euro ECB reference exchange rate,"ECB reference exchange rate, Pound sterling/Euro, 2.15 pm (C.E.T.)",GBP,0
EXR.D.GBP.EUR.SP00.A,D,GBP,EUR,SP00,A,2026-06-08,0.8636,A,F,,,P1D,,A,,,,,,,99Q1=100,,,5,,4F0,,Pound sterling/Euro ECB reference exchange rate,"ECB reference exchange rate, Pound sterling/Euro, 2.15 pm (C.E.T.)",GBP,0
EXR.D.GBP.EUR.SP00.A,D,GBP,EUR,SP00,A,2026-06-09,0.8634,A,F,,,P1D,,A,,,,,,,99Q1=100,,,5,,4F0,,Pound sterling/Euro ECB reference exchange rate,"ECB reference exchange rate, Pound sterling/Euro, 2.15 pm (C.E.T.)",GBP,0
EXR.D.GBP.EUR.SP00.A,D,GBP,EUR,SP00,A,2026-06-10,0.86228,A,F,,,P1D,,A,,,,,,,99Q1=100,,,5,,4F0,,Pound sterling/Euro ECB reference exchange rate,"ECB reference exchange rate, Pound sterling/Euro, 2.15 pm (C.E.T.)",GBP,0
EXR.D.GBP.EUR.SP00.A,D,GBP,EUR,SP00,A,2026-06-11,0.8633,A,F,,,P1D,,A,,,,,,,99Q1=100,,,5,,4F0,,Pound sterling/Euro ECB reference exchange rate,"ECB reference exchange rate, Pound sterling/Euro, 2.15 pm (C.E.T.)",GBP,0
EXR.D.GBP.EUR.SP00.A,D,GBP,EUR,SP00,A,2026-06-12,0.86305,A,F,,,P1D,,A,,,,,,,99Q1=100,,,5,,4F0,,Pound sterling/Euro ECB reference exchange rate,"ECB reference exchange rate, Pound sterling/Euro, 2.15 pm (C.E.T.)",GBP,0
EXR.D.GBP.EUR.SP00.A,D,GBP,EUR,SP00,A,2026-06-15,0.86483,A,F,,,P1D,,A,,,,,,,99Q1=100,,,5,,4F0,,Pound sterling/Euro ECB reference exchange rate,"ECB reference exchange rate, Pound sterling/Euro, 2.15 pm (C.E.T.)",GBP,0
EXR.D.GBP.EUR.SP00.A,D,GBP,EUR,SP00,A,2026-06-16,0.86471,A,F,,,P1D,,A,,,,,,,99Q1=100,,,5,,4F0,,Pound sterling/Euro ECB reference exchange rate,"ECB reference exchange rate, Pound sterling/Euro, 2.15 pm (C.E.T.)",GBP,0
EXR.D.GBP.EUR.SP00.A,D,GBP,EUR,SP00,A,2026-06-17,0.86463,A,F,,,P1D,,A,,,,,,,99Q1=100,,,5,,4F0,,Pound sterling/Euro ECB reference exchange rate,"ECB reference exchange rate, Pound sterling/Euro, 2.15 pm (C.E.T.)",GBP,0
EXR.D.GBP.EUR.SP00.A,D,GBP,EUR,SP00,A,2026-06-18,0.86638,A,F,,,P1D,,A,,,,,,,99Q1=100,,,5,,4F0,,Pound sterling/Euro ECB reference exchange rate,"ECB reference exchange rate, Pound sterling/Euro, 2.15 pm (C.E.T.)",GBP,0
EXR.D.GBP.EUR.SP00.A,D,GBP,EUR,SP00,A,2026-06-19,0.86653,A,F,,,P1D,,A,,,,,,,99Q1=100,,,5,,4F0,,Pound sterling/Euro ECB reference exchange rate,"ECB reference exchange rate, Pound sterling/Euro, 2.15 pm (C.E.T.)",GBP,0
EXR.D.GBP.EUR.SP00.A,D,GBP,EUR,SP00,A,2026-06-22,0.86468,A,F,,,P1D,,A,,,,,,,99Q1=100,,,5,,4F0,,Pound sterling/Euro ECB reference exchange rate,"ECB reference exchange rate, Pound sterling/Euro, 2.15 pm (C.E.T.)",GBP,0
EXR.D.GBP.EUR.SP00.A,D,GBP,EUR,SP00,A,2026-06-23,0.862,A,F,,,P1D,,A,,,,,,,99Q1=100,,,5,,4F0,,Pound sterling/Euro ECB reference exchange rate,"ECB reference exchange rate, Pound sterling/Euro, 2.15 pm (C.E.T.)",GBP,0
EXR.D.GBP.EUR.SP00.A,D,GBP,EUR,SP00,A,2026-06-24,0.86165,A,F,,,P1D,,A,,,,,,,99Q1=100,,,5,,4F0,,Pound sterling/Euro ECB reference exchange rate,"ECB reference exchange rate, Pound sterling/Euro, 2.15 pm (C.E.T.)",GBP,0
EXR.D.GBP.EUR.SP00.A,D,GBP,EUR,SP00,A,2026-06-25,0.86183,A,F,,,P1D,,A,,,,,,,99Q1=100,,,5,,4F0,,Pound sterling/Euro ECB reference exchange rate,"ECB reference exchange rate, Pound sterling/Euro, 2.15 pm (C.E.T.)",GBP,0
EXR.D.GBP.EUR.SP00.A,D,GBP,EUR,SP00,A,2026-06-26,0.86253,A,F,,,P1D,,A,,,,,,,99Q1=100,,,5,,4F0,,Pound sterling/Euro ECB reference exchange rate,"ECB reference exchange rate, Pound sterling/Euro, 2.15 pm (C.E.T.)",GBP,0
EXR.D.GBP.EUR.SP00.A,D,GBP,EUR,SP00,A,2026-06-29,0.86215,A,F,,,P1D,,A,,,,,,,99Q1=100,,,5,,4F0,,Pound sterling/Euro ECB reference exchange rate,"ECB reference exchange rate, Pound sterling/Euro, 2.15 pm (C.E.T.)",GBP,0
EXR.D.GBP.EUR.SP00.A,D,GBP,EUR,SP00,A,2026-06-30,0.86178,A,F,,,P1D,,A,,,,,,,99Q1=100,,,5,,4F0,,Pound sterling/Euro ECB reference exchange rate,"ECB reference exchange rate, Pound sterling/Euro, 2.15 pm (C.E.T.)",GBP,0
EXR.D.JPY.EUR.SP00.A,D,JPY,EUR,SP00,A,2024-01-02,155.68,A,F,,,P1D,,A,,,,,,,99Q1=100,,,2,,4F0,,Japanese yen/Euro ECB reference exchange rate,"ECB reference exchange rate, Japanese yen/Euro, 2.15 pm (C.E.T.)",JPY,0
EXR.D.JPY.EUR.SP00.A,D,JPY,EUR,SP00,A,2024-01-03,156.16,A,F,,,P1D,,A,,,,,,,99Q1=100,,,2,,4F0,,Japanese yen/Euro ECB reference exchange rate,"ECB reference exchange rate, Japanese yen/Euro, 2.15 pm (C.E.T.)",JPY,0
EXR.D.JPY.EUR.SP00.A,D,JPY,EUR,SP00,A,2024-01-04,157.91,A,F,,,P1D,,A,,,,,,,99Q1=100,,,2,,4F0,,Japanese yen/Euro ECB reference exchange rate,"ECB reference exchange rate, Japanese yen/Euro, 2.15 pm (C.E.T.)",JPY,0
EXR.D.JPY.EUR.SP00.A,D,JPY,EUR,SP00,A,2024-01-05,158.57,A,F,,,P1D,,A,,,,,,,99Q1=100,,,2,,4F0,,Japanese yen/Euro ECB reference exchange rate,"ECB reference exchange rate, Japanese yen/Euro, 2.15 pm (C.E.T.)",JPY,0
EXR.D.JPY.EUR.SP00.A,D,JPY,EUR,SP00,A,2024-01-08,158.19,A,F,,,P1D,,A,,,,,,,99Q1=100,,,2,,4F0,,Japanese yen/Euro ECB reference exchange rate,"ECB reference exchange rate, Japanese yen/Euro, 2.15 pm (C.E.T.)",JPY,0
EXR.D.JPY.EUR.SP00.A,D,JPY,EUR,SP00,A,2024-01-09,157.63,A,F,,,P1D,,A,,,,,,,99Q1=100,,,2,,4F0,,Japanese yen/Euro ECB reference exchange rate,"ECB reference exchange rate, Japanese yen/Euro, 2.15 pm (C.E.T.)",JPY,0
EXR.D.JPY.EUR.SP00.A,D,JPY,EUR,SP00,A,2024-01-10,159.03,A,F,,,P1D,,A,,,,,,,99Q1=100,,,2,,4F0,,Japanese yen/Euro ECB reference exchange rate,"ECB reference exchange rate, Japanese yen/Euro, 2.15 pm (C.E.T.)",JPY,0
EXR.D.JPY.EUR.SP00.A,D,JPY,EUR,SP00,A,2024-01-11,159.71,A,F,,,P1D,,A,,,,,,,99Q1=100,,,2,,4F0,,Japanese yen/Euro ECB reference exchange rate,"ECB reference exchange rate, Japanese yen/Euro, 2.15 pm (C.E.T.)",JPY,0
EXR.D.JPY.EUR.SP00.A,D,JPY,EUR,SP00,A,2024-01-12,159.17,A,F,,,P1D,,A,,,,,,,99Q1=100,,,2,,4F0,,Japanese yen/Euro ECB reference exchange rate,"ECB reference exchange rate, Japanese yen/Euro, 2.15 pm (C.E.T.)",JPY,0
EXR.D.JPY.EUR.SP00.A,D,JPY,EUR,SP00,A,2024-01-15,159.67,A,F,,,P1D,,A,,,,,,,99Q1=100,,,2,,4F0,,Japanese yen/Euro ECB reference exchange rate,"ECB reference exchange rate, Japanese yen/Euro, 2.15 pm (C.E.T.)",JPY,0
EXR.D.JPY.EUR.SP00.A,D,JPY,EUR,SP00,A,2024-01-16,159.64,A,F,,,P1D,,A,,,,,,,99Q1=100,,,2,,4F0,,Japanese yen/Euro ECB reference exchange rate,"ECB reference exchange rate, Japanese yen/Euro, 2.15 pm (C.E.T.)",JPY,0
EXR.D.JPY.EUR.SP00.A,D,JPY,EUR,SP00,A,2024-01-17,160.65,A,F,,,P1D,,A,,,,,,,99Q1=100,,,2,,4F0,,Japanese yen/Euro ECB reference exchange rate,"ECB reference exchange rate, Japanese yen/Euro, 2.15 pm (C.E.T.)",JPY,0
EXR.D.JPY.EUR.SP00.A,D,JPY,EUR,SP00,A,2024-01-18,160.89,A,F,,,P1D,,A,,,,,,,99Q1=100,,,2,,4F0,,Japanese yen/Euro ECB reference exchange rate,"ECB reference exchange rate, Japanese yen/Euro, 2.15 pm (C.E.T.)",JPY,0
EXR.D.JPY.EUR.SP00.A,D,JPY,EUR,SP00,A,2024-01-19,161.17,A,F,,,P1D,,A,,,,,,,99Q1=100,,,2,,4F0,,Japanese yen/Euro ECB reference exchange rate,"ECB reference exchange rate, Japanese yen/Euro, 2.15 pm (C.E.T.)",JPY,0
EXR.D.JPY.EUR.SP00.A,D,JPY,EUR,SP00,A,2024-01-22,160.95,A,F,,,P1D,,A,,,,,,,99Q1=100,,,2,,4F0,,Japanese yen/Euro ECB reference exchange rate,"ECB reference exchange rate, Japanese yen/Euro, 2.15 pm (C.E.T.)",JPY,0
EXR.D.JPY.EUR.SP00.A,D,JPY,EUR,SP00,A,2024-01-23,160.88,A,F,,,P1D,,A,,,,,,,99Q1=100,,,2,,4F0,,Japanese yen/Euro ECB reference exchange rate,"ECB reference exchange rate, Japanese yen/Euro, 2.15 pm (C.E.T.)",JPY,0
EXR.D.JPY.EUR.SP00.A,D,JPY,EUR,SP00,A,2024-01-24,160.46,A,F,,,P1D,,A,,,,,,,99Q1=100,,,2,,4F0,,Japanese yen/Euro ECB reference exchange rate,"ECB reference exchange rate, Japanese yen/Euro, 2.15 pm (C.E.T.)",JPY,0
EXR.D.JPY.EUR.SP00.A,D,JPY,EUR,SP00,A,2024-01-25,160.81,A,F,,,P1D,,A,,,,,,,99Q1=100,,,2,,4F0,,Japanese yen/Euro ECB reference exchange rate,"ECB reference exchange rate, Japanese yen/Euro, 2.15 pm (C.E.T.)",JPY,0
EXR.D.JPY.EUR.SP00.A,D,JPY,EUR,SP00,A,2024-01-26,160.62,A,F,,,P1D,,A,,,,,,,99Q1=100,,,2,,4F0,,Japanese yen/Euro ECB reference exchange rate,"ECB reference exchange rate, Japanese yen/Euro, 2.15 pm (C.E.T.)",JPY,0
EXR.D.JPY.EUR.SP00.A,D,JPY,EUR,SP00,A,2024-01-29,160.13,A,F,,,P1D,,A,,,,,,,99Q1=100,,,2,,4F0,,Japanese yen/Euro ECB reference exchange rate,"ECB reference exchange rate, Japanese yen/Euro, 2.15 pm (C.E.T.)",JPY,0
EXR.D.JPY.EUR.SP00.A,D,JPY,EUR,SP00,A,2024-01-30,159.97,A,F,,,P1D,,A,,,,,,,99Q1=100,,,2,,4F0,,Japanese yen/Euro ECB reference exchange rate,"ECB reference exchange rate, Japanese yen/Euro, 2.15 pm (C.E.T.)",JPY,0
EXR.D.JPY.EUR.SP00.A,D,JPY,EUR,SP00,A,2024-01-31,160.19,A,F,,,P1D,,A,,,,,,,99Q1=100,,,2,,4F0,,Japanese yen/Euro ECB reference exchange rate,"ECB reference exchange rate, Japanese yen/Euro, 2.15 pm (C.E.T.)",JPY,0
EXR.D.JPY.EUR.SP00.A,D,JPY,EUR,SP00,A,2024-02-01,158.96,A,F,,,P1D,,A,,,,,,,99Q1=100,,,2,,4F0,,Japanese yen/Euro ECB reference exchange rate,"ECB reference exchange rate, Japanese yen/Euro, 2.15 pm (C.E.T.)",JPY,0
EXR.D.JPY.EUR.SP00.A,D,JPY,EUR,SP00,A,2024-02-02,159.58,A,F,,,P1D,,A,,,,,,,99Q1=100,,,2,,4F0,,Japanese yen/Euro ECB reference exchange rate,"ECB reference exchange rate, Japanese yen/Euro, 2.15 pm (C.E.T.)",JPY,0
EXR.D.JPY.EUR.SP00.A,D,JPY,EUR,SP00,A,2024-02-05,159.72,A,F,,,P1D,,A,,,,,,,99Q1=100,,,2,,4F0,,Japanese yen/Euro ECB reference exchange rate,"ECB reference exchange rate, Japanese yen/Euro, 2.15 pm (C.E.T.)",JPY,0
EXR.D.JPY.EUR.SP00.A,D,JPY,EUR,SP00,A,2024-02-06,159.56,A,F,,,P1D,,A,,,,,,,99Q1=100,,,2,,4F0,,Japanese yen/Euro ECB reference exchange rate,"ECB reference exchange rate, Japanese yen/Euro, 2.15 pm (C.E.T.)",JPY,0
EXR.D.JPY.EUR.SP00.A,D,JPY,EUR,SP00,A,2024-02-07,159.71,A,F,,,P1D,,A,,,,,,,99Q1=100,,,2,,4F0,,Japanese yen/Euro ECB reference exchange rate,"ECB reference exchange rate, Japanese yen/Euro, 2.15 pm (C.E.T.)",JPY,0
EXR.D.JPY.EUR.SP00.A,D,JPY,EUR,SP00,A,2024-02-08,160.55,A,F,,,P1D,,A,,,,,,,99Q1=100,,,2,,4F0,,Japanese yen/Euro ECB reference exchange rate,"ECB reference exchange rate, Japanese yen/Euro, 2.15 pm (C.E.T.)",JPY,0
EXR.D.JPY.EUR.SP00.A,D,JPY,EUR,SP00,A,2024-02-09,161,A,F,,,P1D,,A,,,,,,,99Q1=100,,,2,,4F0,,Japanese yen/Euro ECB reference exchange rate,"ECB reference exchange rate, Japanese yen/Euro, 2.15 pm (C.E.T.)",JPY,0
EXR.D.JPY.EUR.SP00.A,D,JPY,EUR,SP00,A,2024-02-12,160.51,A,F,,,P1D,,A,,,,,,,99Q1=100,,,2,,4F0,,Japanese yen/Euro ECB reference exchange rate,"ECB reference exchange rate, Japanese yen/Euro, 2.15 pm (C.E.T.)",JPY,0
EXR.D.JPY.EUR.SP00.A,D,JPY,EUR,SP00,A,2024-02-13,161.17,A,F,,,P1D,,A,,,,,,,99Q1=100,,,2,,4F0,,Japanese yen/Euro ECB reference exchange rate,"ECB reference exchange rate, Japanese yen/Euro, 2.15 pm (C.E.T.)",JPY,0
EXR.D.JPY.EUR.SP00.A,D,JPY,EUR,SP00,A,2024-02-14,161.28,A,F,,,P1D,,A,,,,,,,99Q1=100,,,2,,4F0,,Japanese yen/Euro ECB reference exchange rate,"ECB reference exchange rate, Japanese yen/Euro, 2.15 pm (C.E.T.)",JPY,0
EXR.D.JPY.EUR.SP00.A,D,JPY,EUR,SP00,A,2024-02-15,161.26,A,F,,,P1D,,A,,,,,,,99Q1=100,,,2,,4F0,,Japanese yen/Euro ECB reference exchange rate,"ECB reference exchange rate, Japanese yen/Euro, 2.15 pm (C.E.T.)",JPY,0
EXR.D.JPY.EUR.SP00.A,D,JPY,EUR,SP00,A,2024-02-16,161.88,A,F,,,P1D,,A,,,,,,,99Q1=100,,,2,,4F0,,Japanese yen/Euro ECB reference exchange rate,"ECB reference exchange rate, Japanese yen/Euro, 2.15 pm (C.E.T.)",JPY,0
EXR.D.JPY.EUR.SP00.A,D,JPY,EUR,SP00,A,2024-02-19,161.59,A,F,,,P1D,,A,,,,,,,99Q1=100,,,2,,4F0,,Japanese yen/Euro ECB reference exchange rate,"ECB reference exchange rate, Japanese yen/Euro, 2.15 pm (C.E.T.)",JPY,0
EXR.D.JPY.EUR.SP00.A,D,JPY,EUR,SP00,A,2024-02-20,162.18,A,F,,,P1D,,A,,,,,,,99Q1=100,,,2,,4F0,,Japanese yen/Euro ECB reference exchange rate,"ECB reference exchange rate, Japanese yen/Euro, 2.15 pm (C.E.T.)",JPY,0
EXR.D.JPY.EUR.SP00.A,D,JPY,EUR,SP00,A,2024-02-21,162.12,A,F,,,P1D,,A,,,,,,,99Q1=100,,,2,,4F0,,Japanese yen/Euro ECB reference exchange rate,"ECB reference exchange rate, Japanese yen/Euro, 2.15 pm (C.E.T.)",JPY,0
EXR.D.JPY.EUR.SP00.A,D,JPY,EUR,SP00,A,2024-02-22,163.12,A,F,,,P1D,,A,,,,,,,99Q1=100,,,2,,4F0,,Japanese yen/Euro ECB reference exchange rate,"ECB reference exchange rate, Japanese yen/Euro, 2.15 pm (C.E.T.)",JPY,0
EXR.D.JPY.EUR.SP00.A,D,JPY,EUR,SP00,A,2024-02-23,162.91,A,F,,,P1D,,A,,,,,,,99Q1=100,,,2,,4F0,,Japanese yen/Euro ECB reference exchange rate,"ECB reference exchange rate, Japanese yen/Euro, 2.15 pm (C.E.T.)",JPY,0
EXR.D.JPY.EUR.SP00.A,D,JPY,EUR,SP00,A,2024-02-26,163.38,A,F,,,P1D,,A,,,,,,,99Q1=100,,,2,,4F0,,Japanese yen/Euro ECB reference exchange rate,"ECB reference exchange rate, Japanese yen/Euro, 2.15 pm (C.E.T.)",JPY,0
EXR.D.JPY.EUR.SP00.A,D,JPY,EUR,SP00,A,2024-02-27,163.04,A,F,,,P1D,,A,,,,,,,99Q1=100,,,2,,4F0,,Japanese yen/Euro ECB reference exchange rate,"ECB reference exchange rate, Japanese yen/Euro, 2.15 pm (C.E.T.)",JPY,0
EXR.D.JPY.EUR.SP00.A,D,JPY,EUR,SP00,A,2024-02-28,162.87,A,F,,,P1D,,A,,,,,,,99Q1=100,,,2,,4F0,,Japanese yen/Euro ECB reference exchange rate,"ECB reference exchange rate, Japanese yen/Euro, 2.15 pm (C.E.T.)",JPY,0
EXR.D.JPY.EUR.SP00.A,D,JPY,EUR,SP00,A,2024-02-29,162.53,A,F,,,P1D,,A,,,,,,,99Q1=100,,,2,,4F0,,Japanese yen/Euro ECB reference exchange rate,"ECB reference exchange rate, Japanese yen/Euro, 2.15 pm (C.E.T.)",JPY,0
EXR.D.JPY.EUR.SP00.A,D,JPY,EUR,SP00,A,2024-03-01,162.82,A,F,,,P1D,,A,,,,,,,99Q1=100,,,2,,4F0,,Japanese yen/Euro ECB reference exchange rate,"ECB reference exchange rate, Japanese yen/Euro, 2.15 pm (C.E.T.)",JPY,0
EXR.D.JPY.EUR.SP00.A,D,JPY,EUR,SP00,A,2024-03-04,163.22,A,F,,,P1D,,A,,,,,,,99Q1=100,,,2,,4F0,,Japanese yen/Euro ECB reference exchange rate,"ECB reference exchange rate, Japanese yen/Euro, 2.15 pm (C.E.T.)",JPY,0
EXR.D.JPY.EUR.SP00.A,D,JPY,EUR,SP00,A,2024-03-05,163.01,A,F,,,P1D,,A,,,,,,,99Q1=100,,,2,,4F0,,Japanese yen/Euro ECB reference exchange rate,"ECB reference exchange rate, Japanese yen/Euro, 2.15 pm (C.E.T.)",JPY,0
EXR.D.JPY.EUR.SP00.A,D,JPY,EUR,SP00,A,2024-03-06,162.67,A,F,,,P1D,,A,,,,,,,99Q1=100,,,2,,4F0,,Japanese yen/Euro ECB reference exchange rate,"ECB reference exchange rate, Japanese yen/Euro, 2.15 pm (C.E.T.)",JPY,0
EXR.D.JPY.EUR.SP00.A,D,JPY,EUR,SP00,A,2024-03-07,161.09,A,F,,,P1D,,A,,,,,,,99Q1=100,,,2,,4F0,,Japanese yen/Euro ECB reference exchange rate,"ECB reference exchange rate, Japanese yen/Euro, 2.15 pm (C.E.T.)",JPY,0
EXR.D.JPY.EUR.SP00.A,D,JPY,EUR,SP00,A,2024-03-08,160.99,A,F,,,P1D,,A,,,,,,,99Q1=100,,,2,,4F0,,Japanese yen/Euro ECB reference exchange rate,"ECB reference exchange rate, Japanese yen/Euro, 2.15 pm (C.E.T.)",JPY,0
EXR.D.JPY.EUR.SP00.A,D,JPY,EUR,SP00,A,2024-03-11,160.43,A,F,,,P1D,,A,,,,,,,99Q1=100,,,2,,4F0,,Japanese yen/Euro ECB reference exchange rate,"ECB reference exchange rate, Japanese yen/Euro, 2.15 pm (C.E.T.)",JPY,0
EXR.D.JPY.EUR.SP00.A,D,JPY,EUR,SP00,A,2024-03-12,161.39,A,F,,,P1D,,A,,,,,,,99Q1=100,,,2,,4F0,,Japanese yen/Euro ECB reference exchange rate,"ECB reference exchange rate, Japanese yen/Euro, 2.15 pm (C.E.T.)",JPY,0
EXR.D.JPY.EUR.SP00.A,D,JPY,EUR,SP00,A,2024-03-13,161.83,A,F,,,P1D,,A,,,,,,,99Q1=100,,,2,,4F0,,Japanese yen/Euro ECB reference exchange rate,"ECB reference exchange rate, Japanese yen/Euro, 2.15 pm (C.E.T.)",JPY,0
EXR.D.JPY.EUR.SP00.A,D,JPY,EUR,SP00,A,2024-03-14,161.7,A,F,,,P1D,,A,,,,,,,99Q1=100,,,2,,4F0,,Japanese yen/Euro ECB reference exchange rate,"ECB reference exchange rate, Japanese yen/Euro, 2.15 pm (C.E.T.)",JPY,0
EXR.D.JPY.EUR.SP00.A,D,JPY,EUR,SP00,A,2024-03-15,162.03,A,F,,,P1D,,A,,,,,,,99Q1=100,,,2,,4F0,,Japanese yen/Euro ECB reference exchange rate,"ECB reference exchange rate, Japanese yen/Euro, 2.15 pm (C.E.T.)",JPY,0
EXR.D.JPY.EUR.SP00.A,D,JPY,EUR,SP00,A,2024-03-18,162.51,A,F,,,P1D,,A,,,,,,,99Q1=100,,,2,,4F0,,Japanese yen/Euro ECB reference exchange rate,"ECB reference exchange rate, Japanese yen/Euro, 2.15 pm (C.E.T.)",JPY,0
EXR.D.JPY.EUR.SP00.A,D,JPY,EUR,SP00,A,2024-03-19,163.37,A,F,,,P1D,,A,,,,,,,99Q1=100,,,2,,4F0,,Japanese yen/Euro ECB reference exchange rate,"ECB reference exchange rate, Japanese yen/Euro, 2.15 pm (C.E.T.)",JPY,0
EXR.D.JPY.EUR.SP00.A,D,JPY,EUR,SP00,A,2024-03-20,164.54,A,F,,,P1D,,A,,,,,,,99Q1=100,,,2,,4F0,,Japanese yen/Euro ECB reference exchange rate,"ECB reference exchange rate, Japanese yen/Euro, 2.15 pm (C.E.T.)",JPY,0
EXR.D.JPY.EUR.SP00.A,D,JPY,EUR,SP00,A,2024-03-21,164.96,A,F,,,P1D,,A,,,,,,,99Q1=100,,,2,,4F0,,Japanese yen/Euro ECB reference exchange rate,"ECB reference exchange rate, Japanese yen/Euro, 2.15 pm (C.E.T.)",JPY,0
EXR.D.JPY.EUR.SP00.A,D,JPY,EUR,SP00,A,2024-03-22,163.74,A,F,,,P1D,,A,,,,,,,99Q1=100,,,2,,4F0,,Japanese yen/Euro ECB reference exchange rate,"ECB reference exchange rate, Japanese yen/Euro, 2.15 pm (C.E.T.)",JPY,0
EXR.D.JPY.EUR.SP00.A,D,JPY,EUR,SP00,A,2024-03-25,163.78,A,F,,,P1D,,A,,,,,,,99Q1=100,,,2,,4F0,,Japanese yen/Euro ECB reference exchange rate,"ECB reference exchange rate, Japanese yen/Euro, 2.15 pm (C.E.T.)",JPY,0
EXR.D.JPY.EUR.SP00.A,D,JPY,EUR,SP00,A,2024-03-26,164.4,A,F,,,P1D,,A,,,,,,,99Q1=100,,,2,,4F0,,Japanese yen/Euro ECB reference exchange rate,"ECB reference exchange rate, Japanese yen/Euro, 2.15 pm (C.E.T.)",JPY,0
EXR.D.JPY.EUR.SP00.A,D,JPY,EUR,SP00,A,2024-03-27,163.52,A,F,,,P1D,,A,,,,,,,99Q1=100,,,2,,4F0,,Japanese yen/Euro ECB reference exchange rate,"ECB reference exchange rate, Japanese yen/Euro, 2.15 pm (C.E.T.)",JPY,0
EXR.D.JPY.EUR.SP00.A,D,JPY,EUR,SP00,A,2024-03-28,163.45,A,F,,,P1D,,A,,,,,,,99Q1=100,,,2,,4F0,,Japanese yen/Euro ECB reference exchange rate,"ECB reference exchange rate, Japanese yen/Euro, 2.15 pm (C.E.T.)",JPY,0
EXR.D.JPY.EUR.SP00.A,D,JPY,EUR,SP00,A,2024-04-02,163.01,A,F,,,P1D,,A,,,,,,,99Q1=100,,,2,,4F0,,Japanese yen/Euro ECB reference exchange rate,"ECB reference exchange rate, Japanese yen/Euro, 2.15 pm (C.E.T.)",JPY,0
EXR.D.JPY.EUR.SP00.A,D,JPY,EUR,SP00,A,2024-04-03,163.66,A,F,,,P1D,,A,,,,,,,99Q1=100,,,2,,4F0,,Japanese yen/Euro ECB reference exchange rate,"ECB reference exchange rate, Japanese yen/Euro, 2.15 pm (C.E.T.)",JPY,0
EXR.D.JPY.EUR.SP00.A,D,JPY,EUR,SP00,A,2024-04-04,164.69,A,F,,,P1D,,A,,,,,,,99Q1=100,,,2,,4F0,,Japanese yen/Euro ECB reference exchange rate,"ECB reference exchange rate, Japanese yen/Euro, 2.15 pm (C.E.T.)",JPY,0
EXR.D.JPY.EUR.SP00.A,D,JPY,EUR,SP00,A,2024-04-05,164.1,A,F,,,P1D,,A,,,,,,,99Q1=100,,,2,,4F0,,Japanese yen/Euro ECB reference exchange rate,"ECB reference exchange rate, Japanese yen/Euro, 2.15 pm (C.E.T.)",JPY,0
EXR.D.JPY.EUR.SP00.A,D,JPY,EUR,SP00,A,2024-04-08,164.43,A,F,,,P1D,,A,,,,,,,99Q1=100,,,2,,4F0,,Japanese yen/Euro ECB reference exchange rate,"ECB reference exchange rate, Japanese yen/Euro, 2.15 pm (C.E.T.)",JPY,0
EXR.D.JPY.EUR.SP00.A,D,JPY,EUR,SP00,A,2024-04-09,164.97,A,F,,,P1D,,A,,,,,,,99Q1=100,,,2,,4F0,,Japanese yen/Euro ECB reference exchange rate,"ECB reference exchange rate, Japanese yen/Euro, 2.15 pm (C.E.T.)",JPY,0
EXR.D.JPY.EUR.SP00.A,D,JPY,EUR,SP00,A,2024-04-10,164.89,A,F,,,P1D,,A,,,,,,,99Q1=100,,,2,,4F0,,Japanese yen/Euro ECB reference exchange rate,"ECB reference exchange rate, Japanese yen/Euro, 2.15 pm (C.E.T.)",JPY,0
EXR.D.JPY.EUR.SP00.A,D,JPY,EUR,SP00,A,2024-04-11,164.18,A,F,,,P1D,,A,,,,,,,99Q1=100,,,2,,4F0,,Japanese yen/Euro ECB reference exchange rate,"ECB reference exchange rate, Japanese yen/Euro, 2.15 pm (C.E.T.)",JPY,0
EXR.D.JPY.EUR.SP00.A,D,JPY,EUR,SP00,A,2024-04-12,163.16,A,F,,,P1D,,A,,,,,,,99Q1=100,,,2,,4F0,,Japanese yen/Euro ECB reference exchange rate,"ECB reference exchange rate, Japanese yen/Euro, 2.15 pm (C.E.T.)",JPY,0
EXR.D.JPY.EUR.SP00.A,D,JPY,EUR,SP00,A,2024-04-15,164.05,A,F,,,P1D,,A,,,,,,,99Q1=100,,,2,,4F0,,Japanese yen/Euro ECB reference exchange rate,"ECB reference exchange rate, Japanese yen/Euro, 2.15 pm (C.E.T.)",JPY,0
EXR.D.JPY.EUR.SP00.A,D,JPY,EUR,SP00,A,2024-04-16,164.54,A,F,,,P1D,,A,,,,,,,99Q1=100,,,2,,4F0,,Japanese yen/Euro ECB reference exchange rate,"ECB reference exchange rate, Japanese yen/Euro, 2.15 pm (C.E.T.)",JPY,0
EXR.D.JPY.EUR.SP00.A,D,JPY,EUR,SP00,A,2024-04-17,164.54,A,F,,,P1D,,A,,,,,,,99Q1=100,,,2,,4F0,,Japanese yen/Euro ECB reference exchange rate,"ECB reference exchange rate, Japanese yen/Euro, 2.15 pm (C.E.T.)",JPY,0
EXR.D.JPY.EUR.SP00.A,D,JPY,EUR,SP00,A,2024-04-18,164.82,A,F,,,P1D,,A,,,,,,,99Q1=100,,,2,,4F0,,Japanese yen/Euro ECB reference exchange rate,"ECB reference exchange rate, Japanese yen/Euro, 2.15 pm (C.E.T.)",JPY,0
EXR.D.JPY.EUR.SP00.A,D,JPY,EUR,SP00,A,2024-04-19,164.68,A,F,,,P1D,,A,,,,,,,99Q1=100,,,2,,4F0,,Japanese yen/Euro ECB reference exchange rate,"ECB reference exchange rate, Japanese yen/Euro, 2.15 pm (C.E.T.)",JPY,0
EXR.D.JPY.EUR.SP00.A,D,JPY,EUR,SP00,A,2024-04-22,164.51,A,F,,,P1D,,A,,,,,,,99Q1=100,,,2,,4F0,,Japanese yen/Euro ECB reference exchange rate,"ECB reference exchange rate, Japanese yen/Euro, 2.15 pm (C.E.T.)",JPY,0
EXR.D.JPY.EUR.SP00.A,D,JPY,EUR,SP00,A,2024-04-23,165.23,A,F,,,P1D,,A,,,,,,,99Q1=100,,,2,,4F0,,Japanese yen/Euro ECB reference exchange rate,"ECB reference exchange rate, Japanese yen/Euro, 2.15 pm (C.E.T.)",JPY,0
EXR.D.JPY.EUR.SP00.A,D,JPY,EUR,SP00,A,2024-04-24,165.57,A,F,,,P1D,,A,,,,,,,99Q1=100,,,2,,4F0,,Japanese yen/Euro ECB reference exchange rate,"ECB reference exchange rate, Japanese yen/Euro, 2.15 pm (C.E.T.)",JPY,0
EXR.D.JPY.EUR.SP00.A,D,JPY,EUR,SP00,A,2024-04-25,166.76,A,F,,,P1D,,A,,,,,,,99Q1=100,,,2,,4F0,,Japanese yen/Euro ECB reference exchange rate,"ECB reference exchange rate, Japanese yen/Euro, 2.15 pm (C.E.T.)",JPY,0
EXR.D.JPY.EUR.SP00.A,D,JPY,EUR,SP00,A,2024-04-26,168.03,A,F,,,P1D,,A,,,,,,,99Q1=100,,,2,,4F0,,Japanese yen/Euro ECB reference exchange rate,"ECB reference exchange rate, Japanese yen/Euro, 2.15 pm (C.E.T.)",JPY,0
EXR.D.JPY.EUR.SP00.A,D,JPY,EUR,SP00,A,2024-04-29,167.53,A,F,,,P1D,,A,,,,,,,99Q1=100,,,2,,4F0,,Japanese yen/Euro ECB reference exchange rate,"ECB reference exchange rate, Japanese yen/Euro, 2.15 pm (C.E.T.)",JPY,0
EXR.D.JPY.EUR.SP00.A,D,JPY,EUR,SP00,A,2024-04-30,168.27,A,F,,,P1D,,A,,,,,,,99Q1=100,,,2,,4F0,,Japanese yen/Euro ECB reference exchange rate,"ECB reference exchange rate, Japanese yen/Euro, 2.15 pm (C.E.T.)",JPY,0
EXR.D.JPY.EUR.SP00.A,D,JPY,EUR,SP00,A,2024-05-02,165.63,A,F,,,P1D,,A,,,,,,,99Q1=100,,,2,,4F0,,Japanese yen/Euro ECB reference exchange rate,"ECB reference exchange rate, Japanese yen/Euro, 2.15 pm (C.E.T.)",JPY,0
EXR.D.JPY.EUR.SP00.A,D,JPY,EUR,SP00,A,2024-05-03,164.62,A,F,,,P1D,,A,,,,,,,99Q1=100,,,2,,4F0,,Japanese yen/Euro ECB reference exchange rate,"ECB reference exchange rate, Japanese yen/Euro, 2.15 pm (C.E.T.)",JPY,0
EXR.D.JPY.EUR.SP00.A,D,JPY,EUR,SP00,A,2024-05-06,165.7,A,F,,,P1D,,A,,,,,,,99Q1=100,,,2,,4F0,,Japanese yen/Euro ECB reference exchange rate,"ECB reference exchange rate, Japanese yen/Euro, 2.15 pm (C.E.T.)",JPY,0
EXR.D.JPY.EUR.SP00.A,D,JPY,EUR,SP00,A,2024-05-07,166.45,A,F,,,P1D,,A,,,,,,,99Q1=100,,,2,,4F0,,Japanese yen/Euro ECB reference exchange rate,"ECB reference exchange rate, Japanese yen/Euro, 2.15 pm (C.E.T.)",JPY,0
EXR.D.JPY.EUR.SP00.A,D,JPY,EUR,SP00,A,2024-05-08,167.15,A,F,,,P1D,,A,,,,,,,99Q1=100,,,2,,4F0,,Japanese yen/Euro ECB reference exchange rate,"ECB reference exchange rate, Japanese yen/Euro, 2.15 pm (C.E.T.)",JPY,0
EXR.D.JPY.EUR.SP00.A,D,JPY,EUR,SP00,A,2024-05-09,167.32,A,F,,,P1D,,A,,,,,,,99Q1=100,,,2,,4F0,,Japanese yen/Euro ECB reference exchange rate,"ECB reference exchange rate, Japanese yen/Euro, 2.15 pm (C.E.T.)",JPY,0
EXR.D.JPY.EUR.SP00.A,D,JPY,EUR,SP00,A,2024-05-10,167.87,A,F,,,P1D,,A,,,,,,,99Q1=100,,,2,,4F0,,Japanese yen/Euro ECB reference exchange rate,"ECB reference exchange rate, Japanese yen/Euro, 2.15 pm (C.E.T.)",JPY,0
EXR.D.JPY.EUR.SP00.A,D,JPY,EUR,SP00,A,2024-05-13,168.25,A,F,,,P1D,,A,,,,,,,99Q1=100,,,2,,4F0,,Japanese yen/Euro ECB reference exchange rate,"ECB reference exchange rate, Japanese yen/Euro, 2.15 pm (C.E.T.)",JPY,0
EXR.D.JPY.EUR.SP00.A,D,JPY,EUR,SP00,A,2024-05-14,168.89,A,F,,,P1D,,A,,,,,,,99Q1=100,,,2,,4F0,,Japanese yen/Euro ECB reference exchange rate,"ECB reference exchange rate, Japanese yen/Euro, 2.15 pm (C.E.T.)",JPY,0
EXR.D.JPY.EUR.SP00.A,D,JPY,EUR,SP00,A,2024-05-15,168.43,A,F,,,P1D,,A,,,,,,,99Q1=100,,,2,,4F0,,Japanese yen/Euro ECB reference exchange rate,"ECB reference exchange rate, Japanese yen/Euro, 2.15 pm (C.E.T.)",JPY,0
EXR.D.JPY.EUR.SP00.A,D,JPY,EUR,SP00,A,2024-05-16,168.33,A,F,,,P1D,,A,,,,,,,99Q1=100,,,2,,4F0,,Japanese yen/Euro ECB reference exchange rate,"ECB reference exchange rate, Japanese yen/Euro, 2.15 pm (C.E.T.)",JPY,0
EXR.D.JPY.EUR.SP00.A,D,JPY,EUR,SP00,A,2024-05-17,168.96,A,F,,,P1D,,A,,,,,,,99Q1=100,,,2,,4F0,,Japanese yen/Euro ECB reference exchange rate,"ECB reference exchange rate, Japanese yen/Euro, 2.15 pm (C.E.T.)",JPY,0
EXR.D.JPY.EUR.SP00.A,D,JPY,EUR,SP00,A,2024-05-20,169.25,A,F,,,P1D,,A,,,,,,,99Q1=100,,,2,,4F0,,Japanese yen/Euro ECB reference exchange rate,"ECB reference exchange rate, Japanese yen/Euro, 2.15 pm (C.E.T.)",JPY,0
EXR.D.JPY.EUR.SP00.A,D,JPY,EUR,SP00,A,2024-05-21,169.86,A,F,,,P1D,,A,,,,,,,99Q1=100,,,2,,4F0,,Japanese yen/Euro ECB reference exchange rate,"ECB reference exchange rate, Japanese yen/Euro, 2.15 pm (C.E.T.)",JPY,0
EXR.D.JPY.EUR.SP00.A,D,JPY,EUR,SP00,A,2024-05-22,169.54,A,F,,,P1D,,A,,,,,,,99Q1=100,,,2,,4F0,,Japanese yen/Euro ECB reference exchange rate,"ECB reference exchange rate, Japanese yen/Euro, 2.15 pm (C.E.T.)",JPY,0
EXR.D.JPY.EUR.SP00.A,D,JPY,EUR,SP00,A,2024-05-23,169.9,A,F,,,P1D,,A,,,,,,,99Q1=100,,,2,,4F0,,Japanese yen/Euro ECB reference exchange rate,"ECB reference exchange rate, Japanese yen/Euro, 2.15 pm (C.E.T.)",JPY,0
EXR.D.JPY.EUR.SP00.A,D,JPY,EUR,SP00,A,2024-05-24,170.28,A,F,,,P1D,,A,,,,,,,99Q1=100,,,2,,4F0,,Japanese yen/Euro ECB reference exchange rate,"ECB reference exchange rate, Japanese yen/Euro, 2.15 pm (C.E.T.)",JPY,0
EXR.D.JPY.EUR.SP00.A,D,JPY,EUR,SP00,A,2024-05-27,170.07,A,F,,,P1D,,A,,,,,,,99Q1=100,,,2,,4F0,,Japanese yen/Euro ECB reference exchange rate,"ECB reference exchange rate, Japanese yen/Euro, 2.15 pm (C.E.T.)",JPY,0
EXR.D.JPY.EUR.SP00.A,D,JPY,EUR,SP00,A,2024-05-28,170.54,A,F,,,P1D,,A,,,,,,,99Q1=100,,,2,,4F0,,Japanese yen/Euro ECB reference exchange rate,"ECB reference exchange rate, Japanese yen/Euro, 2.15 pm (C.E.T.)",JPY,0
EXR.D.JPY.EUR.SP00.A,D,JPY,EUR,SP00,A,2024-05-29,170.74,A,F,,,P1D,,A,,,,,,,99Q1=100,,,2,,4F0,,Japanese yen/Euro ECB reference exchange rate,"ECB reference exchange rate, Japanese yen/Euro, 2.15 pm (C.E.T.)",JPY,0
EXR.D.JPY.EUR.SP00.A,D,JPY,EUR,SP00,A,2024-05-30,169.5,A,F,,,P1D,,A,,,,,,,99Q1=100,,,2,,4F0,,Japanese yen/Euro ECB reference exchange rate,"ECB reference exchange rate, Japanese yen/Euro, 2.15 pm (C.E.T.)",JPY,0
EXR.D.JPY.EUR.SP00.A,D,JPY,EUR,SP00,A,2024-05-31,170.52,A,F,,,P1D,,A,,,,,,,99Q1=100,,,2,,4F0,,Japanese yen/Euro ECB reference exchange rate,"ECB reference exchange rate, Japanese yen/Euro, 2.15 pm (C.E.T.)",JPY,0
EXR.D.JPY.EUR.SP00.A,D,JPY,EUR,SP00,A,2024-06-03,170.09,A,F,,,P1D,,A,,,,,,,99Q1=100,,,2,,4F0,,Japanese yen/Euro ECB reference exchange rate,"ECB reference exchange rate, Japanese yen/Euro, 2.15 pm (C.E.T.)",JPY,0
EXR.D.JPY.EUR.SP00.A,D,JPY,EUR,SP00,A,2024-06-04,168.29,A,F,,,P1D,,A,,,,,,,99Q1=100,,,2,,4F0,,Japanese yen/Euro ECB reference exchange rate,"ECB reference exchange rate, Japanese yen/Euro, 2.15 pm (C.E.T.)",JPY,0
EXR.D.JPY.EUR.SP00.A,D,JPY,EUR,SP00,A,2024-06-05,169.72,A,F,,,P1D,,A,,,,,,,99Q1=100,,,2,,4F0,,Japanese yen/Euro ECB reference exchange rate,"ECB reference exchange rate, Japanese yen/Euro, 2.15 pm (C.E.T.)",JPY,0
EXR.D.JPY.EUR.SP00.A,D,JPY,EUR,SP00,A,2024-06-06,169.74,A,F,,,P1D,,A,,,,,,,99Q1=100,,,2,,4F0,,Japanese yen/Euro ECB reference exchange rate,"ECB reference exchange rate, Japanese yen/Euro, 2.15 pm (C.E.T.)",JPY,0
EXR.D.JPY.EUR.SP00.A,D,JPY,EUR,SP00,A,2024-06-07,169.52,A,F,,,P1D,,A,,,,,,,99Q1=100,,,2,,4F0,,Japanese yen/Euro ECB reference exchange rate,"ECB reference exchange rate, Japanese yen/Euro, 2.15 pm (C.E.T.)",JPY,0
EXR.D.JPY.EUR.SP00.A,D,JPY,EUR,SP00,A,2024-06-10,168.74,A,F,,,P1D,,A,,,,,,,99Q1=100,,,2,,4F0,,Japanese yen/Euro ECB reference exchange rate,"ECB reference exchange rate, Japanese yen/Euro, 2.15 pm (C.E.T.)",JPY,0
EXR.D.JPY.EUR.SP00.A,D,JPY,EUR,SP00,A,2024-06-11,168.46,A,F,,,P1D,,A,,,,,,,99Q1=100,,,2,,4F0,,Japanese yen/Euro ECB reference exchange rate,"ECB reference exchange rate, Japanese yen/Euro, 2.15 pm (C.E.T.)",JPY,0
EXR.D.JPY.EUR.SP00.A,D,JPY,EUR,SP00,A,2024-06-12,169.35,A,F,,,P1D,,A,,,,,,,99Q1=100,,,2,,4F0,,Japanese yen/Euro ECB reference exchange rate,"ECB reference exchange rate, Japanese yen/Euro, 2.15 pm (C.E.T.)",JPY,0
EXR.D.JPY.EUR.SP00.A,D,JPY,EUR,SP00,A,2024-06-13,169.58,A,F,,,P1D,,A,,,,,,,99Q1=100,,,2,,4F0,,Japanese yen/Euro ECB reference exchange rate,"ECB reference exchange rate, Japanese yen/Euro, 2.15 pm (C.E.T.)",JPY,0
EXR.D.JPY.EUR.SP00.A,D,JPY,EUR,SP00,A,2024-06-14,167.8,A,F,,,P1D,,A,,,,,,,99Q1=100,,,2,,4F0,,Japanese yen/Euro ECB reference exchange rate,"ECB reference exchange rate, Japanese yen/Euro, 2.15 pm (C.E.T.)",JPY,0
EXR.D.JPY.EUR.SP00.A,D,JPY,EUR,SP00,A,2024-06-17,169.11,A,F,,,P1D,,A,,,,,,,99Q1=100,,,2,,4F0,,Japanese yen/Euro ECB reference exchange rate,"ECB reference exchange rate, Japanese yen/Euro, 2.15 pm (C.E.T.)",JPY,0
EXR.D.JPY.EUR.SP00.A,D,JPY,EUR,SP00,A,2024-06-18,169.41,A,F,,,P1D,,A,,,,,,,99Q1=100,,,2,,4F0,,Japanese yen/Euro ECB reference exchange rate,"ECB reference exchange rate, Japanese yen/Euro, 2.15 pm (C.E.T.)",JPY,0
EXR.D.JPY.EUR.SP00.A,D,JPY,EUR,SP00,A,2024-06-19,169.78,A,F,,,P1D,,A,,,,,,,99Q1=100,,,2,,4F0,,Japanese yen/Euro ECB reference exchange rate,"ECB reference exchange rate, Japanese yen/Euro, 2.15 pm (C.E.T.)",JPY,0
EXR.D.JPY.EUR.SP00.A,D,JPY,EUR,SP00,A,2024-06-20,169.82,A,F,,,P1D,,A,,,,,,,99Q1=100,,,2,,4F0,,Japanese yen/Euro ECB reference exchange rate,"ECB reference exchange rate, Japanese yen/Euro, 2.15 pm (C.E.T.)",JPY,0
EXR.D.JPY.EUR.SP00.A,D,JPY,EUR,SP00,A,2024-06-21,169.82,A,F,,,P1D,,A,,,,,,,99Q1=100,,,2,,4F0,,Japanese yen/Euro ECB reference exchange rate,"ECB reference exchange rate, Japanese yen/Euro, 2.15 pm (C.E.T.)",JPY,0
EXR.D.JPY.EUR.SP00.A,D,JPY,EUR,SP00,A,2024-06-24,171.17,A,F,,,P1D,,A,,,,,,,99Q1=100,,,2,,4F0,,Japanese yen/Euro ECB reference exchange rate,"ECB reference exchange rate, Japanese yen/Euro, 2.15 pm (C.E.T.)",JPY,0
EXR.D.JPY.EUR.SP00.A,D,JPY,EUR,SP00,A,2024-06-25,170.84,A,F,,,P1D,,A,,,,,,,99Q1=100,,,2,,4F0,,Japanese yen/Euro ECB reference exchange rate,"ECB reference exchange rate, Japanese yen/Euro, 2.15 pm (C.E.T.)",JPY,0
EXR.D.JPY.EUR.SP00.A,D,JPY,EUR,SP00,A,2024-06-26,171.42,A,F,,,P1D,,A,,,,,,,99Q1=100,,,2,,4F0,,Japanese yen/Euro ECB reference exchange rate,"ECB reference exchange rate, Japanese yen/Euro, 2.15 pm (C.E.T.)",JPY,0
EXR.D.JPY.EUR.SP00.A,D,JPY,EUR,SP00,A,2024-06-27,171.66,A,F,,,P1D,,A,,,,,,,99Q1=100,,,2,,4F0,,Japanese yen/Euro ECB reference exchange rate,"ECB reference exchange rate, Japanese yen/Euro, 2.15 pm (C.E.T.)",JPY,0
EXR.D.JPY.EUR.SP00.A,D,JPY,EUR,SP00,A,2024-06-28,171.94,A,F,,,P1D,,A,,,,,,,99Q1=100,,,2,,4F0,,Japanese yen/Euro ECB reference exchange rate,"ECB reference exchange rate, Japanese yen/Euro, 2.15 pm (C.E.T.)",JPY,0
EXR.D.JPY.EUR.SP00.A,D,JPY,EUR,SP00,A,2024-07-01,173.15,A,F,,,P1D,,A,,,,,,,99Q1=100,,,2,,4F0,,Japanese yen/Euro ECB reference exchange rate,"ECB reference exchange rate, Japanese yen/Euro, 2.15 pm (C.E.T.)",JPY,0
EXR.D.JPY.EUR.SP00.A,D,JPY,EUR,SP00,A,2024-07-02,173.31,A,F,,,P1D,,A,,,,,,,99Q1=100,,,2,,4F0,,Japanese yen/Euro ECB reference exchange rate,"ECB reference exchange rate, Japanese yen/Euro, 2.15 pm (C.E.T.)",JPY,0
EXR.D.JPY.EUR.SP00.A,D,JPY,EUR,SP00,A,2024-07-03,174.18,A,F,,,P1D,,A,,,,,,,99Q1=100,,,2,,4F0,,Japanese yen/Euro ECB reference exchange rate,"ECB reference exchange rate, Japanese yen/Euro, 2.15 pm (C.E.T.)",JPY,0
EXR.D.JPY.EUR.SP00.A,D,JPY,EUR,SP00,A,2024-07-04,173.84,A,F,,,P1D,,A,,,,,,,99Q1=100,,,2,,4F0,,Japanese yen/Euro ECB reference exchange rate,"ECB reference exchange rate, Japanese yen/Euro, 2.15 pm (C.E.T.)",JPY,0
EXR.D.JPY.EUR.SP00.A,D,JPY,EUR,SP00,A,2024-07-05,174.06,A,F,,,P1D,,A,,,,,,,99Q1=100,,,2,,4F0,,Japanese yen/Euro ECB reference exchange rate,"ECB reference exchange rate, Japanese yen/Euro, 2.15 pm (C.E.T.)",JPY,0
EXR.D.JPY.EUR.SP00.A,D,JPY,EUR,SP00,A,2024-07-08,174.37,A,F,,,P1D,,A,,,,,,,99Q1=100,,,2,,4F0,,Japanese yen/Euro ECB reference exchange rate,"ECB reference exchange rate, Japanese yen/Euro, 2.15 pm (C.E.T.)",JPY,0
EXR.D.JPY.EUR.SP00.A,D,JPY,EUR,SP00,A,2024-07-09,174.2,A,F,,,P1D,,A,,,,,,,99Q1=100,,,2,,4F0,,Japanese yen/Euro ECB reference exchange rate,"ECB reference exchange rate, Japanese yen/Euro, 2.15 pm (C.E.T.)",JPY,0
EXR.D.JPY.EUR.SP00.A,D,JPY,EUR,SP00,A,2024-07-10,174.79,A,F,,,P1D,,A,,,,,,,99Q1=100,,,2,,4F0,,Japanese yen/Euro ECB reference exchange rate,"ECB reference exchange rate, Japanese yen/Euro, 2.15 pm (C.E.T.)",JPY,0
EXR.D.JPY.EUR.SP00.A,D,JPY,EUR,SP00,A,2024-07-11,175.39,A,F,,,P1D,,A,,,,,,,99Q1=100,,,2,,4F0,,Japanese yen/Euro ECB reference exchange rate,"ECB reference exchange rate, Japanese yen/Euro, 2.15 pm (C.E.T.)",JPY,0
EXR.D.JPY.EUR.SP00.A,D,JPY,EUR,SP00,A,2024-07-12,172.87,A,F,,,P1D,,A,,,,,,,99Q1=100,,,2,,4F0,,Japanese yen/Euro ECB reference exchange rate,"ECB reference exchange rate, Japanese yen/Euro, 2.15 pm (C.E.T.)",JPY,0
EXR.D.JPY.EUR.SP00.A,D,JPY,EUR,SP00,A,2024-07-15,172.34,A,F,,,P1D,,A,,,,,,,99Q1=100,,,2,,4F0,,Japanese yen/Euro ECB reference exchange rate,"ECB reference exchange rate, Japanese yen/Euro, 2.15 pm (C.E.T.)",JPY,0
EXR.D.JPY.EUR.SP00.A,D,JPY,EUR,SP00,A,2024-07-16,172.65,A,F,,,P1D,,A,,,,,,,99Q1=100,,,2,,4F0,,Japanese yen/Euro ECB reference exchange rate,"ECB reference exchange rate, Japanese yen/Euro, 2.15 pm (C.E.T.)",JPY,0
EXR.D.JPY.EUR.SP00.A,D,JPY,EUR,SP00,A,2024-07-17,171.21,A,F,,,P1D,,A,,,,,,,99Q1=100,,,2,,4F0,,Japanese yen/Euro ECB reference exchange rate,"ECB reference exchange rate, Japanese yen/Euro, 2.15 pm (C.E.T.)",JPY,0
EXR.D.JPY.EUR.SP00.A,D,JPY,EUR,SP00,A,2024-07-18,171.02,A,F,,,P1D,,A,,,,,,,99Q1=100,,,2,,4F0,,Japanese yen/Euro ECB reference exchange rate,"ECB reference exchange rate, Japanese yen/Euro, 2.15 pm (C.E.T.)",JPY,0
EXR.D.JPY.EUR.SP00.A,D,JPY,EUR,SP00,A,2024-07-19,171.61,A,F,,,P1D,,A,,,,,,,99Q1=100,,,2,,4F0,,Japanese yen/Euro ECB reference exchange rate,"ECB reference exchange rate, Japanese yen/Euro, 2.15 pm (C.E.T.)",JPY,0
EXR.D.JPY.EUR.SP00.A,D,JPY,EUR,SP00,A,2024-07-22,170.8,A,F,,,P1D,,A,,,,,,,99Q1=100,,,2,,4F0,,Japanese yen/Euro ECB reference exchange rate,"ECB reference exchange rate, Japanese yen/Euro, 2.15 pm (C.E.T.)",JPY,0
EXR.D.JPY.EUR.SP00.A,D,JPY,EUR,SP00,A,2024-07-23,169.64,A,F,,,P1D,,A,,,,,,,99Q1=100,,,2,,4F0,,Japanese yen/Euro ECB reference exchange rate,"ECB reference exchange rate, Japanese yen/Euro, 2.15 pm (C.E.T.)",JPY,0
EXR.D.JPY.EUR.SP00.A,D,JPY,EUR,SP00,A,2024-07-24,167.23,A,F,,,P1D,,A,,,,,,,99Q1=100,,,2,,4F0,,Japanese yen/Euro ECB reference exchange rate,"ECB reference exchange rate, Japanese yen/Euro, 2.15 pm (C.E.T.)",JPY,0
EXR.D.JPY.EUR.SP00.A,D,JPY,EUR,SP00,A,2024-07-25,165.62,A,F,,,P1D,,A,,,,,,,99Q1=100,,,2,,4F0,,Japanese yen/Euro ECB reference exchange rate,"ECB reference exchange rate, Japanese yen/Euro, 2.15 pm (C.E.T.)",JPY,0
EXR.D.JPY.EUR.SP00.A,D,JPY,EUR,SP00,A,2024-07-26,167.84,A,F,,,P1D,,A,,,,,,,99Q1=100,,,2,,4F0,,Japanese yen/Euro ECB reference exchange rate,"ECB reference exchange rate, Japanese yen/Euro, 2.15 pm (C.E.T.)",JPY,0
EXR.D.JPY.EUR.SP00.A,D,JPY,EUR,SP00,A,2024-07-29,166.44,A,F,,,P1D,,A,,,,,,,99Q1=100,,,2,,4F0,,Japanese yen/Euro ECB reference exchange rate,"ECB reference exchange rate, Japanese yen/Euro, 2.15 pm (C.E.T.)",JPY,0
EXR.D.JPY.EUR.SP00.A,D,JPY,EUR,SP00,A,2024-07-30,167.61,A,F,,,P1D,,A,,,,,,,99Q1=100,,,2,,4F0,,Japanese yen/Euro ECB reference exchange rate,"ECB reference exchange rate, Japanese yen/Euro, 2.15 pm (C.E.T.)",JPY,0
EXR.D.JPY.EUR.SP00.A,D,JPY,EUR,SP00,A,2024-07-31,162.76,A,F,,,P1D,,A,,,,,,,99Q1=100,,,2,,4F0,,Japanese yen/Euro ECB reference exchange rate,"ECB reference exchange rate, Japanese yen/Euro, 2.15 pm (C.E.T.)",JPY,0
EXR.D.JPY.EUR.SP00.A,D,JPY,EUR,SP00,A,2024-08-01,162.66,A,F,,,P1D,,A,,,,,,,99Q1=100,,,2,,4F0,,Japanese yen/Euro ECB reference exchange rate,"ECB reference exchange rate, Japanese yen/Euro, 2.15 pm (C.E.T.)",JPY,0
EXR.D.JPY.EUR.SP00.A,D,JPY,EUR,SP00,A,2024-08-02,161.37,A,F,,,P1D,,A,,,,,,,99Q1=100,,,2,,4F0,,Japanese yen/Euro ECB reference exchange rate,"ECB reference exchange rate, Japanese yen/Euro, 2.15 pm (C.E.T.)",JPY,0
EXR.D.JPY.EUR.SP00.A,D,JPY,EUR,SP00,A,2024-08-05,155.98,A,F,,,P1D,,A,,,,,,,99Q1=100,,,2,,4F0,,Japanese yen/Euro ECB reference exchange rate,"ECB reference exchange rate, Japanese yen/Euro, 2.15 pm (C.E.T.)",JPY,0
EXR.D.JPY.EUR.SP00.A,D,JPY,EUR,SP00,A,2024-08-06,158.29,A,F,,,P1D,,A,,,,,,,99Q1=100,,,2,,4F0,,Japanese yen/Euro ECB reference exchange rate,"ECB reference exchange rate, Japanese yen/Euro, 2.15 pm (C.E.T.)",JPY,0
EXR.D.JPY.EUR.SP00.A,D,JPY,EUR,SP00,A,2024-08-07,160.62,A,F,,,P1D,,A,,,,,,,99Q1=100,,,2,,4F0,,Japanese yen/Euro ECB reference exchange rate,"ECB reference exchange rate, Japanese yen/Euro, 2.15 pm (C.E.T.)",JPY,0
EXR.D.JPY.EUR.SP00.A,D,JPY,EUR,SP00,A,2024-08-08,159.74,A,F,,,P1D,,A,,,,,,,99Q1=100,,,2,,4F0,,Japanese yen/Euro ECB reference exchange rate,"ECB reference exchange rate, Japanese yen/Euro, 2.15 pm (C.E.T.)",JPY,0
EXR.D.JPY.EUR.SP00.A,D,JPY,EUR,SP00,A,2024-08-09,160.33,A,F,,,P1D,,A,,,,,,,99Q1=100,,,2,,4F0,,Japanese yen/Euro ECB reference exchange rate,"ECB reference exchange rate, Japanese yen/Euro, 2.15 pm (C.E.T.)",JPY,0
EXR.D.JPY.EUR.SP00.A,D,JPY,EUR,SP00,A,2024-08-12,161.25,A,F,,,P1D,,A,,,,,,,99Q1=100,,,2,,4F0,,Japanese yen/Euro ECB reference exchange rate,"ECB reference exchange rate, Japanese yen/Euro, 2.15 pm (C.E.T.)",JPY,0
EXR.D.JPY.EUR.SP00.A,D,JPY,EUR,SP00,A,2024-08-13,161.17,A,F,,,P1D,,A,,,,,,,99Q1=100,,,2,,4F0,,Japanese yen/Euro ECB reference exchange rate,"ECB reference exchange rate, Japanese yen/Euro, 2.15 pm (C.E.T.)",JPY,0
EXR.D.JPY.EUR.SP00.A,D,JPY,EUR,SP00,A,2024-08-14,161.98,A,F,,,P1D,,A,,,,,,,99Q1=100,,,2,,4F0,,Japanese yen/Euro ECB reference exchange rate,"ECB reference exchange rate, Japanese yen/Euro, 2.15 pm (C.E.T.)",JPY,0
EXR.D.JPY.EUR.SP00.A,D,JPY,EUR,SP00,A,2024-08-15,162.14,A,F,,,P1D,,A,,,,,,,99Q1=100,,,2,,4F0,,Japanese yen/Euro ECB reference exchange rate,"ECB reference exchange rate, Japanese yen/Euro, 2.15 pm (C.E.T.)",JPY,0
EXR.D.JPY.EUR.SP00.A,D,JPY,EUR,SP00,A,2024-08-16,162.72,A,F,,,P1D,,A,,,,,,,99Q1=100,,,2,,4F0,,Japanese yen/Euro ECB reference exchange rate,"ECB reference exchange rate, Japanese yen/Euro, 2.15 pm (C.E.T.)",JPY,0
EXR.D.JPY.EUR.SP00.A,D,JPY,EUR,SP00,A,2024-08-19,161.22,A,F,,,P1D,,A,,,,,,,99Q1=100,,,2,,4F0,,Japanese yen/Euro ECB reference exchange rate,"ECB reference exchange rate, Japanese yen/Euro, 2.15 pm (C.E.T.)",JPY,0
EXR.D.JPY.EUR.SP00.A,D,JPY,EUR,SP00,A,2024-08-20,162.18,A,F,,,P1D,,A,,,,,,,99Q1=100,,,2,,4F0,,Japanese yen/Euro ECB reference exchange rate,"ECB reference exchange rate, Japanese yen/Euro, 2.15 pm (C.E.T.)",JPY,0
EXR.D.JPY.EUR.SP00.A,D,JPY,EUR,SP00,A,2024-08-21,162.26,A,F,,,P1D,,A,,,,,,,99Q1=100,,,2,,4F0,,Japanese yen/Euro ECB reference exchange rate,"ECB reference exchange rate, Japanese yen/Euro, 2.15 pm (C.E.T.)",JPY,0
EXR.D.JPY.EUR.SP00.A,D,JPY,EUR,SP00,A,2024-08-22,162.64,A,F,,,P1D,,A,,,,,,,99Q1=100,,,2,,4F0,,Japanese yen/Euro ECB reference exchange rate,"ECB reference exchange rate, Japanese yen/Euro, 2.15 pm (C.E.T.)",JPY,0
EXR.D.JPY.EUR.SP00.A,D,JPY,EUR,SP00,A,2024-08-23,162.37,A,F,,,P1D,,A,,,,,,,99Q1=100,,,2,,4F0,,Japanese yen/Euro ECB reference exchange rate,"ECB reference exchange rate, Japanese yen/Euro, 2.15 pm (C.E.T.)",JPY,0
EXR.D.JPY.EUR.SP00.A,D,JPY,EUR,SP00,A,2024-08-26,160.94,A,F,,,P1D,,A,,,,,,,99Q1=100,,,2,,4F0,,Japanese yen/Euro ECB reference exchange rate,"ECB reference exchange rate, Japanese yen/Euro, 2.15 pm (C.E.T.)",JPY,0
EXR.D.JPY.EUR.SP00.A,D,JPY,EUR,SP00,A,2024-08-27,161.24,A,F,,,P1D,,A,,,,,,,99Q1=100,,,2,,4F0,,Japanese yen/Euro ECB reference exchange rate,"ECB reference exchange rate, Japanese yen/Euro, 2.15 pm (C.E.T.)",JPY,0
EXR.D.JPY.EUR.SP00.A,D,JPY,EUR,SP00,A,2024-08-28,160.57,A,F,,,P1D,,A,,,,,,,99Q1=100,,,2,,4F0,,Japanese yen/Euro ECB reference exchange rate,"ECB reference exchange rate, Japanese yen/Euro, 2.15 pm (C.E.T.)",JPY,0
EXR.D.JPY.EUR.SP00.A,D,JPY,EUR,SP00,A,2024-08-29,160.36,A,F,,,P1D,,A,,,,,,,99Q1=100,,,2,,4F0,,Japanese yen/Euro ECB reference exchange rate,"ECB reference exchange rate, Japanese yen/Euro, 2.15 pm (C.E.T.)",JPY,0
EXR.D.JPY.EUR.SP00.A,D,JPY,EUR,SP00,A,2024-08-30,161.19,A,F,,,P1D,,A,,,,,,,99Q1=100,,,2,,4F0,,Japanese yen/Euro ECB reference exchange rate,"ECB reference exchange rate, Japanese yen/Euro, 2.15 pm (C.E.T.)",JPY,0
EXR.D.JPY.EUR.SP00.A,D,JPY,EUR,SP00,A,2024-09-02,162.56,A,F,,,P1D,,A,,,,,,,99Q1=100,,,2,,4F0,,Japanese yen/Euro ECB reference exchange rate,"ECB reference exchange rate, Japanese yen/Euro, 2.15 pm (C.E.T.)",JPY,0
EXR.D.JPY.EUR.SP00.A,D,JPY,EUR,SP00,A,2024-09-03,161.26,A,F,,,P1D,,A,,,,,,,99Q1=100,,,2,,4F0,,Japanese yen/Euro ECB reference exchange rate,"ECB reference exchange rate, Japanese yen/Euro, 2.15 pm (C.E.T.)",JPY,0
EXR.D.JPY.EUR.SP00.A,D,JPY,EUR,SP00,A,2024-09-04,160.26,A,F,,,P1D,,A,,,,,,,99Q1=100,,,2,,4F0,,Japanese yen/Euro ECB reference exchange rate,"ECB reference exchange rate, Japanese yen/Euro, 2.15 pm (C.E.T.)",JPY,0
EXR.D.JPY.EUR.SP00.A,D,JPY,EUR,SP00,A,2024-09-05,159.2,A,F,,,P1D,,A,,,,,,,99Q1=100,,,2,,4F0,,Japanese yen/Euro ECB reference exchange rate,"ECB reference exchange rate, Japanese yen/Euro, 2.15 pm (C.E.T.)",JPY,0
EXR.D.JPY.EUR.SP00.A,D,JPY,EUR,SP00,A,2024-09-06,158.93,A,F,,,P1D,,A,,,,,,,99Q1=100,,,2,,4F0,,Japanese yen/Euro ECB reference exchange rate,"ECB reference exchange rate, Japanese yen/Euro, 2.15 pm (C.E.T.)",JPY,0
EXR.D.JPY.EUR.SP00.A,D,JPY,EUR,SP00,A,2024-09-09,158.53,A,F,,,P1D,,A,,,,,,,99Q1=100,,,2,,4F0,,Japanese yen/Euro ECB reference exchange rate,"ECB reference exchange rate, Japanese yen/Euro, 2.15 pm (C.E.T.)",JPY,0
EXR.D.JPY.EUR.SP00.A,D,JPY,EUR,SP00,A,2024-09-10,157.81,A,F,,,P1D,,A,,,,,,,99Q1=100,,,2,,4F0,,Japanese yen/Euro ECB reference exchange rate,"ECB reference exchange rate, Japanese yen/Euro, 2.15 pm (C.E.T.)",JPY,0
EXR.D.JPY.EUR.SP00.A,D,JPY,EUR,SP00,A,2024-09-11,156.6,A,F,,,P1D,,A,,,,,,,99Q1=100,,,2,,4F0,,Japanese yen/Euro ECB reference exchange rate,"ECB reference exchange rate, Japanese yen/Euro, 2.15 pm (C.E.T.)",JPY,0
EXR.D.JPY.EUR.SP00.A,D,JPY,EUR,SP00,A,2024-09-12,157.02,A,F,,,P1D,,A,,,,,,,99Q1=100,,,2,,4F0,,Japanese yen/Euro ECB reference exchange rate,"ECB reference exchange rate, Japanese yen/Euro, 2.15 pm (C.E.T.)",JPY,0
EXR.D.JPY.EUR.SP00.A,D,JPY,EUR,SP00,A,2024-09-13,156.17,A,F,,,P1D,,A,,,,,,,99Q1=100,,,2,,4F0,,Japanese yen/Euro ECB reference exchange rate,"ECB reference exchange rate, Japanese yen/Euro, 2.15 pm (C.E.T.)",JPY,0
EXR.D.JPY.EUR.SP00.A,D,JPY,EUR,SP00,A,2024-09-16,155.66,A,F,,,P1D,,A,,,,,,,99Q1=100,,,2,,4F0,,Japanese yen/Euro ECB reference exchange rate,"ECB reference exchange rate, Japanese yen/Euro, 2.15 pm (C.E.T.)",JPY,0
EXR.D.JPY.EUR.SP00.A,D,JPY,EUR,SP00,A,2024-09-17,156.71,A,F,,,P1D,,A,,,,,,,99Q1=100,,,2,,4F0,,Japanese yen/Euro ECB reference exchange rate,"ECB reference exchange rate, Japanese yen/Euro, 2.15 pm (C.E.T.)",JPY,0
EXR.D.JPY.EUR.SP00.A,D,JPY,EUR,SP00,A,2024-09-18,157.94,A,F,,,P1D,,A,,,,,,,99Q1=100,,,2,,4F0,,Japanese yen/Euro ECB reference exchange rate,"ECB reference exchange rate, Japanese yen/Euro, 2.15 pm (C.E.T.)",JPY,0
EXR.D.JPY.EUR.SP00.A,D,JPY,EUR,SP00,A,2024-09-19,159.53,A,F,,,P1D,,A,,,,,,,99Q1=100,,,2,,4F0,,Japanese yen/Euro ECB reference exchange rate,"ECB reference exchange rate, Japanese yen/Euro, 2.15 pm (C.E.T.)",JPY,0
EXR.D.JPY.EUR.SP00.A,D,JPY,EUR,SP00,A,2024-09-20,161.08,A,F,,,P1D,,A,,,,,,,99Q1=100,,,2,,4F0,,Japanese yen/Euro ECB reference exchange rate,"ECB reference exchange rate, Japanese yen/Euro, 2.15 pm (C.E.T.)",JPY,0
EXR.D.JPY.EUR.SP00.A,D,JPY,EUR,SP00,A,2024-09-23,159.58,A,F,,,P1D,,A,,,,,,,99Q1=100,,,2,,4F0,,Japanese yen/Euro ECB reference exchange rate,"ECB reference exchange rate, Japanese yen/Euro, 2.15 pm (C.E.T.)",JPY,0
EXR.D.JPY.EUR.SP00.A,D,JPY,EUR,SP00,A,2024-09-24,160.14,A,F,,,P1D,,A,,,,,,,99Q1=100,,,2,,4F0,,Japanese yen/Euro ECB reference exchange rate,"ECB reference exchange rate, Japanese yen/Euro, 2.15 pm (C.E.T.)",JPY,0
EXR.D.JPY.EUR.SP00.A,D,JPY,EUR,SP00,A,2024-09-25,161.49,A,F,,,P1D,,A,,,,,,,99Q1=100,,,2,,4F0,,Japanese yen/Euro ECB reference exchange rate,"ECB reference exchange rate, Japanese yen/Euro, 2.15 pm (C.E.T.)",JPY,0
EXR.D.JPY.EUR.SP00.A,D,JPY,EUR,SP00,A,2024-09-26,160.78,A,F,,,P1D,,A,,,,,,,99Q1=100,,,2,,4F0,,Japanese yen/Euro ECB reference exchange rate,"ECB reference exchange rate, Japanese yen/Euro, 2.15 pm (C.E.T.)",JPY,0
EXR.D.JPY.EUR.SP00.A,D,JPY,EUR,SP00,A,2024-09-27,159.63,A,F,,,P1D,,A,,,,,,,99Q1=100,,,2,,4F0,,Japanese yen/Euro ECB reference exchange rate,"ECB reference exchange rate, Japanese yen/Euro, 2.15 pm (C.E.T.)",JPY,0
EXR.D.JPY.EUR.SP00.A,D,JPY,EUR,SP00,A,2024-09-30,159.82,A,F,,,P1D,,A,,,,,,,99Q1=100,,,2,,4F0,,Japanese yen/Euro ECB reference exchange rate,"ECB reference exchange rate, Japanese yen/Euro, 2.15 pm (C.E.T.)",JPY,0
EXR.D.JPY.EUR.SP00.A,D,JPY,EUR,SP00,A,2024-10-01,159.37,A,F,,,P1D,,A,,,,,,,99Q1=100,,,2,,4F0,,Japanese yen/Euro ECB reference exchange rate,"ECB reference exchange rate, Japanese yen/Euro, 2.15 pm (C.E.T.)",JPY,0
EXR.D.JPY.EUR.SP00.A,D,JPY,EUR,SP00,A,2024-10-02,160.26,A,F,,,P1D,,A,,,,,,,99Q1=100,,,2,,4F0,,Japanese yen/Euro ECB reference exchange rate,"ECB reference exchange rate, Japanese yen/Euro, 2.15 pm (C.E.T.)",JPY,0
EXR.D.JPY.EUR.SP00.A,D,JPY,EUR,SP00,A,2024-10-03,161.98,A,F,,,P1D,,A,,,,,,,99Q1=100,,,2,,4F0,,Japanese yen/Euro ECB reference exchange rate,"ECB reference exchange rate, Japanese yen/Euro, 2.15 pm (C.E.T.)",JPY,0
EXR.D.JPY.EUR.SP00.A,D,JPY,EUR,SP00,A,2024-10-04,161.69,A,F,,,P1D,,A,,,,,,,99Q1=100,,,2,,4F0,,Japanese yen/Euro ECB reference exchange rate,"ECB reference exchange rate, Japanese yen/Euro, 2.15 pm (C.E.T.)",JPY,0
EXR.D.JPY.EUR.SP00.A,D,JPY,EUR,SP00,A,2024-10-07,162.63,A,F,,,P1D,,A,,,,,,,99Q1=100,,,2,,4F0,,Japanese yen/Euro ECB reference exchange rate,"ECB reference exchange rate, Japanese yen/Euro, 2.15 pm (C.E.T.)",JPY,0
EXR.D.JPY.EUR.SP00.A,D,JPY,EUR,SP00,A,2024-10-08,162.49,A,F,,,P1D,,A,,,,,,,99Q1=100,,,2,,4F0,,Japanese yen/Euro ECB reference exchange rate,"ECB reference exchange rate, Japanese yen/Euro, 2.15 pm (C.E.T.)",JPY,0
EXR.D.JPY.EUR.SP00.A,D,JPY,EUR,SP00,A,2024-10-09,162.97,A,F,,,P1D,,A,,,,,,,99Q1=100,,,2,,4F0,,Japanese yen/Euro ECB reference exchange rate,"ECB reference exchange rate, Japanese yen/Euro, 2.15 pm (C.E.T.)",JPY,0
EXR.D.JPY.EUR.SP00.A,D,JPY,EUR,SP00,A,2024-10-10,162.85,A,F,,,P1D,,A,,,,,,,99Q1=100,,,2,,4F0,,Japanese yen/Euro ECB reference exchange rate,"ECB reference exchange rate, Japanese yen/Euro, 2.15 pm (C.E.T.)",JPY,0
EXR.D.JPY.EUR.SP00.A,D,JPY,EUR,SP00,A,2024-10-11,162.94,A,F,,,P1D,,A,,,,,,,99Q1=100,,,2,,4F0,,Japanese yen/Euro ECB reference exchange rate,"ECB reference exchange rate, Japanese yen/Euro, 2.15 pm (C.E.T.)",JPY,0
EXR.D.JPY.EUR.SP00.A,D,JPY,EUR,SP00,A,2024-10-14,163.39,A,F,,,P1D,,A,,,,,,,99Q1=100,,,2,,4F0,,Japanese yen/Euro ECB reference exchange rate,"ECB reference exchange rate, Japanese yen/Euro, 2.15 pm (C.E.T.)",JPY,0
EXR.D.JPY.EUR.SP00.A,D,JPY,EUR,SP00,A,2024-10-15,162.85,A,F,,,P1D,,A,,,,,,,99Q1=100,,,2,,4F0,,Japanese yen/Euro ECB reference exchange rate,"ECB reference exchange rate, Japanese yen/Euro, 2.15 pm (C.E.T.)",JPY,0
EXR.D.JPY.EUR.SP00.A,D,JPY,EUR,SP00,A,2024-10-16,162.57,A,F,,,P1D,,A,,,,,,,99Q1=100,,,2,,4F0,,Japanese yen/Euro ECB reference exchange rate,"ECB reference exchange rate, Japanese yen/Euro, 2.15 pm (C.E.T.)",JPY,0
EXR.D.JPY.EUR.SP00.A,D,JPY,EUR,SP00,A,2024-10-17,162.5,A,F,,,P1D,,A,,,,,,,99Q1=100,,,2,,4F0,,Japanese yen/Euro ECB reference exchange rate,"ECB reference exchange rate, Japanese yen/Euro, 2.15 pm (C.E.T.)",JPY,0
EXR.D.JPY.EUR.SP00.A,D,JPY,EUR,SP00,A,2024-10-18,162.75,A,F,,,P1D,,A,,,,,,,99Q1=100,,,2,,4F0,,Japanese yen/Euro ECB reference exchange rate,"ECB reference exchange rate, Japanese yen/Euro, 2.15 pm (C.E.T.)",JPY,0
EXR.D.JPY.EUR.SP00.A,D,JPY,EUR,SP00,A,2024-10-21,162.79,A,F,,,P1D,,A,,,,,,,99Q1=100,,,2,,4F0,,Japanese yen/Euro ECB reference exchange rate,"ECB reference exchange rate, Japanese yen/Euro, 2.15 pm (C.E.T.)",JPY,0
EXR.D.JPY.EUR.SP00.A,D,JPY,EUR,SP00,A,2024-10-22,163.22,A,F,,,P1D,,A,,,,,,,99Q1=100,,,2,,4F0,,Japanese yen/Euro ECB reference exchange rate,"ECB reference exchange rate, Japanese yen/Euro, 2.15 pm (C.E.T.)",JPY,0
EXR.D.JPY.EUR.SP00.A,D,JPY,EUR,SP00,A,2024-10-23,164.66,A,F,,,P1D,,A,,,,,,,99Q1=100,,,2,,4F0,,Japanese yen/Euro ECB reference exchange rate,"ECB reference exchange rate, Japanese yen/Euro, 2.15 pm (C.E.T.)",JPY,0
EXR.D.JPY.EUR.SP00.A,D,JPY,EUR,SP00,A,2024-10-24,164.12,A,F,,,P1D,,A,,,,,,,99Q1=100,,,2,,4F0,,Japanese yen/Euro ECB reference exchange rate,"ECB reference exchange rate, Japanese yen/Euro, 2.15 pm (C.E.T.)",JPY,0
EXR.D.JPY.EUR.SP00.A,D,JPY,EUR,SP00,A,2024-10-25,164.45,A,F,,,P1D,,A,,,,,,,99Q1=100,,,2,,4F0,,Japanese yen/Euro ECB reference exchange rate,"ECB reference exchange rate, Japanese yen/Euro, 2.15 pm (C.E.T.)",JPY,0
EXR.D.JPY.EUR.SP00.A,D,JPY,EUR,SP00,A,2024-10-28,165.18,A,F,,,P1D,,A,,,,,,,99Q1=100,,,2,,4F0,,Japanese yen/Euro ECB reference exchange rate,"ECB reference exchange rate, Japanese yen/Euro, 2.15 pm (C.E.T.)",JPY,0
EXR.D.JPY.EUR.SP00.A,D,JPY,EUR,SP00,A,2024-10-29,165.66,A,F,,,P1D,,A,,,,,,,99Q1=100,,,2,,4F0,,Japanese yen/Euro ECB reference exchange rate,"ECB reference exchange rate, Japanese yen/Euro, 2.15 pm (C.E.T.)",JPY,0
EXR.D.JPY.EUR.SP00.A,D,JPY,EUR,SP00,A,2024-10-30,165.91,A,F,,,P1D,,A,,,,,,,99Q1=100,,,2,,4F0,,Japanese yen/Euro ECB reference exchange rate,"ECB reference exchange rate, Japanese yen/Euro, 2.15 pm (C.E.T.)",JPY,0
EXR.D.JPY.EUR.SP00.A,D,JPY,EUR,SP00,A,2024-10-31,166.3,A,F,,,P1D,,A,,,,,,,99Q1=100,,,2,,4F0,,Japanese yen/Euro ECB reference exchange rate,"ECB reference exchange rate, Japanese yen/Euro, 2.15 pm (C.E.T.)",JPY,0
EXR.D.JPY.EUR.SP00.A,D,JPY,EUR,SP00,A,2024-11-01,165.54,A,F,,,P1D,,A,,,,,,,99Q1=100,,,2,,4F0,,Japanese yen/Euro ECB reference exchange rate,"ECB reference exchange rate, Japanese yen/Euro, 2.15 pm (C.E.T.)",JPY,0
EXR.D.JPY.EUR.SP00.A,D,JPY,EUR,SP00,A,2024-11-04,165.47,A,F,,,P1D,,A,,,,,,,99Q1=100,,,2,,4F0,,Japanese yen/Euro ECB reference exchange rate,"ECB reference exchange rate, Japanese yen/Euro, 2.15 pm (C.E.T.)",JPY,0
EXR.D.JPY.EUR.SP00.A,D,JPY,EUR,SP00,A,2024-11-05,165.93,A,F,,,P1D,,A,,,,,,,99Q1=100,,,2,,4F0,,Japanese yen/Euro ECB reference exchange rate,"ECB reference exchange rate, Japanese yen/Euro, 2.15 pm (C.E.T.)",JPY,0
EXR.D.JPY.EUR.SP00.A,D,JPY,EUR,SP00,A,2024-11-06,165.05,A,F,,,P1D,,A,,,,,,,99Q1=100,,,2,,4F0,,Japanese yen/Euro ECB reference exchange rate,"ECB reference exchange rate, Japanese yen/Euro, 2.15 pm (C.E.T.)",JPY,0
EXR.D.JPY.EUR.SP00.A,D,JPY,EUR,SP00,A,2024-11-07,165.71,A,F,,,P1D,,A,,,,,,,99Q1=100,,,2,,4F0,,Japanese yen/Euro ECB reference exchange rate,"ECB reference exchange rate, Japanese yen/Euro, 2.15 pm (C.E.T.)",JPY,0
EXR.D.JPY.EUR.SP00.A,D,JPY,EUR,SP00,A,2024-11-08,164.18,A,F,,,P1D,,A,,,,,,,99Q1=100,,,2,,4F0,,Japanese yen/Euro ECB reference exchange rate,"ECB reference exchange rate, Japanese yen/Euro, 2.15 pm (C.E.T.)",JPY,0
EXR.D.JPY.EUR.SP00.A,D,JPY,EUR,SP00,A,2024-11-11,163.82,A,F,,,P1D,,A,,,,,,,99Q1=100,,,2,,4F0,,Japanese yen/Euro ECB reference exchange rate,"ECB reference exchange rate, Japanese yen/Euro, 2.15 pm (C.E.T.)",JPY,0
EXR.D.JPY.EUR.SP00.A,D,JPY,EUR,SP00,A,2024-11-12,163.71,A,F,,,P1D,,A,,,,,,,99Q1=100,,,2,,4F0,,Japanese yen/Euro ECB reference exchange rate,"ECB reference exchange rate, Japanese yen/Euro, 2.15 pm (C.E.T.)",JPY,0
EXR.D.JPY.EUR.SP00.A,D,JPY,EUR,SP00,A,2024-11-13,164.71,A,F,,,P1D,,A,,,,,,,99Q1=100,,,2,,4F0,,Japanese yen/Euro ECB reference exchange rate,"ECB reference exchange rate, Japanese yen/Euro, 2.15 pm (C.E.T.)",JPY,0
EXR.D.JPY.EUR.SP00.A,D,JPY,EUR,SP00,A,2024-11-14,164.24,A,F,,,P1D,,A,,,,,,,99Q1=100,,,2,,4F0,,Japanese yen/Euro ECB reference exchange rate,"ECB reference exchange rate, Japanese yen/Euro, 2.15 pm (C.E.T.)",JPY,0
EXR.D.JPY.EUR.SP00.A,D,JPY,EUR,SP00,A,2024-11-15,164.36,A,F,,,P1D,,A,,,,,,,99Q1=100,,,2,,4F0,,Japanese yen/Euro ECB reference exchange rate,"ECB reference exchange rate, Japanese yen/Euro, 2.15 pm (C.E.T.)",JPY,0
EXR.D.JPY.EUR.SP00.A,D,JPY,EUR,SP00,A,2024-11-18,163.74,A,F,,,P1D,,A,,,,,,,99Q1=100,,,2,,4F0,,Japanese yen/Euro ECB reference exchange rate,"ECB reference exchange rate, Japanese yen/Euro, 2.15 pm (C.E.T.)",JPY,0
EXR.D.JPY.EUR.SP00.A,D,JPY,EUR,SP00,A,2024-11-19,162.71,A,F,,,P1D,,A,,,,,,,99Q1=100,,,2,,4F0,,Japanese yen/Euro ECB reference exchange rate,"ECB reference exchange rate, Japanese yen/Euro, 2.15 pm (C.E.T.)",JPY,0
EXR.D.JPY.EUR.SP00.A,D,JPY,EUR,SP00,A,2024-11-20,164.42,A,F,,,P1D,,A,,,,,,,99Q1=100,,,2,,4F0,,Japanese yen/Euro ECB reference exchange rate,"ECB reference exchange rate, Japanese yen/Euro, 2.15 pm (C.E.T.)",JPY,0
EXR.D.JPY.EUR.SP00.A,D,JPY,EUR,SP00,A,2024-11-21,162.53,A,F,,,P1D,,A,,,,,,,99Q1=100,,,2,,4F0,,Japanese yen/Euro ECB reference exchange rate,"ECB reference exchange rate, Japanese yen/Euro, 2.15 pm (C.E.T.)",JPY,0
EXR.D.JPY.EUR.SP00.A,D,JPY,EUR,SP00,A,2024-11-22,160.84,A,F,,,P1D,,A,,,,,,,99Q1=100,,,2,,4F0,,Japanese yen/Euro ECB reference exchange rate,"ECB reference exchange rate, Japanese yen/Euro, 2.15 pm (C.E.T.)",JPY,0
EXR.D.JPY.EUR.SP00.A,D,JPY,EUR,SP00,A,2024-11-25,161.64,A,F,,,P1D,,A,,,,,,,99Q1=100,,,2,,4F0,,Japanese yen/Euro ECB reference exchange rate,"ECB reference exchange rate, Japanese yen/Euro, 2.15 pm (C.E.T.)",JPY,0
EXR.D.JPY.EUR.SP00.A,D,JPY,EUR,SP00,A,2024-11-26,161.13,A,F,,,P1D,,A,,,,,,,99Q1=100,,,2,,4F0,,Japanese yen/Euro ECB reference exchange rate,"ECB reference exchange rate, Japanese yen/Euro, 2.15 pm (C.E.T.)",JPY,0
EXR.D.JPY.EUR.SP00.A,D,JPY,EUR,SP00,A,2024-11-27,159.65,A,F,,,P1D,,A,,,,,,,99Q1=100,,,2,,4F0,,Japanese yen/Euro ECB reference exchange rate,"ECB reference exchange rate, Japanese yen/Euro, 2.15 pm (C.E.T.)",JPY,0
EXR.D.JPY.EUR.SP00.A,D,JPY,EUR,SP00,A,2024-11-28,159.89,A,F,,,P1D,,A,,,,,,,99Q1=100,,,2,,4F0,,Japanese yen/Euro ECB reference exchange rate,"ECB reference exchange rate, Japanese yen/Euro, 2.15 pm (C.E.T.)",JPY,0
EXR.D.JPY.EUR.SP00.A,D,JPY,EUR,SP00,A,2024-11-29,158.64,A,F,,,P1D,,A,,,,,,,99Q1=100,,,2,,4F0,,Japanese yen/Euro ECB reference exchange rate,"ECB reference exchange rate, Japanese yen/Euro, 2.15 pm (C.E.T.)",JPY,0
EXR.D.JPY.EUR.SP00.A,D,JPY,EUR,SP00,A,2024-12-02,157.74,A,F,,,P1D,,A,,,,,,,99Q1=100,,,2,,4F0,,Japanese yen/Euro ECB reference exchange rate,"ECB reference exchange rate, Japanese yen/Euro, 2.15 pm (C.E.T.)",JPY,0
EXR.D.JPY.EUR.SP00.A,D,JPY,EUR,SP00,A,2024-12-03,157.3,A,F,,,P1D,,A,,,,,,,99Q1=100,,,2,,4F0,,Japanese yen/Euro ECB reference exchange rate,"ECB reference exchange rate, Japanese yen/Euro, 2.15 pm (C.E.T.)",JPY,0
EXR.D.JPY.EUR.SP00.A,D,JPY,EUR,SP00,A,2024-12-04,158.59,A,F,,,P1D,,A,,,,,,,99Q1=100,,,2,,4F0,,Japanese yen/Euro ECB reference exchange rate,"ECB reference exchange rate, Japanese yen/Euro, 2.15 pm (C.E.T.)",JPY,0
EXR.D.JPY.EUR.SP00.A,D,JPY,EUR,SP00,A,2024-12-05,158.52,A,F,,,P1D,,A,,,,,,,99Q1=100,,,2,,4F0,,Japanese yen/Euro ECB reference exchange rate,"ECB reference exchange rate, Japanese yen/Euro, 2.15 pm (C.E.T.)",JPY,0
EXR.D.JPY.EUR.SP00.A,D,JPY,EUR,SP00,A,2024-12-06,159.25,A,F,,,P1D,,A,,,,,,,99Q1=100,,,2,,4F0,,Japanese yen/Euro ECB reference exchange rate,"ECB reference exchange rate, Japanese yen/Euro, 2.15 pm (C.E.T.)",JPY,0
EXR.D.JPY.EUR.SP00.A,D,JPY,EUR,SP00,A,2024-12-09,159.4,A,F,,,P1D,,A,,,,,,,99Q1=100,,,2,,4F0,,Japanese yen/Euro ECB reference exchange rate,"ECB reference exchange rate, Japanese yen/Euro, 2.15 pm (C.E.T.)",JPY,0
EXR.D.JPY.EUR.SP00.A,D,JPY,EUR,SP00,A,2024-12-10,159.74,A,F,,,P1D,,A,,,,,,,99Q1=100,,,2,,4F0,,Japanese yen/Euro ECB reference exchange rate,"ECB reference exchange rate, Japanese yen/Euro, 2.15 pm (C.E.T.)",JPY,0
EXR.D.JPY.EUR.SP00.A,D,JPY,EUR,SP00,A,2024-12-11,160.35,A,F,,,P1D,,A,,,,,,,99Q1=100,,,2,,4F0,,Japanese yen/Euro ECB reference exchange rate,"ECB reference exchange rate, Japanese yen/Euro, 2.15 pm (C.E.T.)",JPY,0
EXR.D.JPY.EUR.SP00.A,D,JPY,EUR,SP00,A,2024-12-12,159.6,A,F,,,P1D,,A,,,,,,,99Q1=100,,,2,,4F0,,Japanese yen/Euro ECB reference exchange rate,"ECB reference exchange rate, Japanese yen/Euro, 2.15 pm (C.E.T.)",JPY,0
EXR.D.JPY.EUR.SP00.A,D,JPY,EUR,SP00,A,2024-12-13,161.45,A,F,,,P1D,,A,,,,,,,99Q1=100,,,2,,4F0,,Japanese yen/Euro ECB reference exchange rate,"ECB reference exchange rate, Japanese yen/Euro, 2.15 pm (C.E.T.)",JPY,0
EXR.D.JPY.EUR.SP00.A,D,JPY,EUR,SP00,A,2024-12-16,161.73,A,F,,,P1D,,A,,,,,,,99Q1=100,,,2,,4F0,,Japanese yen/Euro ECB reference exchange rate,"ECB reference exchange rate, Japanese yen/Euro, 2.15 pm (C.E.T.)",JPY,0
EXR.D.JPY.EUR.SP00.A,D,JPY,EUR,SP00,A,2024-12-17,161.63,A,F,,,P1D,,A,,,,,,,99Q1=100,,,2,,4F0,,Japanese yen/Euro ECB reference exchange rate,"ECB reference exchange rate, Japanese yen/Euro, 2.15 pm (C.E.T.)",JPY,0
EXR.D.JPY.EUR.SP00.A,D,JPY,EUR,SP00,A,2024-12-18,161.52,A,F,,,P1D,,A,,,,,,,99Q1=100,,,2,,4F0,,Japanese yen/Euro ECB reference exchange rate,"ECB reference exchange rate, Japanese yen/Euro, 2.15 pm (C.E.T.)",JPY,0
EXR.D.JPY.EUR.SP00.A,D,JPY,EUR,SP00,A,2024-12-19,163.07,A,F,,,P1D,,A,,,,,,,99Q1=100,,,2,,4F0,,Japanese yen/Euro ECB reference exchange rate,"ECB reference exchange rate, Japanese yen/Euro, 2.15 pm (C.E.T.)",JPY,0
EXR.D.JPY.EUR.SP00.A,D,JPY,EUR,SP00,A,2024-12-20,162.89,A,F,,,P1D,,A,,,,,,,99Q1=100,,,2,,4F0,,Japanese yen/Euro ECB reference exchange rate,"ECB reference exchange rate, Japanese yen/Euro, 2.15 pm (C.E.T.)",JPY,0
EXR.D.JPY.EUR.SP00.A,D,JPY,EUR,SP00,A,2024-12-23,163.36,A,F,,,P1D,,A,,,,,,,99Q1=100,,,2,,4F0,,Japanese yen/Euro ECB reference exchange rate,"ECB reference exchange rate, Japanese yen/Euro, 2.15 pm (C.E.T.)",JPY,0
EXR.D.JPY.EUR.SP00.A,D,JPY,EUR,SP00,A,2024-12-24,163.25,A,F,,,P1D,,A,,,,,,,99Q1=100,,,2,,4F0,,Japanese yen/Euro ECB reference exchange rate,"ECB reference exchange rate, Japanese yen/Euro, 2.15 pm (C.E.T.)",JPY,0
EXR.D.JPY.EUR.SP00.A,D,JPY,EUR,SP00,A,2024-12-27,164.65,A,F,,,P1D,,A,,,,,,,99Q1=100,,,2,,4F0,,Japanese yen/Euro ECB reference exchange rate,"ECB reference exchange rate, Japanese yen/Euro, 2.15 pm (C.E.T.)",JPY,0
EXR.D.JPY.EUR.SP00.A,D,JPY,EUR,SP00,A,2024-12-30,164.57,A,F,,,P1D,,A,,,,,,,99Q1=100,,,2,,4F0,,Japanese yen/Euro ECB reference exchange rate,"ECB reference exchange rate, Japanese yen/Euro, 2.15 pm (C.E.T.)",JPY,0
EXR.D.JPY.EUR.SP00.A,D,JPY,EUR,SP00,A,2024-12-31,163.06,A,F,,,P1D,,A,,,,,,,99Q1=100,,,2,,4F0,,Japanese yen/Euro ECB reference exchange rate,"ECB reference exchange rate, Japanese yen/Euro, 2.15 pm (C.E.T.)",JPY,0
EXR.D.JPY.EUR.SP00.A,D,JPY,EUR,SP00,A,2025-01-02,162.04,A,F,,,P1D,,A,,,,,,,99Q1=100,,,2,,4F0,,Japanese yen/Euro ECB reference exchange rate,"ECB reference exchange rate, Japanese yen/Euro, 2.15 pm (C.E.T.)",JPY,0
EXR.D.JPY.EUR.SP00.A,D,JPY,EUR,SP00,A,2025-01-03,161.77,A,F,,,P1D,,A,,,,,,,99Q1=100,,,2,,4F0,,Japanese yen/Euro ECB reference exchange rate,"ECB reference exchange rate, Japanese yen/Euro, 2.15 pm (C.E.T.)",JPY,0
EXR.D.JPY.EUR.SP00.A,D,JPY,EUR,SP00,A,2025-01-06,163.25,A,F,,,P1D,,A,,,,,,,99Q1=100,,,2,,4F0,,Japanese yen/Euro ECB reference exchange rate,"ECB reference exchange rate, Japanese yen/Euro, 2.15 pm (C.E.T.)",JPY,0
EXR.D.JPY.EUR.SP00.A,D,JPY,EUR,SP00,A,2025-01-07,163.86,A,F,,,P1D,,A,,,,,,,99Q1=100,,,2,,4F0,,Japanese yen/Euro ECB reference exchange rate,"ECB reference exchange rate, Japanese yen/Euro, 2.15 pm (C.E.T.)",JPY,0
EXR.D.JPY.EUR.SP00.A,D,JPY,EUR,SP00,A,2025-01-08,162.94,A,F,,,P1D,,A,,,,,,,99Q1=100,,,2,,4F0,,Japanese yen/Euro ECB reference exchange rate,"ECB reference exchange rate, Japanese yen/Euro, 2.15 pm (C.E.T.)",JPY,0
EXR.D.JPY.EUR.SP00.A,D,JPY,EUR,SP00,A,2025-01-09,162.56,A,F,,,P1D,,A,,,,,,,99Q1=100,,,2,,4F0,,Japanese yen/Euro ECB reference exchange rate,"ECB reference exchange rate, Japanese yen/Euro, 2.15 pm (C.E.T.)",JPY,0
EXR.D.JPY.EUR.SP00.A,D,JPY,EUR,SP00,A,2025-01-10,162.86,A,F,,,P1D,,A,,,,,,,99Q1=100,,,2,,4F0,,Japanese yen/Euro ECB reference exchange rate,"ECB reference exchange rate, Japanese yen/Euro, 2.15 pm (C.E.T.)",JPY,0
EXR.D.JPY.EUR.SP00.A,D,JPY,EUR,SP00,A,2025-01-13,160.22,A,F,,,P1D,,A,,,,,,,99Q1=100,,,2,,4F0,,Japanese yen/Euro ECB reference exchange rate,"ECB reference exchange rate, Japanese yen/Euro, 2.15 pm (C.E.T.)",JPY,0
EXR.D.JPY.EUR.SP00.A,D,JPY,EUR,SP00,A,2025-01-14,161.63,A,F,,,P1D,,A,,,,,,,99Q1=100,,,2,,4F0,,Japanese yen/Euro ECB reference exchange rate,"ECB reference exchange rate, Japanese yen/Euro, 2.15 pm (C.E.T.)",JPY,0
EXR.D.JPY.EUR.SP00.A,D,JPY,EUR,SP00,A,2025-01-15,161.75,A,F,,,P1D,,A,,,,,,,99Q1=100,,,2,,4F0,,Japanese yen/Euro ECB reference exchange rate,"ECB reference exchange rate, Japanese yen/Euro, 2.15 pm (C.E.T.)",JPY,0
EXR.D.JPY.EUR.SP00.A,D,JPY,EUR,SP00,A,2025-01-16,160.46,A,F,,,P1D,,A,,,,,,,99Q1=100,,,2,,4F0,,Japanese yen/Euro ECB reference exchange rate,"ECB reference exchange rate, Japanese yen/Euro, 2.15 pm (C.E.T.)",JPY,0
EXR.D.JPY.EUR.SP00.A,D,JPY,EUR,SP00,A,2025-01-17,160.23,A,F,,,P1D,,A,,,,,,,99Q1=100,,,2,,4F0,,Japanese yen/Euro ECB reference exchange rate,"ECB reference exchange rate, Japanese yen/Euro, 2.15 pm (C.E.T.)",JPY,0
EXR.D.JPY.EUR.SP00.A,D,JPY,EUR,SP00,A,2025-01-20,161.36,A,F,,,P1D,,A,,,,,,,99Q1=100,,,2,,4F0,,Japanese yen/Euro ECB reference exchange rate,"ECB reference exchange rate, Japanese yen/Euro, 2.15 pm (C.E.T.)",JPY,0
EXR.D.JPY.EUR.SP00.A,D,JPY,EUR,SP00,A,2025-01-21,161.26,A,F,,,P1D,,A,,,,,,,99Q1=100,,,2,,4F0,,Japanese yen/Euro ECB reference exchange rate,"ECB reference exchange rate, Japanese yen/Euro, 2.15 pm (C.E.T.)",JPY,0
EXR.D.JPY.EUR.SP00.A,D,JPY,EUR,SP00,A,2025-01-22,162.72,A,F,,,P1D,,A,,,,,,,99Q1=100,,,2,,4F0,,Japanese yen/Euro ECB reference exchange rate,"ECB reference exchange rate, Japanese yen/Euro, 2.15 pm (C.E.T.)",JPY,0
EXR.D.JPY.EUR.SP00.A,D,JPY,EUR,SP00,A,2025-01-23,162.58,A,F,,,P1D,,A,,,,,,,99Q1=100,,,2,,4F0,,Japanese yen/Euro ECB reference exchange rate,"ECB reference exchange rate, Japanese yen/Euro, 2.15 pm (C.E.T.)",JPY,0
EXR.D.JPY.EUR.SP00.A,D,JPY,EUR,SP00,A,2025-01-24,163.9,A,F,,,P1D,,A,,,,,,,99Q1=100,,,2,,4F0,,Japanese yen/Euro ECB reference exchange rate,"ECB reference exchange rate, Japanese yen/Euro, 2.15 pm (C.E.T.)",JPY,0
EXR.D.JPY.EUR.SP00.A,D,JPY,EUR,SP00,A,2025-01-27,162.21,A,F,,,P1D,,A,,,,,,,99Q1=100,,,2,,4F0,,Japanese yen/Euro ECB reference exchange rate,"ECB reference exchange rate, Japanese yen/Euro, 2.15 pm (C.E.T.)",JPY,0
EXR.D.JPY.EUR.SP00.A,D,JPY,EUR,SP00,A,2025-01-28,161.86,A,F,,,P1D,,A,,,,,,,99Q1=100,,,2,,4F0,,Japanese yen/Euro ECB reference exchange rate,"ECB reference exchange rate, Japanese yen/Euro, 2.15 pm (C.E.T.)",JPY,0
EXR.D.JPY.EUR.SP00.A,D,JPY,EUR,SP00,A,2025-01-29,161.5,A,F,,,P1D,,A,,,,,,,99Q1=100,,,2,,4F0,,Japanese yen/Euro ECB reference exchange rate,"ECB reference exchange rate, Japanese yen/Euro, 2.15 pm (C.E.T.)",JPY,0
EXR.D.JPY.EUR.SP00.A,D,JPY,EUR,SP00,A,2025-01-30,160.32,A,F,,,P1D,,A,,,,,,,99Q1=100,,,2,,4F0,,Japanese yen/Euro ECB reference exchange rate,"ECB reference exchange rate, Japanese yen/Euro, 2.15 pm (C.E.T.)",JPY,0
EXR.D.JPY.EUR.SP00.A,D,JPY,EUR,SP00,A,2025-01-31,160.99,A,F,,,P1D,,A,,,,,,,99Q1=100,,,2,,4F0,,Japanese yen/Euro ECB reference exchange rate,"ECB reference exchange rate, Japanese yen/Euro, 2.15 pm (C.E.T.)",JPY,0
EXR.D.JPY.EUR.SP00.A,D,JPY,EUR,SP00,A,2025-02-03,158.87,A,F,,,P1D,,A,,,,,,,99Q1=100,,,2,,4F0,,Japanese yen/Euro ECB reference exchange rate,"ECB reference exchange rate, Japanese yen/Euro, 2.15 pm (C.E.T.)",JPY,0
EXR.D.JPY.EUR.SP00.A,D,JPY,EUR,SP00,A,2025-02-04,160.52,A,F,,,P1D,,A,,,,,,,99Q1=100,,,2,,4F0,,Japanese yen/Euro ECB reference exchange rate,"ECB reference exchange rate, Japanese yen/Euro, 2.15 pm (C.E.T.)",JPY,0
EXR.D.JPY.EUR.SP00.A,D,JPY,EUR,SP00,A,2025-02-05,159.25,A,F,,,P1D,,A,,,,,,,99Q1=100,,,2,,4F0,,Japanese yen/Euro ECB reference exchange rate,"ECB reference exchange rate, Japanese yen/Euro, 2.15 pm (C.E.T.)",JPY,0
EXR.D.JPY.EUR.SP00.A,D,JPY,EUR,SP00,A,2025-02-06,157.95,A,F,,,P1D,,A,,,,,,,99Q1=100,,,2,,4F0,,Japanese yen/Euro ECB reference exchange rate,"ECB reference exchange rate, Japanese yen/Euro, 2.15 pm (C.E.T.)",JPY,0
EXR.D.JPY.EUR.SP00.A,D,JPY,EUR,SP00,A,2025-02-07,157.77,A,F,,,P1D,,A,,,,,,,99Q1=100,,,2,,4F0,,Japanese yen/Euro ECB reference exchange rate,"ECB reference exchange rate, Japanese yen/Euro, 2.15 pm (C.E.T.)",JPY,0
EXR.D.JPY.EUR.SP00.A,D,JPY,EUR,SP00,A,2025-02-10,156.92,A,F,,,P1D,,A,,,,,,,99Q1=100,,,2,,4F0,,Japanese yen/Euro ECB reference exchange rate,"ECB reference exchange rate, Japanese yen/Euro, 2.15 pm (C.E.T.)",JPY,0
EXR.D.JPY.EUR.SP00.A,D,JPY,EUR,SP00,A,2025-02-11,157.28,A,F,,,P1D,,A,,,,,,,99Q1=100,,,2,,4F0,,Japanese yen/Euro ECB reference exchange rate,"ECB reference exchange rate, Japanese yen/Euro, 2.15 pm (C.E.T.)",JPY,0
EXR.D.JPY.EUR.SP00.A,D,JPY,EUR,SP00,A,2025-02-12,159.22,A,F,,,P1D,,A,,,,,,,99Q1=100,,,2,,4F0,,Japanese yen/Euro ECB reference exchange rate,"ECB reference exchange rate, Japanese yen/Euro, 2.15 pm (C.E.T.)",JPY,0
EXR.D.JPY.EUR.SP00.A,D,JPY,EUR,SP00,A,2025-02-13,159.79,A,F,,,P1D,,A,,,,,,,99Q1=100,,,2,,4F0,,Japanese yen/Euro ECB reference exchange rate,"ECB reference exchange rate, Japanese yen/Euro, 2.15 pm (C.E.T.)",JPY,0
EXR.D.JPY.EUR.SP00.A,D,JPY,EUR,SP00,A,2025-02-14,160.09,A,F,,,P1D,,A,,,,,,,99Q1=100,,,2,,4F0,,Japanese yen/Euro ECB reference exchange rate,"ECB reference exchange rate, Japanese yen/Euro, 2.15 pm (C.E.T.)",JPY,0
EXR.D.JPY.EUR.SP00.A,D,JPY,EUR,SP00,A,2025-02-17,158.67,A,F,,,P1D,,A,,,,,,,99Q1=100,,,2,,4F0,,Japanese yen/Euro ECB reference exchange rate,"ECB reference exchange rate, Japanese yen/Euro, 2.15 pm (C.E.T.)",JPY,0
EXR.D.JPY.EUR.SP00.A,D,JPY,EUR,SP00,A,2025-02-18,158.55,A,F,,,P1D,,A,,,,,,,99Q1=100,,,2,,4F0,,Japanese yen/Euro ECB reference exchange rate,"ECB reference exchange rate, Japanese yen/Euro, 2.15 pm (C.E.T.)",JPY,0
EXR.D.JPY.EUR.SP00.A,D,JPY,EUR,SP00,A,2025-02-19,158.41,A,F,,,P1D,,A,,,,,,,99Q1=100,,,2,,4F0,,Japanese yen/Euro ECB reference exchange rate,"ECB reference exchange rate, Japanese yen/Euro, 2.15 pm (C.E.T.)",JPY,0
EXR.D.JPY.EUR.SP00.A,D,JPY,EUR,SP00,A,2025-02-20,156.6,A,F,,,P1D,,A,,,,,,,99Q1=100,,,2,,4F0,,Japanese yen/Euro ECB reference exchange rate,"ECB reference exchange rate, Japanese yen/Euro, 2.15 pm (C.E.T.)",JPY,0
EXR.D.JPY.EUR.SP00.A,D,JPY,EUR,SP00,A,2025-02-21,157.46,A,F,,,P1D,,A,,,,,,,99Q1=100,,,2,,4F0,,Japanese yen/Euro ECB reference exchange rate,"ECB reference exchange rate, Japanese yen/Euro, 2.15 pm (C.E.T.)",JPY,0
EXR.D.JPY.EUR.SP00.A,D,JPY,EUR,SP00,A,2025-02-24,156.81,A,F,,,P1D,,A,,,,,,,99Q1=100,,,2,,4F0,,Japanese yen/Euro ECB reference exchange rate,"ECB reference exchange rate, Japanese yen/Euro, 2.15 pm (C.E.T.)",JPY,0
EXR.D.JPY.EUR.SP00.A,D,JPY,EUR,SP00,A,2025-02-25,157.19,A,F,,,P1D,,A,,,,,,,99Q1=100,,,2,,4F0,,Japanese yen/Euro ECB reference exchange rate,"ECB reference exchange rate, Japanese yen/Euro, 2.15 pm (C.E.T.)",JPY,0
EXR.D.JPY.EUR.SP00.A,D,JPY,EUR,SP00,A,2025-02-26,156.7,A,F,,,P1D,,A,,,,,,,99Q1=100,,,2,,4F0,,Japanese yen/Euro ECB reference exchange rate,"ECB reference exchange rate, Japanese yen/Euro, 2.15 pm (C.E.T.)",JPY,0
EXR.D.JPY.EUR.SP00.A,D,JPY,EUR,SP00,A,2025-02-27,156.73,A,F,,,P1D,,A,,,,,,,99Q1=100,,,2,,4F0,,Japanese yen/Euro ECB reference exchange rate,"ECB reference exchange rate, Japanese yen/Euro, 2.15 pm (C.E.T.)",JPY,0
EXR.D.JPY.EUR.SP00.A,D,JPY,EUR,SP00,A,2025-02-28,156.96,A,F,,,P1D,,A,,,,,,,99Q1=100,,,2,,4F0,,Japanese yen/Euro ECB reference exchange rate,"ECB reference exchange rate, Japanese yen/Euro, 2.15 pm (C.E.T.)",JPY,0
EXR.D.JPY.EUR.SP00.A,D,JPY,EUR,SP00,A,2025-03-03,158.33,A,F,,,P1D,,A,,,,,,,99Q1=100,,,2,,4F0,,Japanese yen/Euro ECB reference exchange rate,"ECB reference exchange rate, Japanese yen/Euro, 2.15 pm (C.E.T.)",JPY,0
EXR.D.JPY.EUR.SP00.A,D,JPY,EUR,SP00,A,2025-03-04,156.5,A,F,,,P1D,,A,,,,,,,99Q1=100,,,2,,4F0,,Japanese yen/Euro ECB reference exchange rate,"ECB reference exchange rate, Japanese yen/Euro, 2.15 pm (C.E.T.)",JPY,0
EXR.D.JPY.EUR.SP00.A,D,JPY,EUR,SP00,A,2025-03-05,160.09,A,F,,,P1D,,A,,,,,,,99Q1=100,,,2,,4F0,,Japanese yen/Euro ECB reference exchange rate,"ECB reference exchange rate, Japanese yen/Euro, 2.15 pm (C.E.T.)",JPY,0
EXR.D.JPY.EUR.SP00.A,D,JPY,EUR,SP00,A,2025-03-06,159.24,A,F,,,P1D,,A,,,,,,,99Q1=100,,,2,,4F0,,Japanese yen/Euro ECB reference exchange rate,"ECB reference exchange rate, Japanese yen/Euro, 2.15 pm (C.E.T.)",JPY,0
EXR.D.JPY.EUR.SP00.A,D,JPY,EUR,SP00,A,2025-03-07,160.35,A,F,,,P1D,,A,,,,,,,99Q1=100,,,2,,4F0,,Japanese yen/Euro ECB reference exchange rate,"ECB reference exchange rate, Japanese yen/Euro, 2.15 pm (C.E.T.)",JPY,0
EXR.D.JPY.EUR.SP00.A,D,JPY,EUR,SP00,A,2025-03-10,159.39,A,F,,,P1D,,A,,,,,,,99Q1=100,,,2,,4F0,,Japanese yen/Euro ECB reference exchange rate,"ECB reference exchange rate, Japanese yen/Euro, 2.15 pm (C.E.T.)",JPY,0
EXR.D.JPY.EUR.SP00.A,D,JPY,EUR,SP00,A,2025-03-11,161.52,A,F,,,P1D,,A,,,,,,,99Q1=100,,,2,,4F0,,Japanese yen/Euro ECB reference exchange rate,"ECB reference exchange rate, Japanese yen/Euro, 2.15 pm (C.E.T.)",JPY,0
EXR.D.JPY.EUR.SP00.A,D,JPY,EUR,SP00,A,2025-03-12,162.23,A,F,,,P1D,,A,,,,,,,99Q1=100,,,2,,4F0,,Japanese yen/Euro ECB reference exchange rate,"ECB reference exchange rate, Japanese yen/Euro, 2.15 pm (C.E.T.)",JPY,0
EXR.D.JPY.EUR.SP00.A,D,JPY,EUR,SP00,A,2025-03-13,160.64,A,F,,,P1D,,A,,,,,,,99Q1=100,,,2,,4F0,,Japanese yen/Euro ECB reference exchange rate,"ECB reference exchange rate, Japanese yen/Euro, 2.15 pm (C.E.T.)",JPY,0
EXR.D.JPY.EUR.SP00.A,D,JPY,EUR,SP00,A,2025-03-14,161.88,A,F,,,P1D,,A,,,,,,,99Q1=100,,,2,,4F0,,Japanese yen/Euro ECB reference exchange rate,"ECB reference exchange rate, Japanese yen/Euro, 2.15 pm (C.E.T.)",JPY,0
EXR.D.JPY.EUR.SP00.A,D,JPY,EUR,SP00,A,2025-03-17,162.26,A,F,,,P1D,,A,,,,,,,99Q1=100,,,2,,4F0,,Japanese yen/Euro ECB reference exchange rate,"ECB reference exchange rate, Japanese yen/Euro, 2.15 pm (C.E.T.)",JPY,0
EXR.D.JPY.EUR.SP00.A,D,JPY,EUR,SP00,A,2025-03-18,163.5,A,F,,,P1D,,A,,,,,,,99Q1=100,,,2,,4F0,,Japanese yen/Euro ECB reference exchange rate,"ECB reference exchange rate, Japanese yen/Euro, 2.15 pm (C.E.T.)",JPY,0
EXR.D.JPY.EUR.SP00.A,D,JPY,EUR,SP00,A,2025-03-19,163.27,A,F,,,P1D,,A,,,,,,,99Q1=100,,,2,,4F0,,Japanese yen/Euro ECB reference exchange rate,"ECB reference exchange rate, Japanese yen/Euro, 2.15 pm (C.E.T.)",JPY,0
EXR.D.JPY.EUR.SP00.A,D,JPY,EUR,SP00,A,2025-03-20,160.85,A,F,,,P1D,,A,,,,,,,99Q1=100,,,2,,4F0,,Japanese yen/Euro ECB reference exchange rate,"ECB reference exchange rate, Japanese yen/Euro, 2.15 pm (C.E.T.)",JPY,0
EXR.D.JPY.EUR.SP00.A,D,JPY,EUR,SP00,A,2025-03-21,160.99,A,F,,,P1D,,A,,,,,,,99Q1=100,,,2,,4F0,,Japanese yen/Euro ECB reference exchange rate,"ECB reference exchange rate, Japanese yen/Euro, 2.15 pm (C.E.T.)",JPY,0
EXR.D.JPY.EUR.SP00.A,D,JPY,EUR,SP00,A,2025-03-24,162.15,A,F,,,P1D,,A,,,,,,,99Q1=100,,,2,,4F0,,Japanese yen/Euro ECB reference exchange rate,"ECB reference exchange rate, Japanese yen/Euro, 2.15 pm (C.E.T.)",JPY,0
EXR.D.JPY.EUR.SP00.A,D,JPY,EUR,SP00,A,2025-03-25,162.32,A,F,,,P1D,,A,,,,,,,99Q1=100,,,2,,4F0,,Japanese yen/Euro ECB reference exchange rate,"ECB reference exchange rate, Japanese yen/Euro, 2.15 pm (C.E.T.)",JPY,0
EXR.D.JPY.EUR.SP00.A,D,JPY,EUR,SP00,A,2025-03-26,162.2,A,F,,,P1D,,A,,,,,,,99Q1=100,,,2,,4F0,,Japanese yen/Euro ECB reference exchange rate,"ECB reference exchange rate, Japanese yen/Euro, 2.15 pm (C.E.T.)",JPY,0
EXR.D.JPY.EUR.SP00.A,D,JPY,EUR,SP00,A,2025-03-27,162.55,A,F,,,P1D,,A,,,,,,,99Q1=100,,,2,,4F0,,Japanese yen/Euro ECB reference exchange rate,"ECB reference exchange rate, Japanese yen/Euro, 2.15 pm (C.E.T.)",JPY,0
EXR.D.JPY.EUR.SP00.A,D,JPY,EUR,SP00,A,2025-03-28,162.64,A,F,,,P1D,,A,,,,,,,99Q1=100,,,2,,4F0,,Japanese yen/Euro ECB reference exchange rate,"ECB reference exchange rate, Japanese yen/Euro, 2.15 pm (C.E.T.)",JPY,0
EXR.D.JPY.EUR.SP00.A,D,JPY,EUR,SP00,A,2025-03-31,161.6,A,F,,,P1D,,A,,,,,,,99Q1=100,,,2,,4F0,,Japanese yen/Euro ECB reference exchange rate,"ECB reference exchange rate, Japanese yen/Euro, 2.15 pm (C.E.T.)",JPY,0
EXR.D.JPY.EUR.SP00.A,D,JPY,EUR,SP00,A,2025-04-01,160.93,A,F,,,P1D,,A,,,,,,,99Q1=100,,,2,,4F0,,Japanese yen/Euro ECB reference exchange rate,"ECB reference exchange rate, Japanese yen/Euro, 2.15 pm (C.E.T.)",JPY,0
EXR.D.JPY.EUR.SP00.A,D,JPY,EUR,SP00,A,2025-04-02,161.22,A,F,,,P1D,,A,,,,,,,99Q1=100,,,2,,4F0,,Japanese yen/Euro ECB reference exchange rate,"ECB reference exchange rate, Japanese yen/Euro, 2.15 pm (C.E.T.)",JPY,0
EXR.D.JPY.EUR.SP00.A,D,JPY,EUR,SP00,A,2025-04-03,162.17,A,F,,,P1D,,A,,,,,,,99Q1=100,,,2,,4F0,,Japanese yen/Euro ECB reference exchange rate,"ECB reference exchange rate, Japanese yen/Euro, 2.15 pm (C.E.T.)",JPY,0
EXR.D.JPY.EUR.SP00.A,D,JPY,EUR,SP00,A,2025-04-04,160.56,A,F,,,P1D,,A,,,,,,,99Q1=100,,,2,,4F0,,Japanese yen/Euro ECB reference exchange rate,"ECB reference exchange rate, Japanese yen/Euro, 2.15 pm (C.E.T.)",JPY,0
EXR.D.JPY.EUR.SP00.A,D,JPY,EUR,SP00,A,2025-04-07,160.58,A,F,,,P1D,,A,,,,,,,99Q1=100,,,2,,4F0,,Japanese yen/Euro ECB reference exchange rate,"ECB reference exchange rate, Japanese yen/Euro, 2.15 pm (C.E.T.)",JPY,0
EXR.D.JPY.EUR.SP00.A,D,JPY,EUR,SP00,A,2025-04-08,160.65,A,F,,,P1D,,A,,,,,,,99Q1=100,,,2,,4F0,,Japanese yen/Euro ECB reference exchange rate,"ECB reference exchange rate, Japanese yen/Euro, 2.15 pm (C.E.T.)",JPY,0
EXR.D.JPY.EUR.SP00.A,D,JPY,EUR,SP00,A,2025-04-09,159.61,A,F,,,P1D,,A,,,,,,,99Q1=100,,,2,,4F0,,Japanese yen/Euro ECB reference exchange rate,"ECB reference exchange rate, Japanese yen/Euro, 2.15 pm (C.E.T.)",JPY,0
EXR.D.JPY.EUR.SP00.A,D,JPY,EUR,SP00,A,2025-04-10,161.28,A,F,,,P1D,,A,,,,,,,99Q1=100,,,2,,4F0,,Japanese yen/Euro ECB reference exchange rate,"ECB reference exchange rate, Japanese yen/Euro, 2.15 pm (C.E.T.)",JPY,0
EXR.D.JPY.EUR.SP00.A,D,JPY,EUR,SP00,A,2025-04-11,162.07,A,F,,,P1D,,A,,,,,,,99Q1=100,,,2,,4F0,,Japanese yen/Euro ECB reference exchange rate,"ECB reference exchange rate, Japanese yen/Euro, 2.15 pm (C.E.T.)",JPY,0
EXR.D.JPY.EUR.SP00.A,D,JPY,EUR,SP00,A,2025-04-14,162.97,A,F,,,P1D,,A,,,,,,,99Q1=100,,,2,,4F0,,Japanese yen/Euro ECB reference exchange rate,"ECB reference exchange rate, Japanese yen/Euro, 2.15 pm (C.E.T.)",JPY,0
EXR.D.JPY.EUR.SP00.A,D,JPY,EUR,SP00,A,2025-04-15,161.85,A,F,,,P1D,,A,,,,,,,99Q1=100,,,2,,4F0,,Japanese yen/Euro ECB reference exchange rate,"ECB reference exchange rate, Japanese yen/Euro, 2.15 pm (C.E.T.)",JPY,0
EXR.D.JPY.EUR.SP00.A,D,JPY,EUR,SP00,A,2025-04-16,162.09,A,F,,,P1D,,A,,,,,,,99Q1=100,,,2,,4F0,,Japanese yen/Euro ECB reference exchange rate,"ECB reference exchange rate, Japanese yen/Euro, 2.15 pm (C.E.T.)",JPY,0
EXR.D.JPY.EUR.SP00.A,D,JPY,EUR,SP00,A,2025-04-17,161.98,A,F,,,P1D,,A,,,,,,,99Q1=100,,,2,,4F0,,Japanese yen/Euro ECB reference exchange rate,"ECB reference exchange rate, Japanese yen/Euro, 2.15 pm (C.E.T.)",JPY,0
EXR.D.JPY.EUR.SP00.A,D,JPY,EUR,SP00,A,2025-04-22,161.05,A,F,,,P1D,,A,,,,,,,99Q1=100,,,2,,4F0,,Japanese yen/Euro ECB reference exchange rate,"ECB reference exchange rate, Japanese yen/Euro, 2.15 pm (C.E.T.)",JPY,0
EXR.D.JPY.EUR.SP00.A,D,JPY,EUR,SP00,A,2025-04-23,161.68,A,F,,,P1D,,A,,,,,,,99Q1=100,,,2,,4F0,,Japanese yen/Euro ECB reference exchange rate,"ECB reference exchange rate, Japanese yen/Euro, 2.15 pm (C.E.T.)",JPY,0
EXR.D.JPY.EUR.SP00.A,D,JPY,EUR,SP00,A,2025-04-24,162.16,A,F,,,P1D,,A,,,,,,,99Q1=100,,,2,,4F0,,Japanese yen/Euro ECB reference exchange rate,"ECB reference exchange rate, Japanese yen/Euro, 2.15 pm (C.E.T.)",JPY,0
EXR.D.JPY.EUR.SP00.A,D,JPY,EUR,SP00,A,2025-04-25,162.8,A,F,,,P1D,,A,,,,,,,99Q1=100,,,2,,4F0,,Japanese yen/Euro ECB reference exchange rate,"ECB reference exchange rate, Japanese yen/Euro, 2.15 pm (C.E.T.)",JPY,0
EXR.D.JPY.EUR.SP00.A,D,JPY,EUR,SP00,A,2025-04-28,162.8,A,F,,,P1D,,A,,,,,,,99Q1=100,,,2,,4F0,,Japanese yen/Euro ECB reference exchange rate,"ECB reference exchange rate, Japanese yen/Euro, 2.15 pm (C.E.T.)",JPY,0
EXR.D.JPY.EUR.SP00.A,D,JPY,EUR,SP00,A,2025-04-29,162.28,A,F,,,P1D,,A,,,,,,,99Q1=100,,,2,,4F0,,Japanese yen/Euro ECB reference exchange rate,"ECB reference exchange rate, Japanese yen/Euro, 2.15 pm (C.E.T.)",JPY,0
EXR.D.JPY.EUR.SP00.A,D,JPY,EUR,SP00,A,2025-04-30,162.68,A,F,,,P1D,,A,,,,,,,99Q1=100,,,2,,4F0,,Japanese yen/Euro ECB reference exchange rate,"ECB reference exchange rate, Japanese yen/Euro, 2.15 pm (C.E.T.)",JPY,0
EXR.D.JPY.EUR.SP00.A,D,JPY,EUR,SP00,A,2025-05-02,163.93,A,F,,,P1D,,A,,,,,,,99Q1=100,,,2,,4F0,,Japanese yen/Euro ECB reference exchange rate,"ECB reference exchange rate, Japanese yen/Euro, 2.15 pm (C.E.T.)",JPY,0
EXR.D.JPY.EUR.SP00.A,D,JPY,EUR,SP00,A,2025-05-05,163.19,A,F,,,P1D,,A,,,,,,,99Q1=100,,,2,,4F0,,Japanese yen/Euro ECB reference exchange rate,"ECB reference exchange rate, Japanese yen/Euro, 2.15 pm (C.E.T.)",JPY,0
EXR.D.JPY.EUR.SP00.A,D,JPY,EUR,SP00,A,2025-05-06,161.64,A,F,,,P1D,,A,,,,,,,99Q1=100,,,2,,4F0,,Japanese yen/Euro ECB reference exchange rate,"ECB reference exchange rate, Japanese yen/Euro, 2.15 pm (C.E.T.)",JPY,0
EXR.D.JPY.EUR.SP00.A,D,JPY,EUR,SP00,A,2025-05-07,162.89,A,F,,,P1D,,A,,,,,,,99Q1=100,,,2,,4F0,,Japanese yen/Euro ECB reference exchange rate,"ECB reference exchange rate, Japanese yen/Euro, 2.15 pm (C.E.T.)",JPY,0
EXR.D.JPY.EUR.SP00.A,D,JPY,EUR,SP00,A,2025-05-08,163.45,A,F,,,P1D,,A,,,,,,,99Q1=100,,,2,,4F0,,Japanese yen/Euro ECB reference exchange rate,"ECB reference exchange rate, Japanese yen/Euro, 2.15 pm (C.E.T.)",JPY,0
EXR.D.JPY.EUR.SP00.A,D,JPY,EUR,SP00,A,2025-05-09,163.36,A,F,,,P1D,,A,,,,,,,99Q1=100,,,2,,4F0,,Japanese yen/Euro ECB reference exchange rate,"ECB reference exchange rate, Japanese yen/Euro, 2.15 pm (C.E.T.)",JPY,0
EXR.D.JPY.EUR.SP00.A,D,JPY,EUR,SP00,A,2025-05-12,164.46,A,F,,,P1D,,A,,,,,,,99Q1=100,,,2,,4F0,,Japanese yen/Euro ECB reference exchange rate,"ECB reference exchange rate, Japanese yen/Euro, 2.15 pm (C.E.T.)",JPY,0
EXR.D.JPY.EUR.SP00.A,D,JPY,EUR,SP00,A,2025-05-13,164.61,A,F,,,P1D,,A,,,,,,,99Q1=100,,,2,,4F0,,Japanese yen/Euro ECB reference exchange rate,"ECB reference exchange rate, Japanese yen/Euro, 2.15 pm (C.E.T.)",JPY,0
EXR.D.JPY.EUR.SP00.A,D,JPY,EUR,SP00,A,2025-05-14,164.01,A,F,,,P1D,,A,,,,,,,99Q1=100,,,2,,4F0,,Japanese yen/Euro ECB reference exchange rate,"ECB reference exchange rate, Japanese yen/Euro, 2.15 pm (C.E.T.)",JPY,0
EXR.D.JPY.EUR.SP00.A,D,JPY,EUR,SP00,A,2025-05-15,163.3,A,F,,,P1D,,A,,,,,,,99Q1=100,,,2,,4F0,,Japanese yen/Euro ECB reference exchange rate,"ECB reference exchange rate, Japanese yen/Euro, 2.15 pm (C.E.T.)",JPY,0
EXR.D.JPY.EUR.SP00.A,D,JPY,EUR,SP00,A,2025-05-16,163.05,A,F,,,P1D,,A,,,,,,,99Q1=100,,,2,,4F0,,Japanese yen/Euro ECB reference exchange rate,"ECB reference exchange rate, Japanese yen/Euro, 2.15 pm (C.E.T.)",JPY,0
EXR.D.JPY.EUR.SP00.A,D,JPY,EUR,SP00,A,2025-05-19,163.26,A,F,,,P1D,,A,,,,,,,99Q1=100,,,2,,4F0,,Japanese yen/Euro ECB reference exchange rate,"ECB reference exchange rate, Japanese yen/Euro, 2.15 pm (C.E.T.)",JPY,0
EXR.D.JPY.EUR.SP00.A,D,JPY,EUR,SP00,A,2025-05-20,162.59,A,F,,,P1D,,A,,,,,,,99Q1=100,,,2,,4F0,,Japanese yen/Euro ECB reference exchange rate,"ECB reference exchange rate, Japanese yen/Euro, 2.15 pm (C.E.T.)",JPY,0
EXR.D.JPY.EUR.SP00.A,D,JPY,EUR,SP00,A,2025-05-21,162.76,A,F,,,P1D,,A,,,,,,,99Q1=100,,,2,,4F0,,Japanese yen/Euro ECB reference exchange rate,"ECB reference exchange rate, Japanese yen/Euro, 2.15 pm (C.E.T.)",JPY,0
EXR.D.JPY.EUR.SP00.A,D,JPY,EUR,SP00,A,2025-05-22,162.19,A,F,,,P1D,,A,,,,,,,99Q1=100,,,2,,4F0,,Japanese yen/Euro ECB reference exchange rate,"ECB reference exchange rate, Japanese yen/Euro, 2.15 pm (C.E.T.)",JPY,0
EXR.D.JPY.EUR.SP00.A,D,JPY,EUR,SP00,A,2025-05-23,161.13,A,F,,,P1D,,A,,,,,,,99Q1=100,,,2,,4F0,,Japanese yen/Euro ECB reference exchange rate,"ECB reference exchange rate, Japanese yen/Euro, 2.15 pm (C.E.T.)",JPY,0
EXR.D.JPY.EUR.SP00.A,D,JPY,EUR,SP00,A,2025-05-26,162.63,A,F,,,P1D,,A,,,,,,,99Q1=100,,,2,,4F0,,Japanese yen/Euro ECB reference exchange rate,"ECB reference exchange rate, Japanese yen/Euro, 2.15 pm (C.E.T.)",JPY,0
EXR.D.JPY.EUR.SP00.A,D,JPY,EUR,SP00,A,2025-05-27,163.72,A,F,,,P1D,,A,,,,,,,99Q1=100,,,2,,4F0,,Japanese yen/Euro ECB reference exchange rate,"ECB reference exchange rate, Japanese yen/Euro, 2.15 pm (C.E.T.)",JPY,0
EXR.D.JPY.EUR.SP00.A,D,JPY,EUR,SP00,A,2025-05-28,163.43,A,F,,,P1D,,A,,,,,,,99Q1=100,,,2,,4F0,,Japanese yen/Euro ECB reference exchange rate,"ECB reference exchange rate, Japanese yen/Euro, 2.15 pm (C.E.T.)",JPY,0
EXR.D.JPY.EUR.SP00.A,D,JPY,EUR,SP00,A,2025-05-29,163.47,A,F,,,P1D,,A,,,,,,,99Q1=100,,,2,,4F0,,Japanese yen/Euro ECB reference exchange rate,"ECB reference exchange rate, Japanese yen/Euro, 2.15 pm (C.E.T.)",JPY,0
EXR.D.JPY.EUR.SP00.A,D,JPY,EUR,SP00,A,2025-05-30,162.96,A,F,,,P1D,,A,,,,,,,99Q1=100,,,2,,4F0,,Japanese yen/Euro ECB reference exchange rate,"ECB reference exchange rate, Japanese yen/Euro, 2.15 pm (C.E.T.)",JPY,0
EXR.D.JPY.EUR.SP00.A,D,JPY,EUR,SP00,A,2025-06-02,162.98,A,F,,,P1D,,A,,,,,,,99Q1=100,,,2,,4F0,,Japanese yen/Euro ECB reference exchange rate,"ECB reference exchange rate, Japanese yen/Euro, 2.15 pm (C.E.T.)",JPY,0
EXR.D.JPY.EUR.SP00.A,D,JPY,EUR,SP00,A,2025-06-03,163,A,F,,,P1D,,A,,,,,,,99Q1=100,,,2,,4F0,,Japanese yen/Euro ECB reference exchange rate,"ECB reference exchange rate, Japanese yen/Euro, 2.15 pm (C.E.T.)",JPY,0
EXR.D.JPY.EUR.SP00.A,D,JPY,EUR,SP00,A,2025-06-04,164.15,A,F,,,P1D,,A,,,,,,,99Q1=100,,,2,,4F0,,Japanese yen/Euro ECB reference exchange rate,"ECB reference exchange rate, Japanese yen/Euro, 2.15 pm (C.E.T.)",JPY,0
EXR.D.JPY.EUR.SP00.A,D,JPY,EUR,SP00,A,2025-06-05,163.66,A,F,,,P1D,,A,,,,,,,99Q1=100,,,2,,4F0,,Japanese yen/Euro ECB reference exchange rate,"ECB reference exchange rate, Japanese yen/Euro, 2.15 pm (C.E.T.)",JPY,0
EXR.D.JPY.EUR.SP00.A,D,JPY,EUR,SP00,A,2025-06-06,164.62,A,F,,,P1D,,A,,,,,,,99Q1=100,,,2,,4F0,,Japanese yen/Euro ECB reference exchange rate,"ECB reference exchange rate, Japanese yen/Euro, 2.15 pm (C.E.T.)",JPY,0
EXR.D.JPY.EUR.SP00.A,D,JPY,EUR,SP00,A,2025-06-09,164.88,A,F,,,P1D,,A,,,,,,,99Q1=100,,,2,,4F0,,Japanese yen/Euro ECB reference exchange rate,"ECB reference exchange rate, Japanese yen/Euro, 2.15 pm (C.E.T.)",JPY,0
EXR.D.JPY.EUR.SP00.A,D,JPY,EUR,SP00,A,2025-06-10,165.23,A,F,,,P1D,,A,,,,,,,99Q1=100,,,2,,4F0,,Japanese yen/Euro ECB reference exchange rate,"ECB reference exchange rate, Japanese yen/Euro, 2.15 pm (C.E.T.)",JPY,0
EXR.D.JPY.EUR.SP00.A,D,JPY,EUR,SP00,A,2025-06-11,166.17,A,F,,,P1D,,A,,,,,,,99Q1=100,,,2,,4F0,,Japanese yen/Euro ECB reference exchange rate,"ECB reference exchange rate, Japanese yen/Euro, 2.15 pm (C.E.T.)",JPY,0
EXR.D.JPY.EUR.SP00.A,D,JPY,EUR,SP00,A,2025-06-12,166.64,A,F,,,P1D,,A,,,,,,,99Q1=100,,,2,,4F0,,Japanese yen/Euro ECB reference exchange rate,"ECB reference exchange rate, Japanese yen/Euro, 2.15 pm (C.E.T.)",JPY,0
EXR.D.JPY.EUR.SP00.A,D,JPY,EUR,SP00,A,2025-06-13,165.94,A,F,,,P1D,,A,,,,,,,99Q1=100,,,2,,4F0,,Japanese yen/Euro ECB reference exchange rate,"ECB reference exchange rate, Japanese yen/Euro, 2.15 pm (C.E.T.)",JPY,0
EXR.D.JPY.EUR.SP00.A,D,JPY,EUR,SP00,A,2025-06-16,166.89,A,F,,,P1D,,A,,,,,,,99Q1=100,,,2,,4F0,,Japanese yen/Euro ECB reference exchange rate,"ECB reference exchange rate, Japanese yen/Euro, 2.15 pm (C.E.T.)",JPY,0
EXR.D.JPY.EUR.SP00.A,D,JPY,EUR,SP00,A,2025-06-17,167.35,A,F,,,P1D,,A,,,,,,,99Q1=100,,,2,,4F0,,Japanese yen/Euro ECB reference exchange rate,"ECB reference exchange rate, Japanese yen/Euro, 2.15 pm (C.E.T.)",JPY,0
EXR.D.JPY.EUR.SP00.A,D,JPY,EUR,SP00,A,2025-06-18,166.67,A,F,,,P1D,,A,,,,,,,99Q1=100,,,2,,4F0,,Japanese yen/Euro ECB reference exchange rate,"ECB reference exchange rate, Japanese yen/Euro, 2.15 pm (C.E.T.)",JPY,0
EXR.D.JPY.EUR.SP00.A,D,JPY,EUR,SP00,A,2025-06-19,167.2,A,F,,,P1D,,A,,,,,,,99Q1=100,,,2,,4F0,,Japanese yen/Euro ECB reference exchange rate,"ECB reference exchange rate, Japanese yen/Euro, 2.15 pm (C.E.T.)",JPY,0
EXR.D.JPY.EUR.SP00.A,D,JPY,EUR,SP00,A,2025-06-20,167.67,A,F,,,P1D,,A,,,,,,,99Q1=100,,,2,,4F0,,Japanese yen/Euro ECB reference exchange rate,"ECB reference exchange rate, Japanese yen/Euro, 2.15 pm (C.E.T.)",JPY,0
EXR.D.JPY.EUR.SP00.A,D,JPY,EUR,SP00,A,2025-06-23,169.27,A,F,,,P1D,,A,,,,,,,99Q1=100,,,2,,4F0,,Japanese yen/Euro ECB reference exchange rate,"ECB reference exchange rate, Japanese yen/Euro, 2.15 pm (C.E.T.)",JPY,0
EXR.D.JPY.EUR.SP00.A,D,JPY,EUR,SP00,A,2025-06-24,168.27,A,F,,,P1D,,A,,,,,,,99Q1=100,,,2,,4F0,,Japanese yen/Euro ECB reference exchange rate,"ECB reference exchange rate, Japanese yen/Euro, 2.15 pm (C.E.T.)",JPY,0
EXR.D.JPY.EUR.SP00.A,D,JPY,EUR,SP00,A,2025-06-25,169.07,A,F,,,P1D,,A,,,,,,,99Q1=100,,,2,,4F0,,Japanese yen/Euro ECB reference exchange rate,"ECB reference exchange rate, Japanese yen/Euro, 2.15 pm (C.E.T.)",JPY,0
EXR.D.JPY.EUR.SP00.A,D,JPY,EUR,SP00,A,2025-06-26,168.92,A,F,,,P1D,,A,,,,,,,99Q1=100,,,2,,4F0,,Japanese yen/Euro ECB reference exchange rate,"ECB reference exchange rate, Japanese yen/Euro, 2.15 pm (C.E.T.)",JPY,0
EXR.D.JPY.EUR.SP00.A,D,JPY,EUR,SP00,A,2025-06-27,169.24,A,F,,,P1D,,A,,,,,,,99Q1=100,,,2,,4F0,,Japanese yen/Euro ECB reference exchange rate,"ECB reference exchange rate, Japanese yen/Euro, 2.15 pm (C.E.T.)",JPY,0
EXR.D.JPY.EUR.SP00.A,D,JPY,EUR,SP00,A,2025-06-30,169.17,A,F,,,P1D,,A,,,,,,,99Q1=100,,,2,,4F0,,Japanese yen/Euro ECB reference exchange rate,"ECB reference exchange rate, Japanese yen/Euro, 2.15 pm (C.E.T.)",JPY,0
EXR.D.JPY.EUR.SP00.A,D,JPY,EUR,SP00,A,2025-07-01,168.7,A,F,,,P1D,,A,,,,,,,99Q1=100,,,2,,4F0,,Japanese yen/Euro ECB reference exchange rate,"ECB reference exchange rate, Japanese yen/Euro, 2.15 pm (C.E.T.)",JPY,0
EXR.D.JPY.EUR.SP00.A,D,JPY,EUR,SP00,A,2025-07-02,169.45,A,F,,,P1D,,A,,,,,,,99Q1=100,,,2,,4F0,,Japanese yen/Euro ECB reference exchange rate,"ECB reference exchange rate, Japanese yen/Euro, 2.15 pm (C.E.T.)",JPY,0
EXR.D.JPY.EUR.SP00.A,D,JPY,EUR,SP00,A,2025-07-03,169.58,A,F,,,P1D,,A,,,,,,,99Q1=100,,,2,,4F0,,Japanese yen/Euro ECB reference exchange rate,"ECB reference exchange rate, Japanese yen/Euro, 2.15 pm (C.E.T.)",JPY,0
EXR.D.JPY.EUR.SP00.A,D,JPY,EUR,SP00,A,2025-07-04,169.92,A,F,,,P1D,,A,,,,,,,99Q1=100,,,2,,4F0,,Japanese yen/Euro ECB reference exchange rate,"ECB reference exchange rate, Japanese yen/Euro, 2.15 pm (C.E.T.)",JPY,0
EXR.D.JPY.EUR.SP00.A,D,JPY,EUR,SP00,A,2025-07-07,170.71,A,F,,,P1D,,A,,,,,,,99Q1=100,,,2,,4F0,,Japanese yen/Euro ECB reference exchange rate,"ECB reference exchange rate, Japanese yen/Euro, 2.15 pm (C.E.T.)",JPY,0
EXR.D.JPY.EUR.SP00.A,D,JPY,EUR,SP00,A,2025-07-08,171.7,A,F,,,P1D,,A,,,,,,,99Q1=100,,,2,,4F0,,Japanese yen/Euro ECB reference exchange rate,"ECB reference exchange rate, Japanese yen/Euro, 2.15 pm (C.E.T.)",JPY,0
EXR.D.JPY.EUR.SP00.A,D,JPY,EUR,SP00,A,2025-07-09,171.63,A,F,,,P1D,,A,,,,,,,99Q1=100,,,2,,4F0,,Japanese yen/Euro ECB reference exchange rate,"ECB reference exchange rate, Japanese yen/Euro, 2.15 pm (C.E.T.)",JPY,0
EXR.D.JPY.EUR.SP00.A,D,JPY,EUR,SP00,A,2025-07-10,171.33,A,F,,,P1D,,A,,,,,,,99Q1=100,,,2,,4F0,,Japanese yen/Euro ECB reference exchange rate,"ECB reference exchange rate, Japanese yen/Euro, 2.15 pm (C.E.T.)",JPY,0
EXR.D.JPY.EUR.SP00.A,D,JPY,EUR,SP00,A,2025-07-11,171.81,A,F,,,P1D,,A,,,,,,,99Q1=100,,,2,,4F0,,Japanese yen/Euro ECB reference exchange rate,"ECB reference exchange rate, Japanese yen/Euro, 2.15 pm (C.E.T.)",JPY,0
EXR.D.JPY.EUR.SP00.A,D,JPY,EUR,SP00,A,2025-07-14,172.27,A,F,,,P1D,,A,,,,,,,99Q1=100,,,2,,4F0,,Japanese yen/Euro ECB reference exchange rate,"ECB reference exchange rate, Japanese yen/Euro, 2.15 pm (C.E.T.)",JPY,0
EXR.D.JPY.EUR.SP00.A,D,JPY,EUR,SP00,A,2025-07-15,172.58,A,F,,,P1D,,A,,,,,,,99Q1=100,,,2,,4F0,,Japanese yen/Euro ECB reference exchange rate,"ECB reference exchange rate, Japanese yen/Euro, 2.15 pm (C.E.T.)",JPY,0
EXR.D.JPY.EUR.SP00.A,D,JPY,EUR,SP00,A,2025-07-16,172.56,A,F,,,P1D,,A,,,,,,,99Q1=100,,,2,,4F0,,Japanese yen/Euro ECB reference exchange rate,"ECB reference exchange rate, Japanese yen/Euro, 2.15 pm (C.E.T.)",JPY,0
EXR.D.JPY.EUR.SP00.A,D,JPY,EUR,SP00,A,2025-07-17,172.28,A,F,,,P1D,,A,,,,,,,99Q1=100,,,2,,4F0,,Japanese yen/Euro ECB reference exchange rate,"ECB reference exchange rate, Japanese yen/Euro, 2.15 pm (C.E.T.)",JPY,0
EXR.D.JPY.EUR.SP00.A,D,JPY,EUR,SP00,A,2025-07-18,172.94,A,F,,,P1D,,A,,,,,,,99Q1=100,,,2,,4F0,,Japanese yen/Euro ECB reference exchange rate,"ECB reference exchange rate, Japanese yen/Euro, 2.15 pm (C.E.T.)",JPY,0
EXR.D.JPY.EUR.SP00.A,D,JPY,EUR,SP00,A,2025-07-21,172.02,A,F,,,P1D,,A,,,,,,,99Q1=100,,,2,,4F0,,Japanese yen/Euro ECB reference exchange rate,"ECB reference exchange rate, Japanese yen/Euro, 2.15 pm (C.E.T.)",JPY,0
EXR.D.JPY.EUR.SP00.A,D,JPY,EUR,SP00,A,2025-07-22,172.17,A,F,,,P1D,,A,,,,,,,99Q1=100,,,2,,4F0,,Japanese yen/Euro ECB reference exchange rate,"ECB reference exchange rate, Japanese yen/Euro, 2.15 pm (C.E.T.)",JPY,0
EXR.D.JPY.EUR.SP00.A,D,JPY,EUR,SP00,A,2025-07-23,171.53,A,F,,,P1D,,A,,,,,,,99Q1=100,,,2,,4F0,,Japanese yen/Euro ECB reference exchange rate,"ECB reference exchange rate, Japanese yen/Euro, 2.15 pm (C.E.T.)",JPY,0
EXR.D.JPY.EUR.SP00.A,D,JPY,EUR,SP00,A,2025-07-24,172.22,A,F,,,P1D,,A,,,,,,,99Q1=100,,,2,,4F0,,Japanese yen/Euro ECB reference exchange rate,"ECB reference exchange rate, Japanese yen/Euro, 2.15 pm (C.E.T.)",JPY,0
EXR.D.JPY.EUR.SP00.A,D,JPY,EUR,SP00,A,2025-07-25,173.11,A,F,,,P1D,,A,,,,,,,99Q1=100,,,2,,4F0,,Japanese yen/Euro ECB reference exchange rate,"ECB reference exchange rate, Japanese yen/Euro, 2.15 pm (C.E.T.)",JPY,0
EXR.D.JPY.EUR.SP00.A,D,JPY,EUR,SP00,A,2025-07-28,172.65,A,F,,,P1D,,A,,,,,,,99Q1=100,,,2,,4F0,,Japanese yen/Euro ECB reference exchange rate,"ECB reference exchange rate, Japanese yen/Euro, 2.15 pm (C.E.T.)",JPY,0
EXR.D.JPY.EUR.SP00.A,D,JPY,EUR,SP00,A,2025-07-29,171.58,A,F,,,P1D,,A,,,,,,,99Q1=100,,,2,,4F0,,Japanese yen/Euro ECB reference exchange rate,"ECB reference exchange rate, Japanese yen/Euro, 2.15 pm (C.E.T.)",JPY,0
EXR.D.JPY.EUR.SP00.A,D,JPY,EUR,SP00,A,2025-07-30,170.96,A,F,,,P1D,,A,,,,,,,99Q1=100,,,2,,4F0,,Japanese yen/Euro ECB reference exchange rate,"ECB reference exchange rate, Japanese yen/Euro, 2.15 pm (C.E.T.)",JPY,0
EXR.D.JPY.EUR.SP00.A,D,JPY,EUR,SP00,A,2025-07-31,171.52,A,F,,,P1D,,A,,,,,,,99Q1=100,,,2,,4F0,,Japanese yen/Euro ECB reference exchange rate,"ECB reference exchange rate, Japanese yen/Euro, 2.15 pm (C.E.T.)",JPY,0
EXR.D.JPY.EUR.SP00.A,D,JPY,EUR,SP00,A,2025-08-01,171.61,A,F,,,P1D,,A,,,,,,,99Q1=100,,,2,,4F0,,Japanese yen/Euro ECB reference exchange rate,"ECB reference exchange rate, Japanese yen/Euro, 2.15 pm (C.E.T.)",JPY,0
EXR.D.JPY.EUR.SP00.A,D,JPY,EUR,SP00,A,2025-08-04,170.45,A,F,,,P1D,,A,,,,,,,99Q1=100,,,2,,4F0,,Japanese yen/Euro ECB reference exchange rate,"ECB reference exchange rate, Japanese yen/Euro, 2.15 pm (C.E.T.)",JPY,0
EXR.D.JPY.EUR.SP00.A,D,JPY,EUR,SP00,A,2025-08-05,170.42,A,F,,,P1D,,A,,,,,,,99Q1=100,,,2,,4F0,,Japanese yen/Euro ECB reference exchange rate,"ECB reference exchange rate, Japanese yen/Euro, 2.15 pm (C.E.T.)",JPY,0
EXR.D.JPY.EUR.SP00.A,D,JPY,EUR,SP00,A,2025-08-06,171.22,A,F,,,P1D,,A,,,,,,,99Q1=100,,,2,,4F0,,Japanese yen/Euro ECB reference exchange rate,"ECB reference exchange rate, Japanese yen/Euro, 2.15 pm (C.E.T.)",JPY,0
EXR.D.JPY.EUR.SP00.A,D,JPY,EUR,SP00,A,2025-08-07,171.6,A,F,,,P1D,,A,,,,,,,99Q1=100,,,2,,4F0,,Japanese yen/Euro ECB reference exchange rate,"ECB reference exchange rate, Japanese yen/Euro, 2.15 pm (C.E.T.)",JPY,0
EXR.D.JPY.EUR.SP00.A,D,JPY,EUR,SP00,A,2025-08-08,172.18,A,F,,,P1D,,A,,,,,,,99Q1=100,,,2,,4F0,,Japanese yen/Euro ECB reference exchange rate,"ECB reference exchange rate, Japanese yen/Euro, 2.15 pm (C.E.T.)",JPY,0
EXR.D.JPY.EUR.SP00.A,D,JPY,EUR,SP00,A,2025-08-11,171.86,A,F,,,P1D,,A,,,,,,,99Q1=100,,,2,,4F0,,Japanese yen/Euro ECB reference exchange rate,"ECB reference exchange rate, Japanese yen/Euro, 2.15 pm (C.E.T.)",JPY,0
EXR.D.JPY.EUR.SP00.A,D,JPY,EUR,SP00,A,2025-08-12,172.3,A,F,,,P1D,,A,,,,,,,99Q1=100,,,2,,4F0,,Japanese yen/Euro ECB reference exchange rate,"ECB reference exchange rate, Japanese yen/Euro, 2.15 pm (C.E.T.)",JPY,0
EXR.D.JPY.EUR.SP00.A,D,JPY,EUR,SP00,A,2025-08-13,172.47,A,F,,,P1D,,A,,,,,,,99Q1=100,,,2,,4F0,,Japanese yen/Euro ECB reference exchange rate,"ECB reference exchange rate, Japanese yen/Euro, 2.15 pm (C.E.T.)",JPY,0
EXR.D.JPY.EUR.SP00.A,D,JPY,EUR,SP00,A,2025-08-14,171.3,A,F,,,P1D,,A,,,,,,,99Q1=100,,,2,,4F0,,Japanese yen/Euro ECB reference exchange rate,"ECB reference exchange rate, Japanese yen/Euro, 2.15 pm (C.E.T.)",JPY,0
EXR.D.JPY.EUR.SP00.A,D,JPY,EUR,SP00,A,2025-08-15,171.81,A,F,,,P1D,,A,,,,,,,99Q1=100,,,2,,4F0,,Japanese yen/Euro ECB reference exchange rate,"ECB reference exchange rate, Japanese yen/Euro, 2.15 pm (C.E.T.)",JPY,0
EXR.D.JPY.EUR.SP00.A,D,JPY,EUR,SP00,A,2025-08-18,172.27,A,F,,,P1D,,A,,,,,,,99Q1=100,,,2,,4F0,,Japanese yen/Euro ECB reference exchange rate,"ECB reference exchange rate, Japanese yen/Euro, 2.15 pm (C.E.T.)",JPY,0
EXR.D.JPY.EUR.SP00.A,D,JPY,EUR,SP00,A,2025-08-19,172.67,A,F,,,P1D,,A,,,,,,,99Q1=100,,,2,,4F0,,Japanese yen/Euro ECB reference exchange rate,"ECB reference exchange rate, Japanese yen/Euro, 2.15 pm (C.E.T.)",JPY,0
EXR.D.JPY.EUR.SP00.A,D,JPY,EUR,SP00,A,2025-08-20,171.77,A,F,,,P1D,,A,,,,,,,99Q1=100,,,2,,4F0,,Japanese yen/Euro ECB reference exchange rate,"ECB reference exchange rate, Japanese yen/Euro, 2.15 pm (C.E.T.)",JPY,0
EXR.D.JPY.EUR.SP00.A,D,JPY,EUR,SP00,A,2025-08-21,172.09,A,F,,,P1D,,A,,,,,,,99Q1=100,,,2,,4F0,,Japanese yen/Euro ECB reference exchange rate,"ECB reference exchange rate, Japanese yen/Euro, 2.15 pm (C.E.T.)",JPY,0
EXR.D.JPY.EUR.SP00.A,D,JPY,EUR,SP00,A,2025-08-22,172.6,A,F,,,P1D,,A,,,,,,,99Q1=100,,,2,,4F0,,Japanese yen/Euro ECB reference exchange rate,"ECB reference exchange rate, Japanese yen/Euro, 2.15 pm (C.E.T.)",JPY,0
EXR.D.JPY.EUR.SP00.A,D,JPY,EUR,SP00,A,2025-08-25,172.36,A,F,,,P1D,,A,,,,,,,99Q1=100,,,2,,4F0,,Japanese yen/Euro ECB reference exchange rate,"ECB reference exchange rate, Japanese yen/Euro, 2.15 pm (C.E.T.)",JPY,0
EXR.D.JPY.EUR.SP00.A,D,JPY,EUR,SP00,A,2025-08-26,171.77,A,F,,,P1D,,A,,,,,,,99Q1=100,,,2,,4F0,,Japanese yen/Euro ECB reference exchange rate,"ECB reference exchange rate, Japanese yen/Euro, 2.15 pm (C.E.T.)",JPY,0
EXR.D.JPY.EUR.SP00.A,D,JPY,EUR,SP00,A,2025-08-27,171.63,A,F,,,P1D,,A,,,,,,,99Q1=100,,,2,,4F0,,Japanese yen/Euro ECB reference exchange rate,"ECB reference exchange rate, Japanese yen/Euro, 2.15 pm (C.E.T.)",JPY,0
EXR.D.JPY.EUR.SP00.A,D,JPY,EUR,SP00,A,2025-08-28,171.48,A,F,,,P1D,,A,,,,,,,99Q1=100,,,2,,4F0,,Japanese yen/Euro ECB reference exchange rate,"ECB reference exchange rate, Japanese yen/Euro, 2.15 pm (C.E.T.)",JPY,0
EXR.D.JPY.EUR.SP00.A,D,JPY,EUR,SP00,A,2025-08-29,171.72,A,F,,,P1D,,A,,,,,,,99Q1=100,,,2,,4F0,,Japanese yen/Euro ECB reference exchange rate,"ECB reference exchange rate, Japanese yen/Euro, 2.15 pm (C.E.T.)",JPY,0
EXR.D.JPY.EUR.SP00.A,D,JPY,EUR,SP00,A,2025-09-01,172.47,A,F,,,P1D,,A,,,,,,,99Q1=100,,,2,,4F0,,Japanese yen/Euro ECB reference exchange rate,"ECB reference exchange rate, Japanese yen/Euro, 2.15 pm (C.E.T.)",JPY,0
EXR.D.JPY.EUR.SP00.A,D,JPY,EUR,SP00,A,2025-09-02,173.1,A,F,,,P1D,,A,,,,,,,99Q1=100,,,2,,4F0,,Japanese yen/Euro ECB reference exchange rate,"ECB reference exchange rate, Japanese yen/Euro, 2.15 pm (C.E.T.)",JPY,0
EXR.D.JPY.EUR.SP00.A,D,JPY,EUR,SP00,A,2025-09-03,173.17,A,F,,,P1D,,A,,,,,,,99Q1=100,,,2,,4F0,,Japanese yen/Euro ECB reference exchange rate,"ECB reference exchange rate, Japanese yen/Euro, 2.15 pm (C.E.T.)",JPY,0
EXR.D.JPY.EUR.SP00.A,D,JPY,EUR,SP00,A,2025-09-04,172.76,A,F,,,P1D,,A,,,,,,,99Q1=100,,,2,,4F0,,Japanese yen/Euro ECB reference exchange rate,"ECB reference exchange rate, Japanese yen/Euro, 2.15 pm (C.E.T.)",JPY,0
EXR.D.JPY.EUR.SP00.A,D,JPY,EUR,SP00,A,2025-09-05,173.09,A,F,,,P1D,,A,,,,,,,99Q1=100,,,2,,4F0,,Japanese yen/Euro ECB reference exchange rate,"ECB reference exchange rate, Japanese yen/Euro, 2.15 pm (C.E.T.)",JPY,0
EXR.D.JPY.EUR.SP00.A,D,JPY,EUR,SP00,A,2025-09-08,173.39,A,F,,,P1D,,A,,,,,,,99Q1=100,,,2,,4F0,,Japanese yen/Euro ECB reference exchange rate,"ECB reference exchange rate, Japanese yen/Euro, 2.15 pm (C.E.T.)",JPY,0
EXR.D.JPY.EUR.SP00.A,D,JPY,EUR,SP00,A,2025-09-09,172.36,A,F,,,P1D,,A,,,,,,,99Q1=100,,,2,,4F0,,Japanese yen/Euro ECB reference exchange rate,"ECB reference exchange rate, Japanese yen/Euro, 2.15 pm (C.E.T.)",JPY,0
EXR.D.JPY.EUR.SP00.A,D,JPY,EUR,SP00,A,2025-09-10,172.67,A,F,,,P1D,,A,,,,,,,99Q1=100,,,2,,4F0,,Japanese yen/Euro ECB reference exchange rate,"ECB reference exchange rate, Japanese yen/Euro, 2.15 pm (C.E.T.)",JPY,0
EXR.D.JPY.EUR.SP00.A,D,JPY,EUR,SP00,A,2025-09-11,172.88,A,F,,,P1D,,A,,,,,,,99Q1=100,,,2,,4F0,,Japanese yen/Euro ECB reference exchange rate,"ECB reference exchange rate, Japanese yen/Euro, 2.15 pm (C.E.T.)",JPY,0
EXR.D.JPY.EUR.SP00.A,D,JPY,EUR,SP00,A,2025-09-12,173.33,A,F,,,P1D,,A,,,,,,,99Q1=100,,,2,,4F0,,Japanese yen/Euro ECB reference exchange rate,"ECB reference exchange rate, Japanese yen/Euro, 2.15 pm (C.E.T.)",JPY,0
EXR.D.JPY.EUR.SP00.A,D,JPY,EUR,SP00,A,2025-09-15,173.38,A,F,,,P1D,,A,,,,,,,99Q1=100,,,2,,4F0,,Japanese yen/Euro ECB reference exchange rate,"ECB reference exchange rate, Japanese yen/Euro, 2.15 pm (C.E.T.)",JPY,0
EXR.D.JPY.EUR.SP00.A,D,JPY,EUR,SP00,A,2025-09-16,173.55,A,F,,,P1D,,A,,,,,,,99Q1=100,,,2,,4F0,,Japanese yen/Euro ECB reference exchange rate,"ECB reference exchange rate, Japanese yen/Euro, 2.15 pm (C.E.T.)",JPY,0
EXR.D.JPY.EUR.SP00.A,D,JPY,EUR,SP00,A,2025-09-17,173.28,A,F,,,P1D,,A,,,,,,,99Q1=100,,,2,,4F0,,Japanese yen/Euro ECB reference exchange rate,"ECB reference exchange rate, Japanese yen/Euro, 2.15 pm (C.E.T.)",JPY,0
EXR.D.JPY.EUR.SP00.A,D,JPY,EUR,SP00,A,2025-09-18,174.24,A,F,,,P1D,,A,,,,,,,99Q1=100,,,2,,4F0,,Japanese yen/Euro ECB reference exchange rate,"ECB reference exchange rate, Japanese yen/Euro, 2.15 pm (C.E.T.)",JPY,0
EXR.D.JPY.EUR.SP00.A,D,JPY,EUR,SP00,A,2025-09-19,173.79,A,F,,,P1D,,A,,,,,,,99Q1=100,,,2,,4F0,,Japanese yen/Euro ECB reference exchange rate,"ECB reference exchange rate, Japanese yen/Euro, 2.15 pm (C.E.T.)",JPY,0
EXR.D.JPY.EUR.SP00.A,D,JPY,EUR,SP00,A,2025-09-22,174.17,A,F,,,P1D,,A,,,,,,,99Q1=100,,,2,,4F0,,Japanese yen/Euro ECB reference exchange rate,"ECB reference exchange rate, Japanese yen/Euro, 2.15 pm (C.E.T.)",JPY,0
EXR.D.JPY.EUR.SP00.A,D,JPY,EUR,SP00,A,2025-09-23,174.3,A,F,,,P1D,,A,,,,,,,99Q1=100,,,2,,4F0,,Japanese yen/Euro ECB reference exchange rate,"ECB reference exchange rate, Japanese yen/Euro, 2.15 pm (C.E.T.)",JPY,0
EXR.D.JPY.EUR.SP00.A,D,JPY,EUR,SP00,A,2025-09-24,174.51,A,F,,,P1D,,A,,,,,,,99Q1=100,,,2,,4F0,,Japanese yen/Euro ECB reference exchange rate,"ECB reference exchange rate, Japanese yen/Euro, 2.15 pm (C.E.T.)",JPY,0
EXR.D.JPY.EUR.SP00.A,D,JPY,EUR,SP00,A,2025-09-25,174.7,A,F,,,P1D,,A,,,,,,,99Q1=100,,,2,,4F0,,Japanese yen/Euro ECB reference exchange rate,"ECB reference exchange rate, Japanese yen/Euro, 2.15 pm (C.E.T.)",JPY,0
EXR.D.JPY.EUR.SP00.A,D,JPY,EUR,SP00,A,2025-09-26,174.79,A,F,,,P1D,,A,,,,,,,99Q1=100,,,2,,4F0,,Japanese yen/Euro ECB reference exchange rate,"ECB reference exchange rate, Japanese yen/Euro, 2.15 pm (C.E.T.)",JPY,0
EXR.D.JPY.EUR.SP00.A,D,JPY,EUR,SP00,A,2025-09-29,174.38,A,F,,,P1D,,A,,,,,,,99Q1=100,,,2,,4F0,,Japanese yen/Euro ECB reference exchange rate,"ECB reference exchange rate, Japanese yen/Euro, 2.15 pm (C.E.T.)",JPY,0
EXR.D.JPY.EUR.SP00.A,D,JPY,EUR,SP00,A,2025-09-30,173.76,A,F,,,P1D,,A,,,,,,,99Q1=100,,,2,,4F0,,Japanese yen/Euro ECB reference exchange rate,"ECB reference exchange rate, Japanese yen/Euro, 2.15 pm (C.E.T.)",JPY,0
EXR.D.JPY.EUR.SP00.A,D,JPY,EUR,SP00,A,2025-10-01,172.47,A,F,,,P1D,,A,,,,,,,99Q1=100,,,2,,4F0,,Japanese yen/Euro ECB reference exchange rate,"ECB reference exchange rate, Japanese yen/Euro, 2.15 pm (C.E.T.)",JPY,0
EXR.D.JPY.EUR.SP00.A,D,JPY,EUR,SP00,A,2025-10-02,172.53,A,F,,,P1D,,A,,,,,,,99Q1=100,,,2,,4F0,,Japanese yen/Euro ECB reference exchange rate,"ECB reference exchange rate, Japanese yen/Euro, 2.15 pm (C.E.T.)",JPY,0
EXR.D.JPY.EUR.SP00.A,D,JPY,EUR,SP00,A,2025-10-03,172.9,A,F,,,P1D,,A,,,,,,,99Q1=100,,,2,,4F0,,Japanese yen/Euro ECB reference exchange rate,"ECB reference exchange rate, Japanese yen/Euro, 2.15 pm (C.E.T.)",JPY,0
EXR.D.JPY.EUR.SP00.A,D,JPY,EUR,SP00,A,2025-10-06,175.22,A,F,,,P1D,,A,,,,,,,99Q1=100,,,2,,4F0,,Japanese yen/Euro ECB reference exchange rate,"ECB reference exchange rate, Japanese yen/Euro, 2.15 pm (C.E.T.)",JPY,0
EXR.D.JPY.EUR.SP00.A,D,JPY,EUR,SP00,A,2025-10-07,176.05,A,F,,,P1D,,A,,,,,,,99Q1=100,,,2,,4F0,,Japanese yen/Euro ECB reference exchange rate,"ECB reference exchange rate, Japanese yen/Euro, 2.15 pm (C.E.T.)",JPY,0
EXR.D.JPY.EUR.SP00.A,D,JPY,EUR,SP00,A,2025-10-08,177.53,A,F,,,P1D,,A,,,,,,,99Q1=100,,,2,,4F0,,Japanese yen/Euro ECB reference exchange rate,"ECB reference exchange rate, Japanese yen/Euro, 2.15 pm (C.E.T.)",JPY,0
EXR.D.JPY.EUR.SP00.A,D,JPY,EUR,SP00,A,2025-10-09,177.4,A,F,,,P1D,,A,,,,,,,99Q1=100,,,2,,4F0,,Japanese yen/Euro ECB reference exchange rate,"ECB reference exchange rate, Japanese yen/Euro, 2.15 pm (C.E.T.)",JPY,0
EXR.D.JPY.EUR.SP00.A,D,JPY,EUR,SP00,A,2025-10-10,176.46,A,F,,,P1D,,A,,,,,,,99Q1=100,,,2,,4F0,,Japanese yen/Euro ECB reference exchange rate,"ECB reference exchange rate, Japanese yen/Euro, 2.15 pm (C.E.T.)",JPY,0
EXR.D.JPY.EUR.SP00.A,D,JPY,EUR,SP00,A,2025-10-13,175.98,A,F,,,P1D,,A,,,,,,,99Q1=100,,,2,,4F0,,Japanese yen/Euro ECB reference exchange rate,"ECB reference exchange rate, Japanese yen/Euro, 2.15 pm (C.E.T.)",JPY,0
EXR.D.JPY.EUR.SP00.A,D,JPY,EUR,SP00,A,2025-10-14,175.72,A,F,,,P1D,,A,,,,,,,99Q1=100,,,2,,4F0,,Japanese yen/Euro ECB reference exchange rate,"ECB reference exchange rate, Japanese yen/Euro, 2.15 pm (C.E.T.)",JPY,0
EXR.D.JPY.EUR.SP00.A,D,JPY,EUR,SP00,A,2025-10-15,176.13,A,F,,,P1D,,A,,,,,,,99Q1=100,,,2,,4F0,,Japanese yen/Euro ECB reference exchange rate,"ECB reference exchange rate, Japanese yen/Euro, 2.15 pm (C.E.T.)",JPY,0
EXR.D.JPY.EUR.SP00.A,D,JPY,EUR,SP00,A,2025-10-16,176.23,A,F,,,P1D,,A,,,,,,,99Q1=100,,,2,,4F0,,Japanese yen/Euro ECB reference exchange rate,"ECB reference exchange rate, Japanese yen/Euro, 2.15 pm (C.E.T.)",JPY,0
EXR.D.JPY.EUR.SP00.A,D,JPY,EUR,SP00,A,2025-10-17,175.7,A,F,,,P1D,,A,,,,,,,99Q1=100,,,2,,4F0,,Japanese yen/Euro ECB reference exchange rate,"ECB reference exchange rate, Japanese yen/Euro, 2.15 pm (C.E.T.)",JPY,0
EXR.D.JPY.EUR.SP00.A,D,JPY,EUR,SP00,A,2025-10-20,175.71,A,F,,,P1D,,A,,,,,,,99Q1=100,,,2,,4F0,,Japanese yen/Euro ECB reference exchange rate,"ECB reference exchange rate, Japanese yen/Euro, 2.15 pm (C.E.T.)",JPY,0
EXR.D.JPY.EUR.SP00.A,D,JPY,EUR,SP00,A,2025-10-21,176.45,A,F,,,P1D,,A,,,,,,,99Q1=100,,,2,,4F0,,Japanese yen/Euro ECB reference exchange rate,"ECB reference exchange rate, Japanese yen/Euro, 2.15 pm (C.E.T.)",JPY,0
EXR.D.JPY.EUR.SP00.A,D,JPY,EUR,SP00,A,2025-10-22,175.92,A,F,,,P1D,,A,,,,,,,99Q1=100,,,2,,4F0,,Japanese yen/Euro ECB reference exchange rate,"ECB reference exchange rate, Japanese yen/Euro, 2.15 pm (C.E.T.)",JPY,0
EXR.D.JPY.EUR.SP00.A,D,JPY,EUR,SP00,A,2025-10-23,176.94,A,F,,,P1D,,A,,,,,,,99Q1=100,,,2,,4F0,,Japanese yen/Euro ECB reference exchange rate,"ECB reference exchange rate, Japanese yen/Euro, 2.15 pm (C.E.T.)",JPY,0
EXR.D.JPY.EUR.SP00.A,D,JPY,EUR,SP00,A,2025-10-24,177.55,A,F,,,P1D,,A,,,,,,,99Q1=100,,,2,,4F0,,Japanese yen/Euro ECB reference exchange rate,"ECB reference exchange rate, Japanese yen/Euro, 2.15 pm (C.E.T.)",JPY,0
EXR.D.JPY.EUR.SP00.A,D,JPY,EUR,SP00,A,2025-10-27,177.93,A,F,,,P1D,,A,,,,,,,99Q1=100,,,2,,4F0,,Japanese yen/Euro ECB reference exchange rate,"ECB reference exchange rate, Japanese yen/Euro, 2.15 pm (C.E.T.)",JPY,0
EXR.D.JPY.EUR.SP00.A,D,JPY,EUR,SP00,A,2025-10-28,177.11,A,F,,,P1D,,A,,,,,,,99Q1=100,,,2,,4F0,,Japanese yen/Euro ECB reference exchange rate,"ECB reference exchange rate, Japanese yen/Euro, 2.15 pm (C.E.T.)",JPY,0
EXR.D.JPY.EUR.SP00.A,D,JPY,EUR,SP00,A,2025-10-29,177.07,A,F,,,P1D,,A,,,,,,,99Q1=100,,,2,,4F0,,Japanese yen/Euro ECB reference exchange rate,"ECB reference exchange rate, Japanese yen/Euro, 2.15 pm (C.E.T.)",JPY,0
EXR.D.JPY.EUR.SP00.A,D,JPY,EUR,SP00,A,2025-10-30,178.37,A,F,,,P1D,,A,,,,,,,99Q1=100,,,2,,4F0,,Japanese yen/Euro ECB reference exchange rate,"ECB reference exchange rate, Japanese yen/Euro, 2.15 pm (C.E.T.)",JPY,0
EXR.D.JPY.EUR.SP00.A,D,JPY,EUR,SP00,A,2025-10-31,178.14,A,F,,,P1D,,A,,,,,,,99Q1=100,,,2,,4F0,,Japanese yen/Euro ECB reference exchange rate,"ECB reference exchange rate, Japanese yen/Euro, 2.15 pm (C.E.T.)",JPY,0
EXR.D.JPY.EUR.SP00.A,D,JPY,EUR,SP00,A,2025-11-03,177.57,A,F,,,P1D,,A,,,,,,,99Q1=100,,,2,,4F0,,Japanese yen/Euro ECB reference exchange rate,"ECB reference exchange rate, Japanese yen/Euro, 2.15 pm (C.E.T.)",JPY,0
EXR.D.JPY.EUR.SP00.A,D,JPY,EUR,SP00,A,2025-11-04,176.39,A,F,,,P1D,,A,,,,,,,99Q1=100,,,2,,4F0,,Japanese yen/Euro ECB reference exchange rate,"ECB reference exchange rate, Japanese yen/Euro, 2.15 pm (C.E.T.)",JPY,0
EXR.D.JPY.EUR.SP00.A,D,JPY,EUR,SP00,A,2025-11-05,176.67,A,F,,,P1D,,A,,,,,,,99Q1=100,,,2,,4F0,,Japanese yen/Euro ECB reference exchange rate,"ECB reference exchange rate, Japanese yen/Euro, 2.15 pm (C.E.T.)",JPY,0
EXR.D.JPY.EUR.SP00.A,D,JPY,EUR,SP00,A,2025-11-06,177.15,A,F,,,P1D,,A,,,,,,,99Q1=100,,,2,,4F0,,Japanese yen/Euro ECB reference exchange rate,"ECB reference exchange rate, Japanese yen/Euro, 2.15 pm (C.E.T.)",JPY,0
EXR.D.JPY.EUR.SP00.A,D,JPY,EUR,SP00,A,2025-11-07,176.99,A,F,,,P1D,,A,,,,,,,99Q1=100,,,2,,4F0,,Japanese yen/Euro ECB reference exchange rate,"ECB reference exchange rate, Japanese yen/Euro, 2.15 pm (C.E.T.)",JPY,0
EXR.D.JPY.EUR.SP00.A,D,JPY,EUR,SP00,A,2025-11-10,178.31,A,F,,,P1D,,A,,,,,,,99Q1=100,,,2,,4F0,,Japanese yen/Euro ECB reference exchange rate,"ECB reference exchange rate, Japanese yen/Euro, 2.15 pm (C.E.T.)",JPY,0
EXR.D.JPY.EUR.SP00.A,D,JPY,EUR,SP00,A,2025-11-11,178.46,A,F,,,P1D,,A,,,,,,,99Q1=100,,,2,,4F0,,Japanese yen/Euro ECB reference exchange rate,"ECB reference exchange rate, Japanese yen/Euro, 2.15 pm (C.E.T.)",JPY,0
EXR.D.JPY.EUR.SP00.A,D,JPY,EUR,SP00,A,2025-11-12,179.19,A,F,,,P1D,,A,,,,,,,99Q1=100,,,2,,4F0,,Japanese yen/Euro ECB reference exchange rate,"ECB reference exchange rate, Japanese yen/Euro, 2.15 pm (C.E.T.)",JPY,0
EXR.D.JPY.EUR.SP00.A,D,JPY,EUR,SP00,A,2025-11-13,179.57,A,F,,,P1D,,A,,,,,,,99Q1=100,,,2,,4F0,,Japanese yen/Euro ECB reference exchange rate,"ECB reference exchange rate, Japanese yen/Euro, 2.15 pm (C.E.T.)",JPY,0
EXR.D.JPY.EUR.SP00.A,D,JPY,EUR,SP00,A,2025-11-14,179.22,A,F,,,P1D,,A,,,,,,,99Q1=100,,,2,,4F0,,Japanese yen/Euro ECB reference exchange rate,"ECB reference exchange rate, Japanese yen/Euro, 2.15 pm (C.E.T.)",JPY,0
EXR.D.JPY.EUR.SP00.A,D,JPY,EUR,SP00,A,2025-11-17,179.57,A,F,,,P1D,,A,,,,,,,99Q1=100,,,2,,4F0,,Japanese yen/Euro ECB reference exchange rate,"ECB reference exchange rate, Japanese yen/Euro, 2.15 pm (C.E.T.)",JPY,0
EXR.D.JPY.EUR.SP00.A,D,JPY,EUR,SP00,A,2025-11-18,179.94,A,F,,,P1D,,A,,,,,,,99Q1=100,,,2,,4F0,,Japanese yen/Euro ECB reference exchange rate,"ECB reference exchange rate, Japanese yen/Euro, 2.15 pm (C.E.T.)",JPY,0
EXR.D.JPY.EUR.SP00.A,D,JPY,EUR,SP00,A,2025-11-19,180.85,A,F,,,P1D,,A,,,,,,,99Q1=100,,,2,,4F0,,Japanese yen/Euro ECB reference exchange rate,"ECB reference exchange rate, Japanese yen/Euro, 2.15 pm (C.E.T.)",JPY,0
EXR.D.JPY.EUR.SP00.A,D,JPY,EUR,SP00,A,2025-11-20,181.47,A,F,,,P1D,,A,,,,,,,99Q1=100,,,2,,4F0,,Japanese yen/Euro ECB reference exchange rate,"ECB reference exchange rate, Japanese yen/Euro, 2.15 pm (C.E.T.)",JPY,0
EXR.D.JPY.EUR.SP00.A,D,JPY,EUR,SP00,A,2025-11-21,180.56,A,F,,,P1D,,A,,,,,,,99Q1=100,,,2,,4F0,,Japanese yen/Euro ECB reference exchange rate,"ECB reference exchange rate, Japanese yen/Euro, 2.15 pm (C.E.T.)",JPY,0
EXR.D.JPY.EUR.SP00.A,D,JPY,EUR,SP00,A,2025-11-24,181.22,A,F,,,P1D,,A,,,,,,,99Q1=100,,,2,,4F0,,Japanese yen/Euro ECB reference exchange rate,"ECB reference exchange rate, Japanese yen/Euro, 2.15 pm (C.E.T.)",JPY,0
EXR.D.JPY.EUR.SP00.A,D,JPY,EUR,SP00,A,2025-11-25,180.42,A,F,,,P1D,,A,,,,,,,99Q1=100,,,2,,4F0,,Japanese yen/Euro ECB reference exchange rate,"ECB reference exchange rate, Japanese yen/Euro, 2.15 pm (C.E.T.)",JPY,0
EXR.D.JPY.EUR.SP00.A,D,JPY,EUR,SP00,A,2025-11-26,181.09,A,F,,,P1D,,A,,,,,,,99Q1=100,,,2,,4F0,,Japanese yen/Euro ECB reference exchange rate,"ECB reference exchange rate, Japanese yen/Euro, 2.15 pm (C.E.T.)",JPY,0
EXR.D.JPY.EUR.SP00.A,D,JPY,EUR,SP00,A,2025-11-27,181.11,A,F,,,P1D,,A,,,,,,,99Q1=100,,,2,,4F0,,Japanese yen/Euro ECB reference exchange rate,"ECB reference exchange rate, Japanese yen/Euro, 2.15 pm (C.E.T.)",JPY,0
EXR.D.JPY.EUR.SP00.A,D,JPY,EUR,SP00,A,2025-11-28,180.57,A,F,,,P1D,,A,,,,,,,99Q1=100,,,2,,4F0,,Japanese yen/Euro ECB reference exchange rate,"ECB reference exchange rate, Japanese yen/Euro, 2.15 pm (C.E.T.)",JPY,0
EXR.D.JPY.EUR.SP00.A,D,JPY,EUR,SP00,A,2025-12-01,180.28,A,F,,,P1D,,A,,,,,,,99Q1=100,,,2,,4F0,,Japanese yen/Euro ECB reference exchange rate,"ECB reference exchange rate, Japanese yen/Euro, 2.15 pm (C.E.T.)",JPY,0
EXR.D.JPY.EUR.SP00.A,D,JPY,EUR,SP00,A,2025-12-02,181.26,A,F,,,P1D,,A,,,,,,,99Q1=100,,,2,,4F0,,Japanese yen/Euro ECB reference exchange rate,"ECB reference exchange rate, Japanese yen/Euro, 2.15 pm (C.E.T.)",JPY,0
EXR.D.JPY.EUR.SP00.A,D,JPY,EUR,SP00,A,2025-12-03,181.28,A,F,,,P1D,,A,,,,,,,99Q1=100,,,2,,4F0,,Japanese yen/Euro ECB reference exchange rate,"ECB reference exchange rate, Japanese yen/Euro, 2.15 pm (C.E.T.)",JPY,0
EXR.D.JPY.EUR.SP00.A,D,JPY,EUR,SP00,A,2025-12-04,180.55,A,F,,,P1D,,A,,,,,,,99Q1=100,,,2,,4F0,,Japanese yen/Euro ECB reference exchange rate,"ECB reference exchange rate, Japanese yen/Euro, 2.15 pm (C.E.T.)",JPY,0
EXR.D.JPY.EUR.SP00.A,D,JPY,EUR,SP00,A,2025-12-05,180.76,A,F,,,P1D,,A,,,,,,,99Q1=100,,,2,,4F0,,Japanese yen/Euro ECB reference exchange rate,"ECB reference exchange rate, Japanese yen/Euro, 2.15 pm (C.E.T.)",JPY,0
EXR.D.JPY.EUR.SP00.A,D,JPY,EUR,SP00,A,2025-12-08,181.29,A,F,,,P1D,,A,,,,,,,99Q1=100,,,2,,4F0,,Japanese yen/Euro ECB reference exchange rate,"ECB reference exchange rate, Japanese yen/Euro, 2.15 pm (C.E.T.)",JPY,0
EXR.D.JPY.EUR.SP00.A,D,JPY,EUR,SP00,A,2025-12-09,181.96,A,F,,,P1D,,A,,,,,,,99Q1=100,,,2,,4F0,,Japanese yen/Euro ECB reference exchange rate,"ECB reference exchange rate, Japanese yen/Euro, 2.15 pm (C.E.T.)",JPY,0
EXR.D.JPY.EUR.SP00.A,D,JPY,EUR,SP00,A,2025-12-10,182.32,A,F,,,P1D,,A,,,,,,,99Q1=100,,,2,,4F0,,Japanese yen/Euro ECB reference exchange rate,"ECB reference exchange rate, Japanese yen/Euro, 2.15 pm (C.E.T.)",JPY,0
EXR.D.JPY.EUR.SP00.A,D,JPY,EUR,SP00,A,2025-12-11,182.25,A,F,,,P1D,,A,,,,,,,99Q1=100,,,2,,4F0,,Japanese yen/Euro ECB reference exchange rate,"ECB reference exchange rate, Japanese yen/Euro, 2.15 pm (C.E.T.)",JPY,0
EXR.D.JPY.EUR.SP00.A,D,JPY,EUR,SP00,A,2025-12-12,182.99,A,F,,,P1D,,A,,,,,,,99Q1=100,,,2,,4F0,,Japanese yen/Euro ECB reference exchange rate,"ECB reference exchange rate, Japanese yen/Euro, 2.15 pm (C.E.T.)",JPY,0
EXR.D.JPY.EUR.SP00.A,D,JPY,EUR,SP00,A,2025-12-15,182.32,A,F,,,P1D,,A,,,,,,,99Q1=100,,,2,,4F0,,Japanese yen/Euro ECB reference exchange rate,"ECB reference exchange rate, Japanese yen/Euro, 2.15 pm (C.E.T.)",JPY,0
EXR.D.JPY.EUR.SP00.A,D,JPY,EUR,SP00,A,2025-12-16,182.07,A,F,,,P1D,,A,,,,,,,99Q1=100,,,2,,4F0,,Japanese yen/Euro ECB reference exchange rate,"ECB reference exchange rate, Japanese yen/Euro, 2.15 pm (C.E.T.)",JPY,0
EXR.D.JPY.EUR.SP00.A,D,JPY,EUR,SP00,A,2025-12-17,182.38,A,F,,,P1D,,A,,,,,,,99Q1=100,,,2,,4F0,,Japanese yen/Euro ECB reference exchange rate,"ECB reference exchange rate, Japanese yen/Euro, 2.15 pm (C.E.T.)",JPY,0
EXR.D.JPY.EUR.SP00.A,D,JPY,EUR,SP00,A,2025-12-18,182.55,A,F,,,P1D,,A,,,,,,,99Q1=100,,,2,,4F0,,Japanese yen/Euro ECB reference exchange rate,"ECB reference exchange rate, Japanese yen/Euro, 2.15 pm (C.E.T.)",JPY,0
EXR.D.JPY.EUR.SP00.A,D,JPY,EUR,SP00,A,2025-12-19,184.15,A,F,,,P1D,,A,,,,,,,99Q1=100,,,2,,4F0,,Japanese yen/Euro ECB reference exchange rate,"ECB reference exchange rate, Japanese yen/Euro, 2.15 pm (C.E.T.)",JPY,0
EXR.D.JPY.EUR.SP00.A,D,JPY,EUR,SP00,A,2025-12-22,184.77,A,F,,,P1D,,A,,,,,,,99Q1=100,,,2,,4F0,,Japanese yen/Euro ECB reference exchange rate,"ECB reference exchange rate, Japanese yen/Euro, 2.15 pm (C.E.T.)",JPY,0
EXR.D.JPY.EUR.SP00.A,D,JPY,EUR,SP00,A,2025-12-23,183.89,A,F,,,P1D,,A,,,,,,,99Q1=100,,,2,,4F0,,Japanese yen/Euro ECB reference exchange rate,"ECB reference exchange rate, Japanese yen/Euro, 2.15 pm (C.E.T.)",JPY,0
EXR.D.JPY.EUR.SP00.A,D,JPY,EUR,SP00,A,2025-12-24,183.83,A,F,,,P1D,,A,,,,,,,99Q1=100,,,2,,4F0,,Japanese yen/Euro ECB reference exchange rate,"ECB reference exchange rate, Japanese yen/Euro, 2.15 pm (C.E.T.)",JPY,0
EXR.D.JPY.EUR.SP00.A,D,JPY,EUR,SP00,A,2025-12-29,183.97,A,F,,,P1D,,A,,,,,,,99Q1=100,,,2,,4F0,,Japanese yen/Euro ECB reference exchange rate,"ECB reference exchange rate, Japanese yen/Euro, 2.15 pm (C.E.T.)",JPY,0
EXR.D.JPY.EUR.SP00.A,D,JPY,EUR,SP00,A,2025-12-30,183.48,A,F,,,P1D,,A,,,,,,,99Q1=100,,,2,,4F0,,Japanese yen/Euro ECB reference exchange rate,"ECB reference exchange rate, Japanese yen/Euro, 2.15 pm (C.E.T.)",JPY,0
EXR.D.JPY.EUR.SP00.A,D,JPY,EUR,SP00,A,2025-12-31,184.09,A,F,,,P1D,,A,,,,,,,99Q1=100,,,2,,4F0,,Japanese yen/Euro ECB reference exchange rate,"ECB reference exchange rate, Japanese yen/Euro, 2.15 pm (C.E.T.)",JPY,0
EXR.D.JPY.EUR.SP00.A,D,JPY,EUR,SP00,A,2026-01-02,183.94,A,F,,,P1D,,A,,,,,,,99Q1=100,,,2,,4F0,,Japanese yen/Euro ECB reference exchange rate,"ECB reference exchange rate, Japanese yen/Euro, 2.15 pm (C.E.T.)",JPY,0
EXR.D.JPY.EUR.SP00.A,D,JPY,EUR,SP00,A,2026-01-05,182.93,A,F,,,P1D,,A,,,,,,,99Q1=100,,,2,,4F0,,Japanese yen/Euro ECB reference exchange rate,"ECB reference exchange rate, Japanese yen/Euro, 2.15 pm (C.E.T.)",JPY,0
EXR.D.JPY.EUR.SP00.A,D,JPY,EUR,SP00,A,2026-01-06,183.14,A,F,,,P1D,,A,,,,,,,99Q1=100,,,2,,4F0,,Japanese yen/Euro ECB reference exchange rate,"ECB reference exchange rate, Japanese yen/Euro, 2.15 pm (C.E.T.)",JPY,0
EXR.D.JPY.EUR.SP00.A,D,JPY,EUR,SP00,A,2026-01-07,182.91,A,F,,,P1D,,A,,,,,,,99Q1=100,,,2,,4F0,,Japanese yen/Euro ECB reference exchange rate,"ECB reference exchange rate, Japanese yen/Euro, 2.15 pm (C.E.T.)",JPY,0
EXR.D.JPY.EUR.SP00.A,D,JPY,EUR,SP00,A,2026-01-08,182.97,A,F,,,P1D,,A,,,,,,,99Q1=100,,,2,,4F0,,Japanese yen/Euro ECB reference exchange rate,"ECB reference exchange rate, Japanese yen/Euro, 2.15 pm (C.E.T.)",JPY,0
EXR.D.JPY.EUR.SP00.A,D,JPY,EUR,SP00,A,2026-01-09,183.52,A,F,,,P1D,,A,,,,,,,99Q1=100,,,2,,4F0,,Japanese yen/Euro ECB reference exchange rate,"ECB reference exchange rate, Japanese yen/Euro, 2.15 pm (C.E.T.)",JPY,0
EXR.D.JPY.EUR.SP00.A,D,JPY,EUR,SP00,A,2026-01-12,184.42,A,F,,,P1D,,A,,,,,,,99Q1=100,,,2,,4F0,,Japanese yen/Euro ECB reference exchange rate,"ECB reference exchange rate, Japanese yen/Euro, 2.15 pm (C.E.T.)",JPY,0
EXR.D.JPY.EUR.SP00.A,D,JPY,EUR,SP00,A,2026-01-13,185.12,A,F,,,P1D,,A,,,,,,,99Q1=100,,,2,,4F0,,Japanese yen/Euro ECB reference exchange rate,"ECB reference exchange rate, Japanese yen/Euro, 2.15 pm (C.E.T.)",JPY,0
EXR.D.JPY.EUR.SP00.A,D,JPY,EUR,SP00,A,2026-01-14,184.82,A,F,,,P1D,,A,,,,,,,99Q1=100,,,2,,4F0,,Japanese yen/Euro ECB reference exchange rate,"ECB reference exchange rate, Japanese yen/Euro, 2.15 pm (C.E.T.)",JPY,0
EXR.D.JPY.EUR.SP00.A,D,JPY,EUR,SP00,A,2026-01-15,184.31,A,F,,,P1D,,A,,,,,,,99Q1=100,,,2,,4F0,,Japanese yen/Euro ECB reference exchange rate,"ECB reference exchange rate, Japanese yen/Euro, 2.15 pm (C.E.T.)",JPY,0
EXR.D.JPY.EUR.SP00.A,D,JPY,EUR,SP00,A,2026-01-16,183.67,A,F,,,P1D,,A,,,,,,,99Q1=100,,,2,,4F0,,Japanese yen/Euro ECB reference exchange rate,"ECB reference exchange rate, Japanese yen/Euro, 2.15 pm (C.E.T.)",JPY,0
EXR.D.JPY.EUR.SP00.A,D,JPY,EUR,SP00,A,2026-01-19,183.69,A,F,,,P1D,,A,,,,,,,99Q1=100,,,2,,4F0,,Japanese yen/Euro ECB reference exchange rate,"ECB reference exchange rate, Japanese yen/Euro, 2.15 pm (C.E.T.)",JPY,0
EXR.D.JPY.EUR.SP00.A,D,JPY,EUR,SP00,A,2026-01-20,185.18,A,F,,,P1D,,A,,,,,,,99Q1=100,,,2,,4F0,,Japanese yen/Euro ECB reference exchange rate,"ECB reference exchange rate, Japanese yen/Euro, 2.15 pm (C.E.T.)",JPY,0
EXR.D.JPY.EUR.SP00.A,D,JPY,EUR,SP00,A,2026-01-21,185.23,A,F,,,P1D,,A,,,,,,,99Q1=100,,,2,,4F0,,Japanese yen/Euro ECB reference exchange rate,"ECB reference exchange rate, Japanese yen/Euro, 2.15 pm (C.E.T.)",JPY,0
EXR.D.JPY.EUR.SP00.A,D,JPY,EUR,SP00,A,2026-01-22,185.88,A,F,,,P1D,,A,,,,,,,99Q1=100,,,2,,4F0,,Japanese yen/Euro ECB reference exchange rate,"ECB reference exchange rate, Japanese yen/Euro, 2.15 pm (C.E.T.)",JPY,0
EXR.D.JPY.EUR.SP00.A,D,JPY,EUR,SP00,A,2026-01-23,185.71,A,F,,,P1D,,A,,,,,,,99Q1=100,,,2,,4F0,,Japanese yen/Euro ECB reference exchange rate,"ECB reference exchange rate, Japanese yen/Euro, 2.15 pm (C.E.T.)",JPY,0
EXR.D.JPY.EUR.SP00.A,D,JPY,EUR,SP00,A,2026-01-26,182.52,A,F,,,P1D,,A,,,,,,,99Q1=100,,,2,,4F0,,Japanese yen/Euro ECB reference exchange rate,"ECB reference exchange rate, Japanese yen/Euro, 2.15 pm (C.E.T.)",JPY,0
EXR.D.JPY.EUR.SP00.A,D,JPY,EUR,SP00,A,2026-01-27,182.92,A,F,,,P1D,,A,,,,,,,99Q1=100,,,2,,4F0,,Japanese yen/Euro ECB reference exchange rate,"ECB reference exchange rate, Japanese yen/Euro, 2.15 pm (C.E.T.)",JPY,0
EXR.D.JPY.EUR.SP00.A,D,JPY,EUR,SP00,A,2026-01-28,182.76,A,F,,,P1D,,A,,,,,,,99Q1=100,,,2,,4F0,,Japanese yen/Euro ECB reference exchange rate,"ECB reference exchange rate, Japanese yen/Euro, 2.15 pm (C.E.T.)",JPY,0
EXR.D.JPY.EUR.SP00.A,D,JPY,EUR,SP00,A,2026-01-29,183.48,A,F,,,P1D,,A,,,,,,,99Q1=100,,,2,,4F0,,Japanese yen/Euro ECB reference exchange rate,"ECB reference exchange rate, Japanese yen/Euro, 2.15 pm (C.E.T.)",JPY,0
EXR.D.JPY.EUR.SP00.A,D,JPY,EUR,SP00,A,2026-01-30,183.59,A,F,,,P1D,,A,,,,,,,99Q1=100,,,2,,4F0,,Japanese yen/Euro ECB reference exchange rate,"ECB reference exchange rate, Japanese yen/Euro, 2.15 pm (C.E.T.)",JPY,0
EXR.D.JPY.EUR.SP00.A,D,JPY,EUR,SP00,A,2026-02-02,183.59,A,F,,,P1D,,A,,,,,,,99Q1=100,,,2,,4F0,,Japanese yen/Euro ECB reference exchange rate,"ECB reference exchange rate, Japanese yen/Euro, 2.15 pm (C.E.T.)",JPY,0
EXR.D.JPY.EUR.SP00.A,D,JPY,EUR,SP00,A,2026-02-03,183.92,A,F,,,P1D,,A,,,,,,,99Q1=100,,,2,,4F0,,Japanese yen/Euro ECB reference exchange rate,"ECB reference exchange rate, Japanese yen/Euro, 2.15 pm (C.E.T.)",JPY,0
EXR.D.JPY.EUR.SP00.A,D,JPY,EUR,SP00,A,2026-02-04,185.15,A,F,,,P1D,,A,,,,,,,99Q1=100,,,2,,4F0,,Japanese yen/Euro ECB reference exchange rate,"ECB reference exchange rate, Japanese yen/Euro, 2.15 pm (C.E.T.)",JPY,0
EXR.D.JPY.EUR.SP00.A,D,JPY,EUR,SP00,A,2026-02-05,185.11,A,F,,,P1D,,A,,,,,,,99Q1=100,,,2,,4F0,,Japanese yen/Euro ECB reference exchange rate,"ECB reference exchange rate, Japanese yen/Euro, 2.15 pm (C.E.T.)",JPY,0
EXR.D.JPY.EUR.SP00.A,D,JPY,EUR,SP00,A,2026-02-06,185.27,A,F,,,P1D,,A,,,,,,,99Q1=100,,,2,,4F0,,Japanese yen/Euro ECB reference exchange rate,"ECB reference exchange rate, Japanese yen/Euro, 2.15 pm (C.E.T.)",JPY,0
EXR.D.JPY.EUR.SP00.A,D,JPY,EUR,SP00,A,2026-02-09,185.65,A,F,,,P1D,,A,,,,,,,99Q1=100,,,2,,4F0,,Japanese yen/Euro ECB reference exchange rate,"ECB reference exchange rate, Japanese yen/Euro, 2.15 pm (C.E.T.)",JPY,0
EXR.D.JPY.EUR.SP00.A,D,JPY,EUR,SP00,A,2026-02-10,184.51,A,F,,,P1D,,A,,,,,,,99Q1=100,,,2,,4F0,,Japanese yen/Euro ECB reference exchange rate,"ECB reference exchange rate, Japanese yen/Euro, 2.15 pm (C.E.T.)",JPY,0
EXR.D.JPY.EUR.SP00.A,D,JPY,EUR,SP00,A,2026-02-11,182.79,A,F,,,P1D,,A,,,,,,,99Q1=100,,,2,,4F0,,Japanese yen/Euro ECB reference exchange rate,"ECB reference exchange rate, Japanese yen/Euro, 2.15 pm (C.E.T.)",JPY,0
EXR.D.JPY.EUR.SP00.A,D,JPY,EUR,SP00,A,2026-02-12,182.52,A,F,,,P1D,,A,,,,,,,99Q1=100,,,2,,4F0,,Japanese yen/Euro ECB reference exchange rate,"ECB reference exchange rate, Japanese yen/Euro, 2.15 pm (C.E.T.)",JPY,0
EXR.D.JPY.EUR.SP00.A,D,JPY,EUR,SP00,A,2026-02-13,181.83,A,F,,,P1D,,A,,,,,,,99Q1=100,,,2,,4F0,,Japanese yen/Euro ECB reference exchange rate,"ECB reference exchange rate, Japanese yen/Euro, 2.15 pm (C.E.T.)",JPY,0
EXR.D.JPY.EUR.SP00.A,D,JPY,EUR,SP00,A,2026-02-16,181.79,A,F,,,P1D,,A,,,,,,,99Q1=100,,,2,,4F0,,Japanese yen/Euro ECB reference exchange rate,"ECB reference exchange rate, Japanese yen/Euro, 2.15 pm (C.E.T.)",JPY,0
EXR.D.JPY.EUR.SP00.A,D,JPY,EUR,SP00,A,2026-02-17,181.06,A,F,,,P1D,,A,,,,,,,99Q1=100,,,2,,4F0,,Japanese yen/Euro ECB reference exchange rate,"ECB reference exchange rate, Japanese yen/Euro, 2.15 pm (C.E.T.)",JPY,0
EXR.D.JPY.EUR.SP00.A,D,JPY,EUR,SP00,A,2026-02-18,181.99,A,F,,,P1D,,A,,,,,,,99Q1=100,,,2,,4F0,,Japanese yen/Euro ECB reference exchange rate,"ECB reference exchange rate, Japanese yen/Euro, 2.15 pm (C.E.T.)",JPY,0
EXR.D.JPY.EUR.SP00.A,D,JPY,EUR,SP00,A,2026-02-19,182.05,A,F,,,P1D,,A,,,,,,,99Q1=100,,,2,,4F0,,Japanese yen/Euro ECB reference exchange rate,"ECB reference exchange rate, Japanese yen/Euro, 2.15 pm (C.E.T.)",JPY,0
EXR.D.JPY.EUR.SP00.A,D,JPY,EUR,SP00,A,2026-02-20,182.63,A,F,,,P1D,,A,,,,,,,99Q1=100,,,2,,4F0,,Japanese yen/Euro ECB reference exchange rate,"ECB reference exchange rate, Japanese yen/Euro, 2.15 pm (C.E.T.)",JPY,0
EXR.D.JPY.EUR.SP00.A,D,JPY,EUR,SP00,A,2026-02-23,182.44,A,F,,,P1D,,A,,,,,,,99Q1=100,,,2,,4F0,,Japanese yen/Euro ECB reference exchange rate,"ECB reference exchange rate, Japanese yen/Euro, 2.15 pm (C.E.T.)",JPY,0
EXR.D.JPY.EUR.SP00.A,D,JPY,EUR,SP00,A,2026-02-24,183.53,A,F,,,P1D,,A,,,,,,,99Q1=100,,,2,,4F0,,Japanese yen/Euro ECB reference exchange rate,"ECB reference exchange rate, Japanese yen/Euro, 2.15 pm (C.E.T.)",JPY,0
EXR.D.JPY.EUR.SP00.A,D,JPY,EUR,SP00,A,2026-02-25,184.7,A,F,,,P1D,,A,,,,,,,99Q1=100,,,2,,4F0,,Japanese yen/Euro ECB reference exchange rate,"ECB reference exchange rate, Japanese yen/Euro, 2.15 pm (C.E.T.)",JPY,0
EXR.D.JPY.EUR.SP00.A,D,JPY,EUR,SP00,A,2026-02-26,184.37,A,F,,,P1D,,A,,,,,,,99Q1=100,,,2,,4F0,,Japanese yen/Euro ECB reference exchange rate,"ECB reference exchange rate, Japanese yen/Euro, 2.15 pm (C.E.T.)",JPY,0
EXR.D.JPY.EUR.SP00.A,D,JPY,EUR,SP00,A,2026-02-27,184.13,A,F,,,P1D,,A,,,,,,,99Q1=100,,,2,,4F0,,Japanese yen/Euro ECB reference exchange rate,"ECB reference exchange rate, Japanese yen/Euro, 2.15 pm (C.E.T.)",JPY,0
EXR.D.JPY.EUR.SP00.A,D,JPY,EUR,SP00,A,2026-03-02,184.19,A,F,,,P1D,,A,,,,,,,99Q1=100,,,2,,4F0,,Japanese yen/Euro ECB reference exchange rate,"ECB reference exchange rate, Japanese yen/Euro, 2.15 pm (C.E.T.)",JPY,0
EXR.D.JPY.EUR.SP00.A,D,JPY,EUR,SP00,A,2026-03-03,182.98,A,F,,,P1D,,A,,,,,,,99Q1=100,,,2,,4F0,,Japanese yen/Euro ECB reference exchange rate,"ECB reference exchange rate, Japanese yen/Euro, 2.15 pm (C.E.T.)",JPY,0
EXR.D.JPY.EUR.SP00.A,D,JPY,EUR,SP00,A,2026-03-04,183.02,A,F,,,P1D,,A,,,,,,,99Q1=100,,,2,,4F0,,Japanese yen/Euro ECB reference exchange rate,"ECB reference exchange rate, Japanese yen/Euro, 2.15 pm (C.E.T.)",JPY,0
EXR.D.JPY.EUR.SP00.A,D,JPY,EUR,SP00,A,2026-03-05,183.03,A,F,,,P1D,,A,,,,,,,99Q1=100,,,2,,4F0,,Japanese yen/Euro ECB reference exchange rate,"ECB reference exchange rate, Japanese yen/Euro, 2.15 pm (C.E.T.)",JPY,0
EXR.D.JPY.EUR.SP00.A,D,JPY,EUR,SP00,A,2026-03-06,182.57,A,F,,,P1D,,A,,,,,,,99Q1=100,,,2,,4F0,,Japanese yen/Euro ECB reference exchange rate,"ECB reference exchange rate, Japanese yen/Euro, 2.15 pm (C.E.T.)",JPY,0
EXR.D.JPY.EUR.SP00.A,D,JPY,EUR,SP00,A,2026-03-09,183.15,A,F,,,P1D,,A,,,,,,,99Q1=100,,,2,,4F0,,Japanese yen/Euro ECB reference exchange rate,"ECB reference exchange rate, Japanese yen/Euro, 2.15 pm (C.E.T.)",JPY,0
EXR.D.JPY.EUR.SP00.A,D,JPY,EUR,SP00,A,2026-03-10,183.67,A,F,,,P1D,,A,,,,,,,99Q1=100,,,2,,4F0,,Japanese yen/Euro ECB reference exchange rate,"ECB reference exchange rate, Japanese yen/Euro, 2.15 pm (C.E.T.)",JPY,0
EXR.D.JPY.EUR.SP00.A,D,JPY,EUR,SP00,A,2026-03-11,183.63,A,F,,,P1D,,A,,,,,,,99Q1=100,,,2,,4F0,,Japanese yen/Euro ECB reference exchange rate,"ECB reference exchange rate, Japanese yen/Euro, 2.15 pm (C.E.T.)",JPY,0
EXR.D.JPY.EUR.SP00.A,D,JPY,EUR,SP00,A,2026-03-12,183.43,A,F,,,P1D,,A,,,,,,,99Q1=100,,,2,,4F0,,Japanese yen/Euro ECB reference exchange rate,"ECB reference exchange rate, Japanese yen/Euro, 2.15 pm (C.E.T.)",JPY,0
EXR.D.JPY.EUR.SP00.A,D,JPY,EUR,SP00,A,2026-03-13,182.85,A,F,,,P1D,,A,,,,,,,99Q1=100,,,2,,4F0,,Japanese yen/Euro ECB reference exchange rate,"ECB reference exchange rate, Japanese yen/Euro, 2.15 pm (C.E.T.)",JPY,0
EXR.D.JPY.EUR.SP00.A,D,JPY,EUR,SP00,A,2026-03-16,182.66,A,F,,,P1D,,A,,,,,,,99Q1=100,,,2,,4F0,,Japanese yen/Euro ECB reference exchange rate,"ECB reference exchange rate, Japanese yen/Euro, 2.15 pm (C.E.T.)",JPY,0
EXR.D.JPY.EUR.SP00.A,D,JPY,EUR,SP00,A,2026-03-17,183.29,A,F,,,P1D,,A,,,,,,,99Q1=100,,,2,,4F0,,Japanese yen/Euro ECB reference exchange rate,"ECB reference exchange rate, Japanese yen/Euro, 2.15 pm (C.E.T.)",JPY,0
EXR.D.JPY.EUR.SP00.A,D,JPY,EUR,SP00,A,2026-03-18,183.49,A,F,,,P1D,,A,,,,,,,99Q1=100,,,2,,4F0,,Japanese yen/Euro ECB reference exchange rate,"ECB reference exchange rate, Japanese yen/Euro, 2.15 pm (C.E.T.)",JPY,0
EXR.D.JPY.EUR.SP00.A,D,JPY,EUR,SP00,A,2026-03-19,182.46,A,F,,,P1D,,A,,,,,,,99Q1=100,,,2,,4F0,,Japanese yen/Euro ECB reference exchange rate,"ECB reference exchange rate, Japanese yen/Euro, 2.15 pm (C.E.T.)",JPY,0
EXR.D.JPY.EUR.SP00.A,D,JPY,EUR,SP00,A,2026-03-20,183.46,A,F,,,P1D,,A,,,,,,,99Q1=100,,,2,,4F0,,Japanese yen/Euro ECB reference exchange rate,"ECB reference exchange rate, Japanese yen/Euro, 2.15 pm (C.E.T.)",JPY,0
EXR.D.JPY.EUR.SP00.A,D,JPY,EUR,SP00,A,2026-03-23,183.86,A,F,,,P1D,,A,,,,,,,99Q1=100,,,2,,4F0,,Japanese yen/Euro ECB reference exchange rate,"ECB reference exchange rate, Japanese yen/Euro, 2.15 pm (C.E.T.)",JPY,0
EXR.D.JPY.EUR.SP00.A,D,JPY,EUR,SP00,A,2026-03-24,183.91,A,F,,,P1D,,A,,,,,,,99Q1=100,,,2,,4F0,,Japanese yen/Euro ECB reference exchange rate,"ECB reference exchange rate, Japanese yen/Euro, 2.15 pm (C.E.T.)",JPY,0
EXR.D.JPY.EUR.SP00.A,D,JPY,EUR,SP00,A,2026-03-25,184.27,A,F,,,P1D,,A,,,,,,,99Q1=100,,,2,,4F0,,Japanese yen/Euro ECB reference exchange rate,"ECB reference exchange rate, Japanese yen/Euro, 2.15 pm (C.E.T.)",JPY,0
EXR.D.JPY.EUR.SP00.A,D,JPY,EUR,SP00,A,2026-03-26,184.19,A,F,,,P1D,,A,,,,,,,99Q1=100,,,2,,4F0,,Japanese yen/Euro ECB reference exchange rate,"ECB reference exchange rate, Japanese yen/Euro, 2.15 pm (C.E.T.)",JPY,0
EXR.D.JPY.EUR.SP00.A,D,JPY,EUR,SP00,A,2026-03-27,184.16,A,F,,,P1D,,A,,,,,,,99Q1=100,,,2,,4F0,,Japanese yen/Euro ECB reference exchange rate,"ECB reference exchange rate, Japanese yen/Euro, 2.15 pm (C.E.T.)",JPY,0
EXR.D.JPY.EUR.SP00.A,D,JPY,EUR,SP00,A,2026-03-30,183.12,A,F,,,P1D,,A,,,,,,,99Q1=100,,,2,,4F0,,Japanese yen/Euro ECB reference exchange rate,"ECB reference exchange rate, Japanese yen/Euro, 2.15 pm (C.E.T.)",JPY,0
EXR.D.JPY.EUR.SP00.A,D,JPY,EUR,SP00,A,2026-03-31,183.39,A,F,,,P1D,,A,,,,,,,99Q1=100,,,2,,4F0,,Japanese yen/Euro ECB reference exchange rate,"ECB reference exchange rate, Japanese yen/Euro, 2.15 pm (C.E.T.)",JPY,0
EXR.D.JPY.EUR.SP00.A,D,JPY,EUR,SP00,A,2026-04-01,183.73,A,F,,,P1D,,A,,,,,,,99Q1=100,,,2,,4F0,,Japanese yen/Euro ECB reference exchange rate,"ECB reference exchange rate, Japanese yen/Euro, 2.15 pm (C.E.T.)",JPY,0
EXR.D.JPY.EUR.SP00.A,D,JPY,EUR,SP00,A,2026-04-02,183.94,A,F,,,P1D,,A,,,,,,,99Q1=100,,,2,,4F0,,Japanese yen/Euro ECB reference exchange rate,"ECB reference exchange rate, Japanese yen/Euro, 2.15 pm (C.E.T.)",JPY,0
EXR.D.JPY.EUR.SP00.A,D,JPY,EUR,SP00,A,2026-04-07,184.73,A,F,,,P1D,,A,,,,,,,99Q1=100,,,2,,4F0,,Japanese yen/Euro ECB reference exchange rate,"ECB reference exchange rate, Japanese yen/Euro, 2.15 pm (C.E.T.)",JPY,0
EXR.D.JPY.EUR.SP00.A,D,JPY,EUR,SP00,A,2026-04-08,185.13,A,F,,,P1D,,A,,,,,,,99Q1=100,,,2,,4F0,,Japanese yen/Euro ECB reference exchange rate,"ECB reference exchange rate, Japanese yen/Euro, 2.15 pm (C.E.T.)",JPY,0
EXR.D.JPY.EUR.SP00.A,D,JPY,EUR,SP00,A,2026-04-09,185.7,A,F,,,P1D,,A,,,,,,,99Q1=100,,,2,,4F0,,Japanese yen/Euro ECB reference exchange rate,"ECB reference exchange rate, Japanese yen/Euro, 2.15 pm (C.E.T.)",JPY,0
EXR.D.JPY.EUR.SP00.A,D,JPY,EUR,SP00,A,2026-04-10,186.43,A,F,,,P1D,,A,,,,,,,99Q1=100,,,2,,4F0,,Japanese yen/Euro ECB reference exchange rate,"ECB reference exchange rate, Japanese yen/Euro, 2.15 pm (C.E.T.)",JPY,0
EXR.D.JPY.EUR.SP00.A,D,JPY,EUR,SP00,A,2026-04-13,186.75,A,F,,,P1D,,A,,,,,,,99Q1=100,,,2,,4F0,,Japanese yen/Euro ECB reference exchange rate,"ECB reference exchange rate, Japanese yen/Euro, 2.15 pm (C.E.T.)",JPY,0
EXR.D.JPY.EUR.SP00.A,D,JPY,EUR,SP00,A,2026-04-14,187.33,A,F,,,P1D,,A,,,,,,,99Q1=100,,,2,,4F0,,Japanese yen/Euro ECB reference exchange rate,"ECB reference exchange rate, Japanese yen/Euro, 2.15 pm (C.E.T.)",JPY,0
EXR.D.JPY.EUR.SP00.A,D,JPY,EUR,SP00,A,2026-04-15,187.41,A,F,,,P1D,,A,,,,,,,99Q1=100,,,2,,4F0,,Japanese yen/Euro ECB reference exchange rate,"ECB reference exchange rate, Japanese yen/Euro, 2.15 pm (C.E.T.)",JPY,0
EXR.D.JPY.EUR.SP00.A,D,JPY,EUR,SP00,A,2026-04-16,187.31,A,F,,,P1D,,A,,,,,,,99Q1=100,,,2,,4F0,,Japanese yen/Euro ECB reference exchange rate,"ECB reference exchange rate, Japanese yen/Euro, 2.15 pm (C.E.T.)",JPY,0
EXR.D.JPY.EUR.SP00.A,D,JPY,EUR,SP00,A,2026-04-17,187.72,A,F,,,P1D,,A,,,,,,,99Q1=100,,,2,,4F0,,Japanese yen/Euro ECB reference exchange rate,"ECB reference exchange rate, Japanese yen/Euro, 2.15 pm (C.E.T.)",JPY,0
EXR.D.JPY.EUR.SP00.A,D,JPY,EUR,SP00,A,2026-04-20,186.88,A,F,,,P1D,,A,,,,,,,99Q1=100,,,2,,4F0,,Japanese yen/Euro ECB reference exchange rate,"ECB reference exchange rate, Japanese yen/Euro, 2.15 pm (C.E.T.)",JPY,0
EXR.D.JPY.EUR.SP00.A,D,JPY,EUR,SP00,A,2026-04-21,187.14,A,F,,,P1D,,A,,,,,,,99Q1=100,,,2,,4F0,,Japanese yen/Euro ECB reference exchange rate,"ECB reference exchange rate, Japanese yen/Euro, 2.15 pm (C.E.T.)",JPY,0
EXR.D.JPY.EUR.SP00.A,D,JPY,EUR,SP00,A,2026-04-22,186.81,A,F,,,P1D,,A,,,,,,,99Q1=100,,,2,,4F0,,Japanese yen/Euro ECB reference exchange rate,"ECB reference exchange rate, Japanese yen/Euro, 2.15 pm (C.E.T.)",JPY,0
EXR.D.JPY.EUR.SP00.A,D,JPY,EUR,SP00,A,2026-04-23,186.5,A,F,,,P1D,,A,,,,,,,99Q1=100,,,2,,4F0,,Japanese yen/Euro ECB reference exchange rate,"ECB reference exchange rate, Japanese yen/Euro, 2.15 pm (C.E.T.)",JPY,0
EXR.D.JPY.EUR.SP00.A,D,JPY,EUR,SP00,A,2026-04-24,186.71,A,F,,,P1D,,A,,,,,,,99Q1=100,,,2,,4F0,,Japanese yen/Euro ECB reference exchange rate,"ECB reference exchange rate, Japanese yen/Euro, 2.15 pm (C.E.T.)",JPY,0
EXR.D.JPY.EUR.SP00.A,D,JPY,EUR,SP00,A,2026-04-27,187.06,A,F,,,P1D,,A,,,,,,,99Q1=100,,,2,,4F0,,Japanese yen/Euro ECB reference exchange rate,"ECB reference exchange rate, Japanese yen/Euro, 2.15 pm (C.E.T.)",JPY,0
EXR.D.JPY.EUR.SP00.A,D,JPY,EUR,SP00,A,2026-04-28,186.58,A,F,,,P1D,,A,,,,,,,99Q1=100,,,2,,4F0,,Japanese yen/Euro ECB reference exchange rate,"ECB reference exchange rate, Japanese yen/Euro, 2.15 pm (C.E.T.)",JPY,0
EXR.D.JPY.EUR.SP00.A,D,JPY,EUR,SP00,A,2026-04-29,187.05,A,F,,,P1D,,A,,,,,,,99Q1=100,,,2,,4F0,,Japanese yen/Euro ECB reference exchange rate,"ECB reference exchange rate, Japanese yen/Euro, 2.15 pm (C.E.T.)",JPY,0
EXR.D.JPY.EUR.SP00.A,D,JPY,EUR,SP00,A,2026-04-30,183.21,A,F,,,P1D,,A,,,,,,,99Q1=100,,,2,,4F0,,Japanese yen/Euro ECB reference exchange rate,"ECB reference exchange rate, Japanese yen/Euro, 2.15 pm (C.E.T.)",JPY,0
EXR.D.JPY.EUR.SP00.A,D,JPY,EUR,SP00,A,2026-05-04,183.83,A,F,,,P1D,,A,,,,,,,99Q1=100,,,2,,4F0,,Japanese yen/Euro ECB reference exchange rate,"ECB reference exchange rate, Japanese yen/Euro, 2.15 pm (C.E.T.)",JPY,0
EXR.D.JPY.EUR.SP00.A,D,JPY,EUR,SP00,A,2026-05-05,184.42,A,F,,,P1D,,A,,,,,,,99Q1=100,,,2,,4F0,,Japanese yen/Euro ECB reference exchange rate,"ECB reference exchange rate, Japanese yen/Euro, 2.15 pm (C.E.T.)",JPY,0
EXR.D.JPY.EUR.SP00.A,D,JPY,EUR,SP00,A,2026-05-06,183.74,A,F,,,P1D,,A,,,,,,,99Q1=100,,,2,,4F0,,Japanese yen/Euro ECB reference exchange rate,"ECB reference exchange rate, Japanese yen/Euro, 2.15 pm (C.E.T.)",JPY,0
EXR.D.JPY.EUR.SP00.A,D,JPY,EUR,SP00,A,2026-05-07,184.07,A,F,,,P1D,,A,,,,,,,99Q1=100,,,2,,4F0,,Japanese yen/Euro ECB reference exchange rate,"ECB reference exchange rate, Japanese yen/Euro, 2.15 pm (C.E.T.)",JPY,0
EXR.D.JPY.EUR.SP00.A,D,JPY,EUR,SP00,A,2026-05-08,184.37,A,F,,,P1D,,A,,,,,,,99Q1=100,,,2,,4F0,,Japanese yen/Euro ECB reference exchange rate,"ECB reference exchange rate, Japanese yen/Euro, 2.15 pm (C.E.T.)",JPY,0
EXR.D.JPY.EUR.SP00.A,D,JPY,EUR,SP00,A,2026-05-11,184.87,A,F,,,P1D,,A,,,,,,,99Q1=100,,,2,,4F0,,Japanese yen/Euro ECB reference exchange rate,"ECB reference exchange rate, Japanese yen/Euro, 2.15 pm (C.E.T.)",JPY,0
EXR.D.JPY.EUR.SP00.A,D,JPY,EUR,SP00,A,2026-05-12,184.98,A,F,,,P1D,,A,,,,,,,99Q1=100,,,2,,4F0,,Japanese yen/Euro ECB reference exchange rate,"ECB reference exchange rate, Japanese yen/Euro, 2.15 pm (C.E.T.)",JPY,0
EXR.D.JPY.EUR.SP00.A,D,JPY,EUR,SP00,A,2026-05-13,184.83,A,F,,,P1D,,A,,,,,,,99Q1=100,,,2,,4F0,,Japanese yen/Euro ECB reference exchange rate,"ECB reference exchange rate, Japanese yen/Euro, 2.15 pm (C.E.T.)",JPY,0
EXR.D.JPY.EUR.SP00.A,D,JPY,EUR,SP00,A,2026-05-14,184.83,A,F,,,P1D,,A,,,,,,,99Q1=100,,,2,,4F0,,Japanese yen/Euro ECB reference exchange rate,"ECB reference exchange rate, Japanese yen/Euro, 2.15 pm (C.E.T.)",JPY,0
EXR.D.JPY.EUR.SP00.A,D,JPY,EUR,SP00,A,2026-05-15,184.36,A,F,,,P1D,,A,,,,,,,99Q1=100,,,2,,4F0,,Japanese yen/Euro ECB reference exchange rate,"ECB reference exchange rate, Japanese yen/Euro, 2.15 pm (C.E.T.)",JPY,0
EXR.D.JPY.EUR.SP00.A,D,JPY,EUR,SP00,A,2026-05-18,184.93,A,F,,,P1D,,A,,,,,,,99Q1=100,,,2,,4F0,,Japanese yen/Euro ECB reference exchange rate,"ECB reference exchange rate, Japanese yen/Euro, 2.15 pm (C.E.T.)",JPY,0
EXR.D.JPY.EUR.SP00.A,D,JPY,EUR,SP00,A,2026-05-19,184.89,A,F,,,P1D,,A,,,,,,,99Q1=100,,,2,,4F0,,Japanese yen/Euro ECB reference exchange rate,"ECB reference exchange rate, Japanese yen/Euro, 2.15 pm (C.E.T.)",JPY,0
EXR.D.JPY.EUR.SP00.A,D,JPY,EUR,SP00,A,2026-05-20,184.48,A,F,,,P1D,,A,,,,,,,99Q1=100,,,2,,4F0,,Japanese yen/Euro ECB reference exchange rate,"ECB reference exchange rate, Japanese yen/Euro, 2.15 pm (C.E.T.)",JPY,0
EXR.D.JPY.EUR.SP00.A,D,JPY,EUR,SP00,A,2026-05-21,184.59,A,F,,,P1D,,A,,,,,,,99Q1=100,,,2,,4F0,,Japanese yen/Euro ECB reference exchange rate,"ECB reference exchange rate, Japanese yen/Euro, 2.15 pm (C.E.T.)",JPY,0
EXR.D.JPY.EUR.SP00.A,D,JPY,EUR,SP00,A,2026-05-22,184.53,A,F,,,P1D,,A,,,,,,,99Q1=100,,,2,,4F0,,Japanese yen/Euro ECB reference exchange rate,"ECB reference exchange rate, Japanese yen/Euro, 2.15 pm (C.E.T.)",JPY,0
EXR.D.JPY.EUR.SP00.A,D,JPY,EUR,SP00,A,2026-05-25,185.04,A,F,,,P1D,,A,,,,,,,99Q1=100,,,2,,4F0,,Japanese yen/Euro ECB reference exchange rate,"ECB reference exchange rate, Japanese yen/Euro, 2.15 pm (C.E.T.)",JPY,0
EXR.D.JPY.EUR.SP00.A,D,JPY,EUR,SP00,A,2026-05-26,185.22,A,F,,,P1D,,A,,,,,,,99Q1=100,,,2,,4F0,,Japanese yen/Euro ECB reference exchange rate,"ECB reference exchange rate, Japanese yen/Euro, 2.15 pm (C.E.T.)",JPY,0
EXR.D.JPY.EUR.SP00.A,D,JPY,EUR,SP00,A,2026-05-27,185.52,A,F,,,P1D,,A,,,,,,,99Q1=100,,,2,,4F0,,Japanese yen/Euro ECB reference exchange rate,"ECB reference exchange rate, Japanese yen/Euro, 2.15 pm (C.E.T.)",JPY,0
EXR.D.JPY.EUR.SP00.A,D,JPY,EUR,SP00,A,2026-05-28,185.24,A,F,,,P1D,,A,,,,,,,99Q1=100,,,2,,4F0,,Japanese yen/Euro ECB reference exchange rate,"ECB reference exchange rate, Japanese yen/Euro, 2.15 pm (C.E.T.)",JPY,0
EXR.D.JPY.EUR.SP00.A,D,JPY,EUR,SP00,A,2026-05-29,185.45,A,F,,,P1D,,A,,,,,,,99Q1=100,,,2,,4F0,,Japanese yen/Euro ECB reference exchange rate,"ECB reference exchange rate, Japanese yen/Euro, 2.15 pm (C.E.T.)",JPY,0
EXR.D.JPY.EUR.SP00.A,D,JPY,EUR,SP00,A,2026-06-01,185.74,A,F,,,P1D,,A,,,,,,,99Q1=100,,,2,,4F0,,Japanese yen/Euro ECB reference exchange rate,"ECB reference exchange rate, Japanese yen/Euro, 2.15 pm (C.E.T.)",JPY,0
EXR.D.JPY.EUR.SP00.A,D,JPY,EUR,SP00,A,2026-06-02,186.09,A,F,,,P1D,,A,,,,,,,99Q1=100,,,2,,4F0,,Japanese yen/Euro ECB reference exchange rate,"ECB reference exchange rate, Japanese yen/Euro, 2.15 pm (C.E.T.)",JPY,0
EXR.D.JPY.EUR.SP00.A,D,JPY,EUR,SP00,A,2026-06-03,185.66,A,F,,,P1D,,A,,,,,,,99Q1=100,,,2,,4F0,,Japanese yen/Euro ECB reference exchange rate,"ECB reference exchange rate, Japanese yen/Euro, 2.15 pm (C.E.T.)",JPY,0
EXR.D.JPY.EUR.SP00.A,D,JPY,EUR,SP00,A,2026-06-04,186.01,A,F,,,P1D,,A,,,,,,,99Q1=100,,,2,,4F0,,Japanese yen/Euro ECB reference exchange rate,"ECB reference exchange rate, Japanese yen/Euro, 2.15 pm (C.E.T.)",JPY,0
EXR.D.JPY.EUR.SP00.A,D,JPY,EUR,SP00,A,2026-06-05,186.08,A,F,,,P1D,,A,,,,,,,99Q1=100,,,2,,4F0,,Japanese yen/Euro ECB reference exchange rate,"ECB reference exchange rate, Japanese yen/Euro, 2.15 pm (C.E.T.)",JPY,0
EXR.D.JPY.EUR.SP00.A,D,JPY,EUR,SP00,A,2026-06-08,184.6,A,F,,,P1D,,A,,,,,,,99Q1=100,,,2,,4F0,,Japanese yen/Euro ECB reference exchange rate,"ECB reference exchange rate, Japanese yen/Euro, 2.15 pm (C.E.T.)",JPY,0
EXR.D.JPY.EUR.SP00.A,D,JPY,EUR,SP00,A,2026-06-09,185.35,A,F,,,P1D,,A,,,,,,,99Q1=100,,,2,,4F0,,Japanese yen/Euro ECB reference exchange rate,"ECB reference exchange rate, Japanese yen/Euro, 2.15 pm (C.E.T.)",JPY,0
EXR.D.JPY.EUR.SP00.A,D,JPY,EUR,SP00,A,2026-06-10,185.19,A,F,,,P1D,,A,,,,,,,99Q1=100,,,2,,4F0,,Japanese yen/Euro ECB reference exchange rate,"ECB reference exchange rate, Japanese yen/Euro, 2.15 pm (C.E.T.)",JPY,0
EXR.D.JPY.EUR.SP00.A,D,JPY,EUR,SP00,A,2026-06-11,185.21,A,F,,,P1D,,A,,,,,,,99Q1=100,,,2,,4F0,,Japanese yen/Euro ECB reference exchange rate,"ECB reference exchange rate, Japanese yen/Euro, 2.15 pm (C.E.T.)",JPY,0
EXR.D.JPY.EUR.SP00.A,D,JPY,EUR,SP00,A,2026-06-12,185.3,A,F,,,P1D,,A,,,,,,,99Q1=100,,,2,,4F0,,Japanese yen/Euro ECB reference exchange rate,"ECB reference exchange rate, Japanese yen/Euro, 2.15 pm (C.E.T.)",JPY,0
EXR.D.JPY.EUR.SP00.A,D,JPY,EUR,SP00,A,2026-06-15,185.93,A,F,,,P1D,,A,,,,,,,99Q1=100,,,2,,4F0,,Japanese yen/Euro ECB reference exchange rate,"ECB reference exchange rate, Japanese yen/Euro, 2.15 pm (C.E.T.)",JPY,0
EXR.D.JPY.EUR.SP00.A,D,JPY,EUR,SP00,A,2026-06-16,185.94,A,F,,,P1D,,A,,,,,,,99Q1=100,,,2,,4F0,,Japanese yen/Euro ECB reference exchange rate,"ECB reference exchange rate, Japanese yen/Euro, 2.15 pm (C.E.T.)",JPY,0
EXR.D.JPY.EUR.SP00.A,D,JPY,EUR,SP00,A,2026-06-17,185.82,A,F,,,P1D,,A,,,,,,,99Q1=100,,,2,,4F0,,Japanese yen/Euro ECB reference exchange rate,"ECB reference exchange rate, Japanese yen/Euro, 2.15 pm (C.E.T.)",JPY,0
EXR.D.JPY.EUR.SP00.A,D,JPY,EUR,SP00,A,2026-06-18,184.44,A,F,,,P1D,,A,,,,,,,99Q1=100,,,2,,4F0,,Japanese yen/Euro ECB reference exchange rate,"ECB reference exchange rate, Japanese yen/Euro, 2.15 pm (C.E.T.)",JPY,0
EXR.D.JPY.EUR.SP00.A,D,JPY,EUR,SP00,A,2026-06-19,184.88,A,F,,,P1D,,A,,,,,,,99Q1=100,,,2,,4F0,,Japanese yen/Euro ECB reference exchange rate,"ECB reference exchange rate, Japanese yen/Euro, 2.15 pm (C.E.T.)",JPY,0
EXR.D.JPY.EUR.SP00.A,D,JPY,EUR,SP00,A,2026-06-22,185.33,A,F,,,P1D,,A,,,,,,,99Q1=100,,,2,,4F0,,Japanese yen/Euro ECB reference exchange rate,"ECB reference exchange rate, Japanese yen/Euro, 2.15 pm (C.E.T.)",JPY,0
EXR.D.JPY.EUR.SP00.A,D,JPY,EUR,SP00,A,2026-06-23,184.02,A,F,,,P1D,,A,,,,,,,99Q1=100,,,2,,4F0,,Japanese yen/Euro ECB reference exchange rate,"ECB reference exchange rate, Japanese yen/Euro, 2.15 pm (C.E.T.)",JPY,0
EXR.D.JPY.EUR.SP00.A,D,JPY,EUR,SP00,A,2026-06-24,183.35,A,F,,,P1D,,A,,,,,,,99Q1=100,,,2,,4F0,,Japanese yen/Euro ECB reference exchange rate,"ECB reference exchange rate, Japanese yen/Euro, 2.15 pm (C.E.T.)",JPY,0
EXR.D.JPY.EUR.SP00.A,D,JPY,EUR,SP00,A,2026-06-25,183.57,A,F,,,P1D,,A,,,,,,,99Q1=100,,,2,,4F0,,Japanese yen/Euro ECB reference exchange rate,"ECB reference exchange rate, Japanese yen/Euro, 2.15 pm (C.E.T.)",JPY,0
EXR.D.JPY.EUR.SP00.A,D,JPY,EUR,SP00,A,2026-06-26,184.3,A,F,,,P1D,,A,,,,,,,99Q1=100,,,2,,4F0,,Japanese yen/Euro ECB reference exchange rate,"ECB reference exchange rate, Japanese yen/Euro, 2.15 pm (C.E.T.)",JPY,0
EXR.D.JPY.EUR.SP00.A,D,JPY,EUR,SP00,A,2026-06-29,184.62,A,F,,,P1D,,A,,,,,,,99Q1=100,,,2,,4F0,,Japanese yen/Euro ECB reference exchange rate,"ECB reference exchange rate, Japanese yen/Euro, 2.15 pm (C.E.T.)",JPY,0
EXR.D.JPY.EUR.SP00.A,D,JPY,EUR,SP00,A,2026-06-30,185.08,A,F,,,P1D,,A,,,,,,,99Q1=100,,,2,,4F0,,Japanese yen/Euro ECB reference exchange rate,"ECB reference exchange rate, Japanese yen/Euro, 2.15 pm (C.E.T.)",JPY,0
EXR.D.USD.EUR.SP00.A,D,USD,EUR,SP00,A,2024-01-02,1.0956,A,F,,,P1D,,A,,,,,,,99Q1=100,,,4,,4F0,,US dollar/Euro ECB reference exchange rate,"ECB reference exchange rate, US dollar/Euro, 2.15 pm (C.E.T.)",USD,0
EXR.D.USD.EUR.SP00.A,D,USD,EUR,SP00,A,2024-01-03,1.0919,A,F,,,P1D,,A,,,,,,,99Q1=100,,,4,,4F0,,US dollar/Euro ECB reference exchange rate,"ECB reference exchange rate, US dollar/Euro, 2.15 pm (C.E.T.)",USD,0
EXR.D.USD.EUR.SP00.A,D,USD,EUR,SP00,A,2024-01-04,1.0953,A,F,,,P1D,,A,,,,,,,99Q1=100,,,4,,4F0,,US dollar/Euro ECB reference exchange rate,"ECB reference exchange rate, US dollar/Euro, 2.15 pm (C.E.T.)",USD,0
EXR.D.USD.EUR.SP00.A,D,USD,EUR,SP00,A,2024-01-05,1.0921,A,F,,,P1D,,A,,,,,,,99Q1=100,,,4,,4F0,,US dollar/Euro ECB reference exchange rate,"ECB reference exchange rate, US dollar/Euro, 2.15 pm (C.E.T.)",USD,0
EXR.D.USD.EUR.SP00.A,D,USD,EUR,SP00,A,2024-01-08,1.0946,A,F,,,P1D,,A,,,,,,,99Q1=100,,,4,,4F0,,US dollar/Euro ECB reference exchange rate,"ECB reference exchange rate, US dollar/Euro, 2.15 pm (C.E.T.)",USD,0
EXR.D.USD.EUR.SP00.A,D,USD,EUR,SP00,A,2024-01-09,1.094,A,F,,,P1D,,A,,,,,,,99Q1=100,,,4,,4F0,,US dollar/Euro ECB reference exchange rate,"ECB reference exchange rate, US dollar/Euro, 2.15 pm (C.E.T.)",USD,0
EXR.D.USD.EUR.SP00.A,D,USD,EUR,SP00,A,2024-01-10,1.0946,A,F,,,P1D,,A,,,,,,,99Q1=100,,,4,,4F0,,US dollar/Euro ECB reference exchange rate,"ECB reference exchange rate, US dollar/Euro, 2.15 pm (C.E.T.)",USD,0
EXR.D.USD.EUR.SP00.A,D,USD,EUR,SP00,A,2024-01-11,1.0987,A,F,,,P1D,,A,,,,,,,99Q1=100,,,4,,4F0,,US dollar/Euro ECB reference exchange rate,"ECB reference exchange rate, US dollar/Euro, 2.15 pm (C.E.T.)",USD,0
EXR.D.USD.EUR.SP00.A,D,USD,EUR,SP00,A,2024-01-12,1.0942,A,F,,,P1D,,A,,,,,,,99Q1=100,,,4,,4F0,,US dollar/Euro ECB reference exchange rate,"ECB reference exchange rate, US dollar/Euro, 2.15 pm (C.E.T.)",USD,0
EXR.D.USD.EUR.SP00.A,D,USD,EUR,SP00,A,2024-01-15,1.0945,A,F,,,P1D,,A,,,,,,,99Q1=100,,,4,,4F0,,US dollar/Euro ECB reference exchange rate,"ECB reference exchange rate, US dollar/Euro, 2.15 pm (C.E.T.)",USD,0
EXR.D.USD.EUR.SP00.A,D,USD,EUR,SP00,A,2024-01-16,1.0882,A,F,,,P1D,,A,,,,,,,99Q1=100,,,4,,4F0,,US dollar/Euro ECB reference exchange rate,"ECB reference exchange rate, US dollar/Euro, 2.15 pm (C.E.T.)",USD,0
EXR.D.USD.EUR.SP00.A,D,USD,EUR,SP00,A,2024-01-17,1.0877,A,F,,,P1D,,A,,,,,,,99Q1=100,,,4,,4F0,,US dollar/Euro ECB reference exchange rate,"ECB reference exchange rate, US dollar/Euro, 2.15 pm (C.E.T.)",USD,0
EXR.D.USD.EUR.SP00.A,D,USD,EUR,SP00,A,2024-01-18,1.0875,A,F,,,P1D,,A,,,,,,,99Q1=100,,,4,,4F0,,US dollar/Euro ECB reference exchange rate,"ECB reference exchange rate, US dollar/Euro, 2.15 pm (C.E.T.)",USD,0
EXR.D.USD.EUR.SP00.A,D,USD,EUR,SP00,A,2024-01-19,1.0887,A,F,,,P1D,,A,,,,,,,99Q1=100,,,4,,4F0,,US dollar/Euro ECB reference exchange rate,"ECB reference exchange rate, US dollar/Euro, 2.15 pm (C.E.T.)",USD,0
EXR.D.USD.EUR.SP00.A,D,USD,EUR,SP00,A,2024-01-22,1.089,A,F,,,P1D,,A,,,,,,,99Q1=100,,,4,,4F0,,US dollar/Euro ECB reference exchange rate,"ECB reference exchange rate, US dollar/Euro, 2.15 pm (C.E.T.)",USD,0
EXR.D.USD.EUR.SP00.A,D,USD,EUR,SP00,A,2024-01-23,1.0872,A,F,,,P1D,,A,,,,,,,99Q1=100,,,4,,4F0,,US dollar/Euro ECB reference exchange rate,"ECB reference exchange rate, US dollar/Euro, 2.15 pm (C.E.T.)",USD,0
EXR.D.USD.EUR.SP00.A,D,USD,EUR,SP00,A,2024-01-24,1.0905,A,F,,,P1D,,A,,,,,,,99Q1=100,,,4,,4F0,,US dollar/Euro ECB reference exchange rate,"ECB reference exchange rate, US dollar/Euro, 2.15 pm (C.E.T.)",USD,0
EXR.D.USD.EUR.SP00.A,D,USD,EUR,SP00,A,2024-01-25,1.0893,A,F,,,P1D,,A,,,,,,,99Q1=100,,,4,,4F0,,US dollar/Euro ECB reference exchange rate,"ECB reference exchange rate, US dollar/Euro, 2.15 pm (C.E.T.)",USD,0
EXR.D.USD.EUR.SP00.A,D,USD,EUR,SP00,A,2024-01-26,1.0871,A,F,,,P1D,,A,,,,,,,99Q1=100,,,4,,4F0,,US dollar/Euro ECB reference exchange rate,"ECB reference exchange rate, US dollar/Euro, 2.15 pm (C.E.T.)",USD,0
EXR.D.USD.EUR.SP00.A,D,USD,EUR,SP00,A,2024-01-29,1.0823,A,F,,,P1D,,A,,,,,,,99Q1=100,,,4,,4F0,,US dollar/Euro ECB reference exchange rate,"ECB reference exchange rate, US dollar/Euro, 2.15 pm (C.E.T.)",USD,0
EXR.D.USD.EUR.SP00.A,D,USD,EUR,SP00,A,2024-01-30,1.0846,A,F,,,P1D,,A,,,,,,,99Q1=100,,,4,,4F0,,US dollar/Euro ECB reference exchange rate,"ECB reference exchange rate, US dollar/Euro, 2.15 pm (C.E.T.)",USD,0
EXR.D.USD.EUR.SP00.A,D,USD,EUR,SP00,A,2024-01-31,1.0837,A,F,,,P1D,,A,,,,,,,99Q1=100,,,4,,4F0,,US dollar/Euro ECB reference exchange rate,"ECB reference exchange rate, US dollar/Euro, 2.15 pm (C.E.T.)",USD,0
EXR.D.USD.EUR.SP00.A,D,USD,EUR,SP00,A,2024-02-01,1.0814,A,F,,,P1D,,A,,,,,,,99Q1=100,,,4,,4F0,,US dollar/Euro ECB reference exchange rate,"ECB reference exchange rate, US dollar/Euro, 2.15 pm (C.E.T.)",USD,0
EXR.D.USD.EUR.SP00.A,D,USD,EUR,SP00,A,2024-02-02,1.0883,A,F,,,P1D,,A,,,,,,,99Q1=100,,,4,,4F0,,US dollar/Euro ECB reference exchange rate,"ECB reference exchange rate, US dollar/Euro, 2.15 pm (C.E.T.)",USD,0
EXR.D.USD.EUR.SP00.A,D,USD,EUR,SP00,A,2024-02-05,1.0746,A,F,,,P1D,,A,,,,,,,99Q1=100,,,4,,4F0,,US dollar/Euro ECB reference exchange rate,"ECB reference exchange rate, US dollar/Euro, 2.15 pm (C.E.T.)",USD,0
EXR.D.USD.EUR.SP00.A,D,USD,EUR,SP00,A,2024-02-06,1.0743,A,F,,,P1D,,A,,,,,,,99Q1=100,,,4,,4F0,,US dollar/Euro ECB reference exchange rate,"ECB reference exchange rate, US dollar/Euro, 2.15 pm (C.E.T.)",USD,0
EXR.D.USD.EUR.SP00.A,D,USD,EUR,SP00,A,2024-02-07,1.0776,A,F,,,P1D,,A,,,,,,,99Q1=100,,,4,,4F0,,US dollar/Euro ECB reference exchange rate,"ECB reference exchange rate, US dollar/Euro, 2.15 pm (C.E.T.)",USD,0
EXR.D.USD.EUR.SP00.A,D,USD,EUR,SP00,A,2024-02-08,1.0758,A,F,,,P1D,,A,,,,,,,99Q1=100,,,4,,4F0,,US dollar/Euro ECB reference exchange rate,"ECB reference exchange rate, US dollar/Euro, 2.15 pm (C.E.T.)",USD,0
EXR.D.USD.EUR.SP00.A,D,USD,EUR,SP00,A,2024-02-09,1.0772,A,F,,,P1D,,A,,,,,,,99Q1=100,,,4,,4F0,,US dollar/Euro ECB reference exchange rate,"ECB reference exchange rate, US dollar/Euro, 2.15 pm (C.E.T.)",USD,0
EXR.D.USD.EUR.SP00.A,D,USD,EUR,SP00,A,2024-02-12,1.0773,A,F,,,P1D,,A,,,,,,,99Q1=100,,,4,,4F0,,US dollar/Euro ECB reference exchange rate,"ECB reference exchange rate, US dollar/Euro, 2.15 pm (C.E.T.)",USD,0
EXR.D.USD.EUR.SP00.A,D,USD,EUR,SP00,A,2024-02-13,1.0793,A,F,,,P1D,,A,,,,,,,99Q1=100,,,4,,4F0,,US dollar/Euro ECB reference exchange rate,"ECB reference exchange rate, US dollar/Euro, 2.15 pm (C.E.T.)",USD,0
EXR.D.USD.EUR.SP00.A,D,USD,EUR,SP00,A,2024-02-14,1.0713,A,F,,,P1D,,A,,,,,,,99Q1=100,,,4,,4F0,,US dollar/Euro ECB reference exchange rate,"ECB reference exchange rate, US dollar/Euro, 2.15 pm (C.E.T.)",USD,0
EXR.D.USD.EUR.SP00.A,D,USD,EUR,SP00,A,2024-02-15,1.0743,A,F,,,P1D,,A,,,,,,,99Q1=100,,,4,,4F0,,US dollar/Euro ECB reference exchange rate,"ECB reference exchange rate, US dollar/Euro, 2.15 pm (C.E.T.)",USD,0
EXR.D.USD.EUR.SP00.A,D,USD,EUR,SP00,A,2024-02-16,1.0768,A,F,,,P1D,,A,,,,,,,99Q1=100,,,4,,4F0,,US dollar/Euro ECB reference exchange rate,"ECB reference exchange rate, US dollar/Euro, 2.15 pm (C.E.T.)",USD,0
EXR.D.USD.EUR.SP00.A,D,USD,EUR,SP00,A,2024-02-19,1.0776,A,F,,,P1D,,A,,,,,,,99Q1=100,,,4,,4F0,,US dollar/Euro ECB reference exchange rate,"ECB reference exchange rate, US dollar/Euro, 2.15 pm (C.E.T.)",USD,0
EXR.D.USD.EUR.SP00.A,D,USD,EUR,SP00,A,2024-02-20,1.0802,A,F,,,P1D,,A,,,,,,,99Q1=100,,,4,,4F0,,US dollar/Euro ECB reference exchange rate,"ECB reference exchange rate, US dollar/Euro, 2.15 pm (C.E.T.)",USD,0
EXR.D.USD.EUR.SP00.A,D,USD,EUR,SP00,A,2024-02-21,1.0809,A,F,,,P1D,,A,,,,,,,99Q1=100,,,4,,4F0,,US dollar/Euro ECB reference exchange rate,"ECB reference exchange rate, US dollar/Euro, 2.15 pm (C.E.T.)",USD,0
EXR.D.USD.EUR.SP00.A,D,USD,EUR,SP00,A,2024-02-22,1.0844,A,F,,,P1D,,A,,,,,,,99Q1=100,,,4,,4F0,,US dollar/Euro ECB reference exchange rate,"ECB reference exchange rate, US dollar/Euro, 2.15 pm (C.E.T.)",USD,0
EXR.D.USD.EUR.SP00.A,D,USD,EUR,SP00,A,2024-02-23,1.0834,A,F,,,P1D,,A,,,,,,,99Q1=100,,,4,,4F0,,US dollar/Euro ECB reference exchange rate,"ECB reference exchange rate, US dollar/Euro, 2.15 pm (C.E.T.)",USD,0
EXR.D.USD.EUR.SP00.A,D,USD,EUR,SP00,A,2024-02-26,1.0852,A,F,,,P1D,,A,,,,,,,99Q1=100,,,4,,4F0,,US dollar/Euro ECB reference exchange rate,"ECB reference exchange rate, US dollar/Euro, 2.15 pm (C.E.T.)",USD,0
EXR.D.USD.EUR.SP00.A,D,USD,EUR,SP00,A,2024-02-27,1.0856,A,F,,,P1D,,A,,,,,,,99Q1=100,,,4,,4F0,,US dollar/Euro ECB reference exchange rate,"ECB reference exchange rate, US dollar/Euro, 2.15 pm (C.E.T.)",USD,0
EXR.D.USD.EUR.SP00.A,D,USD,EUR,SP00,A,2024-02-28,1.0808,A,F,,,P1D,,A,,,,,,,99Q1=100,,,4,,4F0,,US dollar/Euro ECB reference exchange rate,"ECB reference exchange rate, US dollar/Euro, 2.15 pm (C.E.T.)",USD,0
EXR.D.USD.EUR.SP00.A,D,USD,EUR,SP00,A,2024-02-29,1.0826,A,F,,,P1D,,A,,,,,,,99Q1=100,,,4,,4F0,,US dollar/Euro ECB reference exchange rate,"ECB reference exchange rate, US dollar/Euro, 2.15 pm (C.E.T.)",USD,0
EXR.D.USD.EUR.SP00.A,D,USD,EUR,SP00,A,2024-03-01,1.0813,A,F,,,P1D,,A,,,,,,,99Q1=100,,,4,,4F0,,US dollar/Euro ECB reference exchange rate,"ECB reference exchange rate, US dollar/Euro, 2.15 pm (C.E.T.)",USD,0
EXR.D.USD.EUR.SP00.A,D,USD,EUR,SP00,A,2024-03-04,1.0846,A,F,,,P1D,,A,,,,,,,99Q1=100,,,4,,4F0,,US dollar/Euro ECB reference exchange rate,"ECB reference exchange rate, US dollar/Euro, 2.15 pm (C.E.T.)",USD,0
EXR.D.USD.EUR.SP00.A,D,USD,EUR,SP00,A,2024-03-05,1.0849,A,F,,,P1D,,A,,,,,,,99Q1=100,,,4,,4F0,,US dollar/Euro ECB reference exchange rate,"ECB reference exchange rate, US dollar/Euro, 2.15 pm (C.E.T.)",USD,0
EXR.D.USD.EUR.SP00.A,D,USD,EUR,SP00,A,2024-03-06,1.0874,A,F,,,P1D,,A,,,,,,,99Q1=100,,,4,,4F0,,US dollar/Euro ECB reference exchange rate,"ECB reference exchange rate, US dollar/Euro, 2.15 pm (C.E.T.)",USD,0
EXR.D.USD.EUR.SP00.A,D,USD,EUR,SP00,A,2024-03-07,1.0895,A,F,,,P1D,,A,,,,,,,99Q1=100,,,4,,4F0,,US dollar/Euro ECB reference exchange rate,"ECB reference exchange rate, US dollar/Euro, 2.15 pm (C.E.T.)",USD,0
EXR.D.USD.EUR.SP00.A,D,USD,EUR,SP00,A,2024-03-08,1.0932,A,F,,,P1D,,A,,,,,,,99Q1=100,,,4,,4F0,,US dollar/Euro ECB reference exchange rate,"ECB reference exchange rate, US dollar/Euro, 2.15 pm (C.E.T.)",USD,0
EXR.D.USD.EUR.SP00.A,D,USD,EUR,SP00,A,2024-03-11,1.0926,A,F,,,P1D,,A,,,,,,,99Q1=100,,,4,,4F0,,US dollar/Euro ECB reference exchange rate,"ECB reference exchange rate, US dollar/Euro, 2.15 pm (C.E.T.)",USD,0
EXR.D.USD.EUR.SP00.A,D,USD,EUR,SP00,A,2024-03-12,1.0916,A,F,,,P1D,,A,,,,,,,99Q1=100,,,4,,4F0,,US dollar/Euro ECB reference exchange rate,"ECB reference exchange rate, US dollar/Euro, 2.15 pm (C.E.T.)",USD,0
EXR.D.USD.EUR.SP00.A,D,USD,EUR,SP00,A,2024-03-13,1.0939,A,F,,,P1D,,A,,,,,,,99Q1=100,,,4,,4F0,,US dollar/Euro ECB reference exchange rate,"ECB reference exchange rate, US dollar/Euro, 2.15 pm (C.E.T.)",USD,0
EXR.D.USD.EUR.SP00.A,D,USD,EUR,SP00,A,2024-03-14,1.0925,A,F,,,P1D,,A,,,,,,,99Q1=100,,,4,,4F0,,US dollar/Euro ECB reference exchange rate,"ECB reference exchange rate, US dollar/Euro, 2.15 pm (C.E.T.)",USD,0
EXR.D.USD.EUR.SP00.A,D,USD,EUR,SP00,A,2024-03-15,1.0892,A,F,,,P1D,,A,,,,,,,99Q1=100,,,4,,4F0,,US dollar/Euro ECB reference exchange rate,"ECB reference exchange rate, US dollar/Euro, 2.15 pm (C.E.T.)",USD,0
EXR.D.USD.EUR.SP00.A,D,USD,EUR,SP00,A,2024-03-18,1.0892,A,F,,,P1D,,A,,,,,,,99Q1=100,,,4,,4F0,,US dollar/Euro ECB reference exchange rate,"ECB reference exchange rate, US dollar/Euro, 2.15 pm (C.E.T.)",USD,0
EXR.D.USD.EUR.SP00.A,D,USD,EUR,SP00,A,2024-03-19,1.0854,A,F,,,P1D,,A,,,,,,,99Q1=100,,,4,,4F0,,US dollar/Euro ECB reference exchange rate,"ECB reference exchange rate, US dollar/Euro, 2.15 pm (C.E.T.)",USD,0
EXR.D.USD.EUR.SP00.A,D,USD,EUR,SP00,A,2024-03-20,1.0844,A,F,,,P1D,,A,,,,,,,99Q1=100,,,4,,4F0,,US dollar/Euro ECB reference exchange rate,"ECB reference exchange rate, US dollar/Euro, 2.15 pm (C.E.T.)",USD,0
EXR.D.USD.EUR.SP00.A,D,USD,EUR,SP00,A,2024-03-21,1.0907,A,F,,,P1D,,A,,,,,,,99Q1=100,,,4,,4F0,,US dollar/Euro ECB reference exchange rate,"ECB reference exchange rate, US dollar/Euro, 2.15 pm (C.E.T.)",USD,0
EXR.D.USD.EUR.SP00.A,D,USD,EUR,SP00,A,2024-03-22,1.0823,A,F,,,P1D,,A,,,,,,,99Q1=100,,,4,,4F0,,US dollar/Euro ECB reference exchange rate,"ECB reference exchange rate, US dollar/Euro, 2.15 pm (C.E.T.)",USD,0
EXR.D.USD.EUR.SP00.A,D,USD,EUR,SP00,A,2024-03-25,1.0835,A,F,,,P1D,,A,,,,,,,99Q1=100,,,4,,4F0,,US dollar/Euro ECB reference exchange rate,"ECB reference exchange rate, US dollar/Euro, 2.15 pm (C.E.T.)",USD,0
EXR.D.USD.EUR.SP00.A,D,USD,EUR,SP00,A,2024-03-26,1.0855,A,F,,,P1D,,A,,,,,,,99Q1=100,,,4,,4F0,,US dollar/Euro ECB reference exchange rate,"ECB reference exchange rate, US dollar/Euro, 2.15 pm (C.E.T.)",USD,0
EXR.D.USD.EUR.SP00.A,D,USD,EUR,SP00,A,2024-03-27,1.0816,A,F,,,P1D,,A,,,,,,,99Q1=100,,,4,,4F0,,US dollar/Euro ECB reference exchange rate,"ECB reference exchange rate, US dollar/Euro, 2.15 pm (C.E.T.)",USD,0
EXR.D.USD.EUR.SP00.A,D,USD,EUR,SP00,A,2024-03-28,1.0811,A,F,,,P1D,,A,,,,,,,99Q1=100,,,4,,4F0,,US dollar/Euro ECB reference exchange rate,"ECB reference exchange rate, US dollar/Euro, 2.15 pm (C.E.T.)",USD,0
EXR.D.USD.EUR.SP00.A,D,USD,EUR,SP00,A,2024-04-02,1.0749,A,F,,,P1D,,A,,,,,,,99Q1=100,,,4,,4F0,,US dollar/Euro ECB reference exchange rate,"ECB reference exchange rate, US dollar/Euro, 2.15 pm (C.E.T.)",USD,0
EXR.D.USD.EUR.SP00.A,D,USD,EUR,SP00,A,2024-04-03,1.0783,A,F,,,P1D,,A,,,,,,,99Q1=100,,,4,,4F0,,US dollar/Euro ECB reference exchange rate,"ECB reference exchange rate, US dollar/Euro, 2.15 pm (C.E.T.)",USD,0
EXR.D.USD.EUR.SP00.A,D,USD,EUR,SP00,A,2024-04-04,1.0852,A,F,,,P1D,,A,,,,,,,99Q1=100,,,4,,4F0,,US dollar/Euro ECB reference exchange rate,"ECB reference exchange rate, US dollar/Euro, 2.15 pm (C.E.T.)",USD,0
EXR.D.USD.EUR.SP00.A,D,USD,EUR,SP00,A,2024-04-05,1.0841,A,F,,,P1D,,A,,,,,,,99Q1=100,,,4,,4F0,,US dollar/Euro ECB reference exchange rate,"ECB reference exchange rate, US dollar/Euro, 2.15 pm (C.E.T.)",USD,0
EXR.D.USD.EUR.SP00.A,D,USD,EUR,SP00,A,2024-04-08,1.0823,A,F,,,P1D,,A,,,,,,,99Q1=100,,,4,,4F0,,US dollar/Euro ECB reference exchange rate,"ECB reference exchange rate, US dollar/Euro, 2.15 pm (C.E.T.)",USD,0
EXR.D.USD.EUR.SP00.A,D,USD,EUR,SP00,A,2024-04-09,1.0867,A,F,,,P1D,,A,,,,,,,99Q1=100,,,4,,4F0,,US dollar/Euro ECB reference exchange rate,"ECB reference exchange rate, US dollar/Euro, 2.15 pm (C.E.T.)",USD,0
EXR.D.USD.EUR.SP00.A,D,USD,EUR,SP00,A,2024-04-10,1.086,A,F,,,P1D,,A,,,,,,,99Q1=100,,,4,,4F0,,US dollar/Euro ECB reference exchange rate,"ECB reference exchange rate, US dollar/Euro, 2.15 pm (C.E.T.)",USD,0
EXR.D.USD.EUR.SP00.A,D,USD,EUR,SP00,A,2024-04-11,1.0729,A,F,,,P1D,,A,,,,,,,99Q1=100,,,4,,4F0,,US dollar/Euro ECB reference exchange rate,"ECB reference exchange rate, US dollar/Euro, 2.15 pm (C.E.T.)",USD,0
EXR.D.USD.EUR.SP00.A,D,USD,EUR,SP00,A,2024-04-12,1.0652,A,F,,,P1D,,A,,,,,,,99Q1=100,,,4,,4F0,,US dollar/Euro ECB reference exchange rate,"ECB reference exchange rate, US dollar/Euro, 2.15 pm (C.E.T.)",USD,0
EXR.D.USD.EUR.SP00.A,D,USD,EUR,SP00,A,2024-04-15,1.0656,A,F,,,P1D,,A,,,,,,,99Q1=100,,,4,,4F0,,US dollar/Euro ECB reference exchange rate,"ECB reference exchange rate, US dollar/Euro, 2.15 pm (C.E.T.)",USD,0
EXR.D.USD.EUR.SP00.A,D,USD,EUR,SP00,A,2024-04-16,1.0637,A,F,,,P1D,,A,,,,,,,99Q1=100,,,4,,4F0,,US dollar/Euro ECB reference exchange rate,"ECB reference exchange rate, US dollar/Euro, 2.15 pm (C.E.T.)",USD,0
EXR.D.USD.EUR.SP00.A,D,USD,EUR,SP00,A,2024-04-17,1.0638,A,F,,,P1D,,A,,,,,,,99Q1=100,,,4,,4F0,,US dollar/Euro ECB reference exchange rate,"ECB reference exchange rate, US dollar/Euro, 2.15 pm (C.E.T.)",USD,0
EXR.D.USD.EUR.SP00.A,D,USD,EUR,SP00,A,2024-04-18,1.0679,A,F,,,P1D,,A,,,,,,,99Q1=100,,,4,,4F0,,US dollar/Euro ECB reference exchange rate,"ECB reference exchange rate, US dollar/Euro, 2.15 pm (C.E.T.)",USD,0
EXR.D.USD.EUR.SP00.A,D,USD,EUR,SP00,A,2024-04-19,1.0653,A,F,,,P1D,,A,,,,,,,99Q1=100,,,4,,4F0,,US dollar/Euro ECB reference exchange rate,"ECB reference exchange rate, US dollar/Euro, 2.15 pm (C.E.T.)",USD,0
EXR.D.USD.EUR.SP00.A,D,USD,EUR,SP00,A,2024-04-22,1.0632,A,F,,,P1D,,A,,,,,,,99Q1=100,,,4,,4F0,,US dollar/Euro ECB reference exchange rate,"ECB reference exchange rate, US dollar/Euro, 2.15 pm (C.E.T.)",USD,0
EXR.D.USD.EUR.SP00.A,D,USD,EUR,SP00,A,2024-04-23,1.0674,A,F,,,P1D,,A,,,,,,,99Q1=100,,,4,,4F0,,US dollar/Euro ECB reference exchange rate,"ECB reference exchange rate, US dollar/Euro, 2.15 pm (C.E.T.)",USD,0
EXR.D.USD.EUR.SP00.A,D,USD,EUR,SP00,A,2024-04-24,1.0686,A,F,,,P1D,,A,,,,,,,99Q1=100,,,4,,4F0,,US dollar/Euro ECB reference exchange rate,"ECB reference exchange rate, US dollar/Euro, 2.15 pm (C.E.T.)",USD,0
EXR.D.USD.EUR.SP00.A,D,USD,EUR,SP00,A,2024-04-25,1.072,A,F,,,P1D,,A,,,,,,,99Q1=100,,,4,,4F0,,US dollar/Euro ECB reference exchange rate,"ECB reference exchange rate, US dollar/Euro, 2.15 pm (C.E.T.)",USD,0
EXR.D.USD.EUR.SP00.A,D,USD,EUR,SP00,A,2024-04-26,1.0714,A,F,,,P1D,,A,,,,,,,99Q1=100,,,4,,4F0,,US dollar/Euro ECB reference exchange rate,"ECB reference exchange rate, US dollar/Euro, 2.15 pm (C.E.T.)",USD,0
EXR.D.USD.EUR.SP00.A,D,USD,EUR,SP00,A,2024-04-29,1.072,A,F,,,P1D,,A,,,,,,,99Q1=100,,,4,,4F0,,US dollar/Euro ECB reference exchange rate,"ECB reference exchange rate, US dollar/Euro, 2.15 pm (C.E.T.)",USD,0
EXR.D.USD.EUR.SP00.A,D,USD,EUR,SP00,A,2024-04-30,1.0718,A,F,,,P1D,,A,,,,,,,99Q1=100,,,4,,4F0,,US dollar/Euro ECB reference exchange rate,"ECB reference exchange rate, US dollar/Euro, 2.15 pm (C.E.T.)",USD,0
EXR.D.USD.EUR.SP00.A,D,USD,EUR,SP00,A,2024-05-02,1.0698,A,F,,,P1D,,A,,,,,,,99Q1=100,,,4,,4F0,,US dollar/Euro ECB reference exchange rate,"ECB reference exchange rate, US dollar/Euro, 2.15 pm (C.E.T.)",USD,0
EXR.D.USD.EUR.SP00.A,D,USD,EUR,SP00,A,2024-05-03,1.0744,A,F,,,P1D,,A,,,,,,,99Q1=100,,,4,,4F0,,US dollar/Euro ECB reference exchange rate,"ECB reference exchange rate, US dollar/Euro, 2.15 pm (C.E.T.)",USD,0
EXR.D.USD.EUR.SP00.A,D,USD,EUR,SP00,A,2024-05-06,1.0776,A,F,,,P1D,,A,,,,,,,99Q1=100,,,4,,4F0,,US dollar/Euro ECB reference exchange rate,"ECB reference exchange rate, US dollar/Euro, 2.15 pm (C.E.T.)",USD,0
EXR.D.USD.EUR.SP00.A,D,USD,EUR,SP00,A,2024-05-07,1.0766,A,F,,,P1D,,A,,,,,,,99Q1=100,,,4,,4F0,,US dollar/Euro ECB reference exchange rate,"ECB reference exchange rate, US dollar/Euro, 2.15 pm (C.E.T.)",USD,0
EXR.D.USD.EUR.SP00.A,D,USD,EUR,SP00,A,2024-05-08,1.0743,A,F,,,P1D,,A,,,,,,,99Q1=100,,,4,,4F0,,US dollar/Euro ECB reference exchange rate,"ECB reference exchange rate, US dollar/Euro, 2.15 pm (C.E.T.)",USD,0
EXR.D.USD.EUR.SP00.A,D,USD,EUR,SP00,A,2024-05-09,1.0732,A,F,,,P1D,,A,,,,,,,99Q1=100,,,4,,4F0,,US dollar/Euro ECB reference exchange rate,"ECB reference exchange rate, US dollar/Euro, 2.15 pm (C.E.T.)",USD,0
EXR.D.USD.EUR.SP00.A,D,USD,EUR,SP00,A,2024-05-10,1.0779,A,F,,,P1D,,A,,,,,,,99Q1=100,,,4,,4F0,,US dollar/Euro ECB reference exchange rate,"ECB reference exchange rate, US dollar/Euro, 2.15 pm (C.E.T.)",USD,0
EXR.D.USD.EUR.SP00.A,D,USD,EUR,SP00,A,2024-05-13,1.0795,A,F,,,P1D,,A,,,,,,,99Q1=100,,,4,,4F0,,US dollar/Euro ECB reference exchange rate,"ECB reference exchange rate, US dollar/Euro, 2.15 pm (C.E.T.)",USD,0
EXR.D.USD.EUR.SP00.A,D,USD,EUR,SP00,A,2024-05-14,1.0796,A,F,,,P1D,,A,,,,,,,99Q1=100,,,4,,4F0,,US dollar/Euro ECB reference exchange rate,"ECB reference exchange rate, US dollar/Euro, 2.15 pm (C.E.T.)",USD,0
EXR.D.USD.EUR.SP00.A,D,USD,EUR,SP00,A,2024-05-15,1.0832,A,F,,,P1D,,A,,,,,,,99Q1=100,,,4,,4F0,,US dollar/Euro ECB reference exchange rate,"ECB reference exchange rate, US dollar/Euro, 2.15 pm (C.E.T.)",USD,0
EXR.D.USD.EUR.SP00.A,D,USD,EUR,SP00,A,2024-05-16,1.0866,A,F,,,P1D,,A,,,,,,,99Q1=100,,,4,,4F0,,US dollar/Euro ECB reference exchange rate,"ECB reference exchange rate, US dollar/Euro, 2.15 pm (C.E.T.)",USD,0
EXR.D.USD.EUR.SP00.A,D,USD,EUR,SP00,A,2024-05-17,1.0844,A,F,,,P1D,,A,,,,,,,99Q1=100,,,4,,4F0,,US dollar/Euro ECB reference exchange rate,"ECB reference exchange rate, US dollar/Euro, 2.15 pm (C.E.T.)",USD,0
EXR.D.USD.EUR.SP00.A,D,USD,EUR,SP00,A,2024-05-20,1.0861,A,F,,,P1D,,A,,,,,,,99Q1=100,,,4,,4F0,,US dollar/Euro ECB reference exchange rate,"ECB reference exchange rate, US dollar/Euro, 2.15 pm (C.E.T.)",USD,0
EXR.D.USD.EUR.SP00.A,D,USD,EUR,SP00,A,2024-05-21,1.0864,A,F,,,P1D,,A,,,,,,,99Q1=100,,,4,,4F0,,US dollar/Euro ECB reference exchange rate,"ECB reference exchange rate, US dollar/Euro, 2.15 pm (C.E.T.)",USD,0
EXR.D.USD.EUR.SP00.A,D,USD,EUR,SP00,A,2024-05-22,1.083,A,F,,,P1D,,A,,,,,,,99Q1=100,,,4,,4F0,,US dollar/Euro ECB reference exchange rate,"ECB reference exchange rate, US dollar/Euro, 2.15 pm (C.E.T.)",USD,0
EXR.D.USD.EUR.SP00.A,D,USD,EUR,SP00,A,2024-05-23,1.0854,A,F,,,P1D,,A,,,,,,,99Q1=100,,,4,,4F0,,US dollar/Euro ECB reference exchange rate,"ECB reference exchange rate, US dollar/Euro, 2.15 pm (C.E.T.)",USD,0
EXR.D.USD.EUR.SP00.A,D,USD,EUR,SP00,A,2024-05-24,1.084,A,F,,,P1D,,A,,,,,,,99Q1=100,,,4,,4F0,,US dollar/Euro ECB reference exchange rate,"ECB reference exchange rate, US dollar/Euro, 2.15 pm (C.E.T.)",USD,0
EXR.D.USD.EUR.SP00.A,D,USD,EUR,SP00,A,2024-05-27,1.0843,A,F,,,P1D,,A,,,,,,,99Q1=100,,,4,,4F0,,US dollar/Euro ECB reference exchange rate,"ECB reference exchange rate, US dollar/Euro, 2.15 pm (C.E.T.)",USD,0
EXR.D.USD.EUR.SP00.A,D,USD,EUR,SP00,A,2024-05-28,1.0882,A,F,,,P1D,,A,,,,,,,99Q1=100,,,4,,4F0,,US dollar/Euro ECB reference exchange rate,"ECB reference exchange rate, US dollar/Euro, 2.15 pm (C.E.T.)",USD,0
EXR.D.USD.EUR.SP00.A,D,USD,EUR,SP00,A,2024-05-29,1.0857,A,F,,,P1D,,A,,,,,,,99Q1=100,,,4,,4F0,,US dollar/Euro ECB reference exchange rate,"ECB reference exchange rate, US dollar/Euro, 2.15 pm (C.E.T.)",USD,0
EXR.D.USD.EUR.SP00.A,D,USD,EUR,SP00,A,2024-05-30,1.0815,A,F,,,P1D,,A,,,,,,,99Q1=100,,,4,,4F0,,US dollar/Euro ECB reference exchange rate,"ECB reference exchange rate, US dollar/Euro, 2.15 pm (C.E.T.)",USD,0
EXR.D.USD.EUR.SP00.A,D,USD,EUR,SP00,A,2024-05-31,1.0852,A,F,,,P1D,,A,,,,,,,99Q1=100,,,4,,4F0,,US dollar/Euro ECB reference exchange rate,"ECB reference exchange rate, US dollar/Euro, 2.15 pm (C.E.T.)",USD,0
EXR.D.USD.EUR.SP00.A,D,USD,EUR,SP00,A,2024-06-03,1.0842,A,F,,,P1D,,A,,,,,,,99Q1=100,,,4,,4F0,,US dollar/Euro ECB reference exchange rate,"ECB reference exchange rate, US dollar/Euro, 2.15 pm (C.E.T.)",USD,0
EXR.D.USD.EUR.SP00.A,D,USD,EUR,SP00,A,2024-06-04,1.0865,A,F,,,P1D,,A,,,,,,,99Q1=100,,,4,,4F0,,US dollar/Euro ECB reference exchange rate,"ECB reference exchange rate, US dollar/Euro, 2.15 pm (C.E.T.)",USD,0
EXR.D.USD.EUR.SP00.A,D,USD,EUR,SP00,A,2024-06-05,1.0872,A,F,,,P1D,,A,,,,,,,99Q1=100,,,4,,4F0,,US dollar/Euro ECB reference exchange rate,"ECB reference exchange rate, US dollar/Euro, 2.15 pm (C.E.T.)",USD,0
EXR.D.USD.EUR.SP00.A,D,USD,EUR,SP00,A,2024-06-06,1.0865,A,F,,,P1D,,A,,,,,,,99Q1=100,,,4,,4F0,,US dollar/Euro ECB reference exchange rate,"ECB reference exchange rate, US dollar/Euro, 2.15 pm (C.E.T.)",USD,0
EXR.D.USD.EUR.SP00.A,D,USD,EUR,SP00,A,2024-06-07,1.0898,A,F,,,P1D,,A,,,,,,,99Q1=100,,,4,,4F0,,US dollar/Euro ECB reference exchange rate,"ECB reference exchange rate, US dollar/Euro, 2.15 pm (C.E.T.)",USD,0
EXR.D.USD.EUR.SP00.A,D,USD,EUR,SP00,A,2024-06-10,1.0756,A,F,,,P1D,,A,,,,,,,99Q1=100,,,4,,4F0,,US dollar/Euro ECB reference exchange rate,"ECB reference exchange rate, US dollar/Euro, 2.15 pm (C.E.T.)",USD,0
EXR.D.USD.EUR.SP00.A,D,USD,EUR,SP00,A,2024-06-11,1.073,A,F,,,P1D,,A,,,,,,,99Q1=100,,,4,,4F0,,US dollar/Euro ECB reference exchange rate,"ECB reference exchange rate, US dollar/Euro, 2.15 pm (C.E.T.)",USD,0
EXR.D.USD.EUR.SP00.A,D,USD,EUR,SP00,A,2024-06-12,1.0765,A,F,,,P1D,,A,,,,,,,99Q1=100,,,4,,4F0,,US dollar/Euro ECB reference exchange rate,"ECB reference exchange rate, US dollar/Euro, 2.15 pm (C.E.T.)",USD,0
EXR.D.USD.EUR.SP00.A,D,USD,EUR,SP00,A,2024-06-13,1.0784,A,F,,,P1D,,A,,,,,,,99Q1=100,,,4,,4F0,,US dollar/Euro ECB reference exchange rate,"ECB reference exchange rate, US dollar/Euro, 2.15 pm (C.E.T.)",USD,0
EXR.D.USD.EUR.SP00.A,D,USD,EUR,SP00,A,2024-06-14,1.0686,A,F,,,P1D,,A,,,,,,,99Q1=100,,,4,,4F0,,US dollar/Euro ECB reference exchange rate,"ECB reference exchange rate, US dollar/Euro, 2.15 pm (C.E.T.)",USD,0
EXR.D.USD.EUR.SP00.A,D,USD,EUR,SP00,A,2024-06-17,1.0712,A,F,,,P1D,,A,,,,,,,99Q1=100,,,4,,4F0,,US dollar/Euro ECB reference exchange rate,"ECB reference exchange rate, US dollar/Euro, 2.15 pm (C.E.T.)",USD,0
EXR.D.USD.EUR.SP00.A,D,USD,EUR,SP00,A,2024-06-18,1.0715,A,F,,,P1D,,A,,,,,,,99Q1=100,,,4,,4F0,,US dollar/Euro ECB reference exchange rate,"ECB reference exchange rate, US dollar/Euro, 2.15 pm (C.E.T.)",USD,0
EXR.D.USD.EUR.SP00.A,D,USD,EUR,SP00,A,2024-06-19,1.0749,A,F,,,P1D,,A,,,,,,,99Q1=100,,,4,,4F0,,US dollar/Euro ECB reference exchange rate,"ECB reference exchange rate, US dollar/Euro, 2.15 pm (C.E.T.)",USD,0
EXR.D.USD.EUR.SP00.A,D,USD,EUR,SP00,A,2024-06-20,1.0719,A,F,,,P1D,,A,,,,,,,99Q1=100,,,4,,4F0,,US dollar/Euro ECB reference exchange rate,"ECB reference exchange rate, US dollar/Euro, 2.15 pm (C.E.T.)",USD,0
EXR.D.USD.EUR.SP00.A,D,USD,EUR,SP00,A,2024-06-21,1.0688,A,F,,,P1D,,A,,,,,,,99Q1=100,,,4,,4F0,,US dollar/Euro ECB reference exchange rate,"ECB reference exchange rate, US dollar/Euro, 2.15 pm (C.E.T.)",USD,0
EXR.D.USD.EUR.SP00.A,D,USD,EUR,SP00,A,2024-06-24,1.073,A,F,,,P1D,,A,,,,,,,99Q1=100,,,4,,4F0,,US dollar/Euro ECB reference exchange rate,"ECB reference exchange rate, US dollar/Euro, 2.15 pm (C.E.T.)",USD,0
EXR.D.USD.EUR.SP00.A,D,USD,EUR,SP00,A,2024-06-25,1.0714,A,F,,,P1D,,A,,,,,,,99Q1=100,,,4,,4F0,,US dollar/Euro ECB reference exchange rate,"ECB reference exchange rate, US dollar/Euro, 2.15 pm (C.E.T.)",USD,0
EXR.D.USD.EUR.SP00.A,D,USD,EUR,SP00,A,2024-06-26,1.0689,A,F,,,P1D,,A,,,,,,,99Q1=100,,,4,,4F0,,US dollar/Euro ECB reference exchange rate,"ECB reference exchange rate, US dollar/Euro, 2.15 pm (C.E.T.)",USD,0
EXR.D.USD.EUR.SP00.A,D,USD,EUR,SP00,A,2024-06-27,1.0696,A,F,,,P1D,,A,,,,,,,99Q1=100,,,4,,4F0,,US dollar/Euro ECB reference exchange rate,"ECB reference exchange rate, US dollar/Euro, 2.15 pm (C.E.T.)",USD,0
EXR.D.USD.EUR.SP00.A,D,USD,EUR,SP00,A,2024-06-28,1.0705,A,F,,,P1D,,A,,,,,,,99Q1=100,,,4,,4F0,,US dollar/Euro ECB reference exchange rate,"ECB reference exchange rate, US dollar/Euro, 2.15 pm (C.E.T.)",USD,0
EXR.D.USD.EUR.SP00.A,D,USD,EUR,SP00,A,2024-07-01,1.0745,A,F,,,P1D,,A,,,,,,,99Q1=100,,,4,,4F0,,US dollar/Euro ECB reference exchange rate,"ECB reference exchange rate, US dollar/Euro, 2.15 pm (C.E.T.)",USD,0
EXR.D.USD.EUR.SP00.A,D,USD,EUR,SP00,A,2024-07-02,1.0729,A,F,,,P1D,,A,,,,,,,99Q1=100,,,4,,4F0,,US dollar/Euro ECB reference exchange rate,"ECB reference exchange rate, US dollar/Euro, 2.15 pm (C.E.T.)",USD,0
EXR.D.USD.EUR.SP00.A,D,USD,EUR,SP00,A,2024-07-03,1.0758,A,F,,,P1D,,A,,,,,,,99Q1=100,,,4,,4F0,,US dollar/Euro ECB reference exchange rate,"ECB reference exchange rate, US dollar/Euro, 2.15 pm (C.E.T.)",USD,0
EXR.D.USD.EUR.SP00.A,D,USD,EUR,SP00,A,2024-07-04,1.08,A,F,,,P1D,,A,,,,,,,99Q1=100,,,4,,4F0,,US dollar/Euro ECB reference exchange rate,"ECB reference exchange rate, US dollar/Euro, 2.15 pm (C.E.T.)",USD,0
EXR.D.USD.EUR.SP00.A,D,USD,EUR,SP00,A,2024-07-05,1.0824,A,F,,,P1D,,A,,,,,,,99Q1=100,,,4,,4F0,,US dollar/Euro ECB reference exchange rate,"ECB reference exchange rate, US dollar/Euro, 2.15 pm (C.E.T.)",USD,0
EXR.D.USD.EUR.SP00.A,D,USD,EUR,SP00,A,2024-07-08,1.0835,A,F,,,P1D,,A,,,,,,,99Q1=100,,,4,,4F0,,US dollar/Euro ECB reference exchange rate,"ECB reference exchange rate, US dollar/Euro, 2.15 pm (C.E.T.)",USD,0
EXR.D.USD.EUR.SP00.A,D,USD,EUR,SP00,A,2024-07-09,1.0814,A,F,,,P1D,,A,,,,,,,99Q1=100,,,4,,4F0,,US dollar/Euro ECB reference exchange rate,"ECB reference exchange rate, US dollar/Euro, 2.15 pm (C.E.T.)",USD,0
EXR.D.USD.EUR.SP00.A,D,USD,EUR,SP00,A,2024-07-10,1.0825,A,F,,,P1D,,A,,,,,,,99Q1=100,,,4,,4F0,,US dollar/Euro ECB reference exchange rate,"ECB reference exchange rate, US dollar/Euro, 2.15 pm (C.E.T.)",USD,0
EXR.D.USD.EUR.SP00.A,D,USD,EUR,SP00,A,2024-07-11,1.0855,A,F,,,P1D,,A,,,,,,,99Q1=100,,,4,,4F0,,US dollar/Euro ECB reference exchange rate,"ECB reference exchange rate, US dollar/Euro, 2.15 pm (C.E.T.)",USD,0
EXR.D.USD.EUR.SP00.A,D,USD,EUR,SP00,A,2024-07-12,1.089,A,F,,,P1D,,A,,,,,,,99Q1=100,,,4,,4F0,,US dollar/Euro ECB reference exchange rate,"ECB reference exchange rate, US dollar/Euro, 2.15 pm (C.E.T.)",USD,0
EXR.D.USD.EUR.SP00.A,D,USD,EUR,SP00,A,2024-07-15,1.0907,A,F,,,P1D,,A,,,,,,,99Q1=100,,,4,,4F0,,US dollar/Euro ECB reference exchange rate,"ECB reference exchange rate, US dollar/Euro, 2.15 pm (C.E.T.)",USD,0
EXR.D.USD.EUR.SP00.A,D,USD,EUR,SP00,A,2024-07-16,1.0902,A,F,,,P1D,,A,,,,,,,99Q1=100,,,4,,4F0,,US dollar/Euro ECB reference exchange rate,"ECB reference exchange rate, US dollar/Euro, 2.15 pm (C.E.T.)",USD,0
EXR.D.USD.EUR.SP00.A,D,USD,EUR,SP00,A,2024-07-17,1.0934,A,F,,,P1D,,A,,,,,,,99Q1=100,,,4,,4F0,,US dollar/Euro ECB reference exchange rate,"ECB reference exchange rate, US dollar/Euro, 2.15 pm (C.E.T.)",USD,0
EXR.D.USD.EUR.SP00.A,D,USD,EUR,SP00,A,2024-07-18,1.093,A,F,,,P1D,,A,,,,,,,99Q1=100,,,4,,4F0,,US dollar/Euro ECB reference exchange rate,"ECB reference exchange rate, US dollar/Euro, 2.15 pm (C.E.T.)",USD,0
EXR.D.USD.EUR.SP00.A,D,USD,EUR,SP00,A,2024-07-19,1.089,A,F,,,P1D,,A,,,,,,,99Q1=100,,,4,,4F0,,US dollar/Euro ECB reference exchange rate,"ECB reference exchange rate, US dollar/Euro, 2.15 pm (C.E.T.)",USD,0
EXR.D.USD.EUR.SP00.A,D,USD,EUR,SP00,A,2024-07-22,1.0888,A,F,,,P1D,,A,,,,,,,99Q1=100,,,4,,4F0,,US dollar/Euro ECB reference exchange rate,"ECB reference exchange rate, US dollar/Euro, 2.15 pm (C.E.T.)",USD,0
EXR.D.USD.EUR.SP00.A,D,USD,EUR,SP00,A,2024-07-23,1.086,A,F,,,P1D,,A,,,,,,,99Q1=100,,,4,,4F0,,US dollar/Euro ECB reference exchange rate,"ECB reference exchange rate, US dollar/Euro, 2.15 pm (C.E.T.)",USD,0
EXR.D.USD.EUR.SP00.A,D,USD,EUR,SP00,A,2024-07-24,1.0848,A,F,,,P1D,,A,,,,,,,99Q1=100,,,4,,4F0,,US dollar/Euro ECB reference exchange rate,"ECB reference exchange rate, US dollar/Euro, 2.15 pm (C.E.T.)",USD,0
EXR.D.USD.EUR.SP00.A,D,USD,EUR,SP00,A,2024-07-25,1.0851,A,F,,,P1D,,A,,,,,,,99Q1=100,,,4,,4F0,,US dollar/Euro ECB reference exchange rate,"ECB reference exchange rate, US dollar/Euro, 2.15 pm (C.E.T.)",USD,0
EXR.D.USD.EUR.SP00.A,D,USD,EUR,SP00,A,2024-07-26,1.086,A,F,,,P1D,,A,,,,,,,99Q1=100,,,4,,4F0,,US dollar/Euro ECB reference exchange rate,"ECB reference exchange rate, US dollar/Euro, 2.15 pm (C.E.T.)",USD,0
EXR.D.USD.EUR.SP00.A,D,USD,EUR,SP00,A,2024-07-29,1.0817,A,F,,,P1D,,A,,,,,,,99Q1=100,,,4,,4F0,,US dollar/Euro ECB reference exchange rate,"ECB reference exchange rate, US dollar/Euro, 2.15 pm (C.E.T.)",USD,0
EXR.D.USD.EUR.SP00.A,D,USD,EUR,SP00,A,2024-07-30,1.0824,A,F,,,P1D,,A,,,,,,,99Q1=100,,,4,,4F0,,US dollar/Euro ECB reference exchange rate,"ECB reference exchange rate, US dollar/Euro, 2.15 pm (C.E.T.)",USD,0
EXR.D.USD.EUR.SP00.A,D,USD,EUR,SP00,A,2024-07-31,1.0828,A,F,,,P1D,,A,,,,,,,99Q1=100,,,4,,4F0,,US dollar/Euro ECB reference exchange rate,"ECB reference exchange rate, US dollar/Euro, 2.15 pm (C.E.T.)",USD,0
EXR.D.USD.EUR.SP00.A,D,USD,EUR,SP00,A,2024-08-01,1.0789,A,F,,,P1D,,A,,,,,,,99Q1=100,,,4,,4F0,,US dollar/Euro ECB reference exchange rate,"ECB reference exchange rate, US dollar/Euro, 2.15 pm (C.E.T.)",USD,0
EXR.D.USD.EUR.SP00.A,D,USD,EUR,SP00,A,2024-08-02,1.0835,A,F,,,P1D,,A,,,,,,,99Q1=100,,,4,,4F0,,US dollar/Euro ECB reference exchange rate,"ECB reference exchange rate, US dollar/Euro, 2.15 pm (C.E.T.)",USD,0
EXR.D.USD.EUR.SP00.A,D,USD,EUR,SP00,A,2024-08-05,1.0966,A,F,,,P1D,,A,,,,,,,99Q1=100,,,4,,4F0,,US dollar/Euro ECB reference exchange rate,"ECB reference exchange rate, US dollar/Euro, 2.15 pm (C.E.T.)",USD,0
EXR.D.USD.EUR.SP00.A,D,USD,EUR,SP00,A,2024-08-06,1.0915,A,F,,,P1D,,A,,,,,,,99Q1=100,,,4,,4F0,,US dollar/Euro ECB reference exchange rate,"ECB reference exchange rate, US dollar/Euro, 2.15 pm (C.E.T.)",USD,0
EXR.D.USD.EUR.SP00.A,D,USD,EUR,SP00,A,2024-08-07,1.0922,A,F,,,P1D,,A,,,,,,,99Q1=100,,,4,,4F0,,US dollar/Euro ECB reference exchange rate,"ECB reference exchange rate, US dollar/Euro, 2.15 pm (C.E.T.)",USD,0
EXR.D.USD.EUR.SP00.A,D,USD,EUR,SP00,A,2024-08-08,1.093,A,F,,,P1D,,A,,,,,,,99Q1=100,,,4,,4F0,,US dollar/Euro ECB reference exchange rate,"ECB reference exchange rate, US dollar/Euro, 2.15 pm (C.E.T.)",USD,0
EXR.D.USD.EUR.SP00.A,D,USD,EUR,SP00,A,2024-08-09,1.0917,A,F,,,P1D,,A,,,,,,,99Q1=100,,,4,,4F0,,US dollar/Euro ECB reference exchange rate,"ECB reference exchange rate, US dollar/Euro, 2.15 pm (C.E.T.)",USD,0
EXR.D.USD.EUR.SP00.A,D,USD,EUR,SP00,A,2024-08-12,1.0925,A,F,,,P1D,,A,,,,,,,99Q1=100,,,4,,4F0,,US dollar/Euro ECB reference exchange rate,"ECB reference exchange rate, US dollar/Euro, 2.15 pm (C.E.T.)",USD,0
EXR.D.USD.EUR.SP00.A,D,USD,EUR,SP00,A,2024-08-13,1.0931,A,F,,,P1D,,A,,,,,,,99Q1=100,,,4,,4F0,,US dollar/Euro ECB reference exchange rate,"ECB reference exchange rate, US dollar/Euro, 2.15 pm (C.E.T.)",USD,0
EXR.D.USD.EUR.SP00.A,D,USD,EUR,SP00,A,2024-08-14,1.1019,A,F,,,P1D,,A,,,,,,,99Q1=100,,,4,,4F0,,US dollar/Euro ECB reference exchange rate,"ECB reference exchange rate, US dollar/Euro, 2.15 pm (C.E.T.)",USD,0
EXR.D.USD.EUR.SP00.A,D,USD,EUR,SP00,A,2024-08-15,1.1011,A,F,,,P1D,,A,,,,,,,99Q1=100,,,4,,4F0,,US dollar/Euro ECB reference exchange rate,"ECB reference exchange rate, US dollar/Euro, 2.15 pm (C.E.T.)",USD,0
EXR.D.USD.EUR.SP00.A,D,USD,EUR,SP00,A,2024-08-16,1.0994,A,F,,,P1D,,A,,,,,,,99Q1=100,,,4,,4F0,,US dollar/Euro ECB reference exchange rate,"ECB reference exchange rate, US dollar/Euro, 2.15 pm (C.E.T.)",USD,0
EXR.D.USD.EUR.SP00.A,D,USD,EUR,SP00,A,2024-08-19,1.1041,A,F,,,P1D,,A,,,,,,,99Q1=100,,,4,,4F0,,US dollar/Euro ECB reference exchange rate,"ECB reference exchange rate, US dollar/Euro, 2.15 pm (C.E.T.)",USD,0
EXR.D.USD.EUR.SP00.A,D,USD,EUR,SP00,A,2024-08-20,1.1084,A,F,,,P1D,,A,,,,,,,99Q1=100,,,4,,4F0,,US dollar/Euro ECB reference exchange rate,"ECB reference exchange rate, US dollar/Euro, 2.15 pm (C.E.T.)",USD,0
EXR.D.USD.EUR.SP00.A,D,USD,EUR,SP00,A,2024-08-21,1.1116,A,F,,,P1D,,A,,,,,,,99Q1=100,,,4,,4F0,,US dollar/Euro ECB reference exchange rate,"ECB reference exchange rate, US dollar/Euro, 2.15 pm (C.E.T.)",USD,0
EXR.D.USD.EUR.SP00.A,D,USD,EUR,SP00,A,2024-08-22,1.1135,A,F,,,P1D,,A,,,,,,,99Q1=100,,,4,,4F0,,US dollar/Euro ECB reference exchange rate,"ECB reference exchange rate, US dollar/Euro, 2.15 pm (C.E.T.)",USD,0
EXR.D.USD.EUR.SP00.A,D,USD,EUR,SP00,A,2024-08-23,1.1121,A,F,,,P1D,,A,,,,,,,99Q1=100,,,4,,4F0,,US dollar/Euro ECB reference exchange rate,"ECB reference exchange rate, US dollar/Euro, 2.15 pm (C.E.T.)",USD,0
EXR.D.USD.EUR.SP00.A,D,USD,EUR,SP00,A,2024-08-26,1.1163,A,F,,,P1D,,A,,,,,,,99Q1=100,,,4,,4F0,,US dollar/Euro ECB reference exchange rate,"ECB reference exchange rate, US dollar/Euro, 2.15 pm (C.E.T.)",USD,0
EXR.D.USD.EUR.SP00.A,D,USD,EUR,SP00,A,2024-08-27,1.1162,A,F,,,P1D,,A,,,,,,,99Q1=100,,,4,,4F0,,US dollar/Euro ECB reference exchange rate,"ECB reference exchange rate, US dollar/Euro, 2.15 pm (C.E.T.)",USD,0
EXR.D.USD.EUR.SP00.A,D,USD,EUR,SP00,A,2024-08-28,1.1117,A,F,,,P1D,,A,,,,,,,99Q1=100,,,4,,4F0,,US dollar/Euro ECB reference exchange rate,"ECB reference exchange rate, US dollar/Euro, 2.15 pm (C.E.T.)",USD,0
EXR.D.USD.EUR.SP00.A,D,USD,EUR,SP00,A,2024-08-29,1.1088,A,F,,,P1D,,A,,,,,,,99Q1=100,,,4,,4F0,,US dollar/Euro ECB reference exchange rate,"ECB reference exchange rate, US dollar/Euro, 2.15 pm (C.E.T.)",USD,0
EXR.D.USD.EUR.SP00.A,D,USD,EUR,SP00,A,2024-08-30,1.1087,A,F,,,P1D,,A,,,,,,,99Q1=100,,,4,,4F0,,US dollar/Euro ECB reference exchange rate,"ECB reference exchange rate, US dollar/Euro, 2.15 pm (C.E.T.)",USD,0
EXR.D.USD.EUR.SP00.A,D,USD,EUR,SP00,A,2024-09-02,1.1061,A,F,,,P1D,,A,,,,,,,99Q1=100,,,4,,4F0,,US dollar/Euro ECB reference exchange rate,"ECB reference exchange rate, US dollar/Euro, 2.15 pm (C.E.T.)",USD,0
EXR.D.USD.EUR.SP00.A,D,USD,EUR,SP00,A,2024-09-03,1.1035,A,F,,,P1D,,A,,,,,,,99Q1=100,,,4,,4F0,,US dollar/Euro ECB reference exchange rate,"ECB reference exchange rate, US dollar/Euro, 2.15 pm (C.E.T.)",USD,0
EXR.D.USD.EUR.SP00.A,D,USD,EUR,SP00,A,2024-09-04,1.105,A,F,,,P1D,,A,,,,,,,99Q1=100,,,4,,4F0,,US dollar/Euro ECB reference exchange rate,"ECB reference exchange rate, US dollar/Euro, 2.15 pm (C.E.T.)",USD,0
EXR.D.USD.EUR.SP00.A,D,USD,EUR,SP00,A,2024-09-05,1.1097,A,F,,,P1D,,A,,,,,,,99Q1=100,,,4,,4F0,,US dollar/Euro ECB reference exchange rate,"ECB reference exchange rate, US dollar/Euro, 2.15 pm (C.E.T.)",USD,0
EXR.D.USD.EUR.SP00.A,D,USD,EUR,SP00,A,2024-09-06,1.1103,A,F,,,P1D,,A,,,,,,,99Q1=100,,,4,,4F0,,US dollar/Euro ECB reference exchange rate,"ECB reference exchange rate, US dollar/Euro, 2.15 pm (C.E.T.)",USD,0
EXR.D.USD.EUR.SP00.A,D,USD,EUR,SP00,A,2024-09-09,1.1043,A,F,,,P1D,,A,,,,,,,99Q1=100,,,4,,4F0,,US dollar/Euro ECB reference exchange rate,"ECB reference exchange rate, US dollar/Euro, 2.15 pm (C.E.T.)",USD,0
EXR.D.USD.EUR.SP00.A,D,USD,EUR,SP00,A,2024-09-10,1.1031,A,F,,,P1D,,A,,,,,,,99Q1=100,,,4,,4F0,,US dollar/Euro ECB reference exchange rate,"ECB reference exchange rate, US dollar/Euro, 2.15 pm (C.E.T.)",USD,0
EXR.D.USD.EUR.SP00.A,D,USD,EUR,SP00,A,2024-09-11,1.1043,A,F,,,P1D,,A,,,,,,,99Q1=100,,,4,,4F0,,US dollar/Euro ECB reference exchange rate,"ECB reference exchange rate, US dollar/Euro, 2.15 pm (C.E.T.)",USD,0
EXR.D.USD.EUR.SP00.A,D,USD,EUR,SP00,A,2024-09-12,1.1016,A,F,,,P1D,,A,,,,,,,99Q1=100,,,4,,4F0,,US dollar/Euro ECB reference exchange rate,"ECB reference exchange rate, US dollar/Euro, 2.15 pm (C.E.T.)",USD,0
EXR.D.USD.EUR.SP00.A,D,USD,EUR,SP00,A,2024-09-13,1.1081,A,F,,,P1D,,A,,,,,,,99Q1=100,,,4,,4F0,,US dollar/Euro ECB reference exchange rate,"ECB reference exchange rate, US dollar/Euro, 2.15 pm (C.E.T.)",USD,0
EXR.D.USD.EUR.SP00.A,D,USD,EUR,SP00,A,2024-09-16,1.1126,A,F,,,P1D,,A,,,,,,,99Q1=100,,,4,,4F0,,US dollar/Euro ECB reference exchange rate,"ECB reference exchange rate, US dollar/Euro, 2.15 pm (C.E.T.)",USD,0
EXR.D.USD.EUR.SP00.A,D,USD,EUR,SP00,A,2024-09-17,1.1139,A,F,,,P1D,,A,,,,,,,99Q1=100,,,4,,4F0,,US dollar/Euro ECB reference exchange rate,"ECB reference exchange rate, US dollar/Euro, 2.15 pm (C.E.T.)",USD,0
EXR.D.USD.EUR.SP00.A,D,USD,EUR,SP00,A,2024-09-18,1.1124,A,F,,,P1D,,A,,,,,,,99Q1=100,,,4,,4F0,,US dollar/Euro ECB reference exchange rate,"ECB reference exchange rate, US dollar/Euro, 2.15 pm (C.E.T.)",USD,0
EXR.D.USD.EUR.SP00.A,D,USD,EUR,SP00,A,2024-09-19,1.1156,A,F,,,P1D,,A,,,,,,,99Q1=100,,,4,,4F0,,US dollar/Euro ECB reference exchange rate,"ECB reference exchange rate, US dollar/Euro, 2.15 pm (C.E.T.)",USD,0
EXR.D.USD.EUR.SP00.A,D,USD,EUR,SP00,A,2024-09-20,1.1166,A,F,,,P1D,,A,,,,,,,99Q1=100,,,4,,4F0,,US dollar/Euro ECB reference exchange rate,"ECB reference exchange rate, US dollar/Euro, 2.15 pm (C.E.T.)",USD,0
EXR.D.USD.EUR.SP00.A,D,USD,EUR,SP00,A,2024-09-23,1.1119,A,F,,,P1D,,A,,,,,,,99Q1=100,,,4,,4F0,,US dollar/Euro ECB reference exchange rate,"ECB reference exchange rate, US dollar/Euro, 2.15 pm (C.E.T.)",USD,0
EXR.D.USD.EUR.SP00.A,D,USD,EUR,SP00,A,2024-09-24,1.1133,A,F,,,P1D,,A,,,,,,,99Q1=100,,,4,,4F0,,US dollar/Euro ECB reference exchange rate,"ECB reference exchange rate, US dollar/Euro, 2.15 pm (C.E.T.)",USD,0
EXR.D.USD.EUR.SP00.A,D,USD,EUR,SP00,A,2024-09-25,1.1194,A,F,,,P1D,,A,,,,,,,99Q1=100,,,4,,4F0,,US dollar/Euro ECB reference exchange rate,"ECB reference exchange rate, US dollar/Euro, 2.15 pm (C.E.T.)",USD,0
EXR.D.USD.EUR.SP00.A,D,USD,EUR,SP00,A,2024-09-26,1.1155,A,F,,,P1D,,A,,,,,,,99Q1=100,,,4,,4F0,,US dollar/Euro ECB reference exchange rate,"ECB reference exchange rate, US dollar/Euro, 2.15 pm (C.E.T.)",USD,0
EXR.D.USD.EUR.SP00.A,D,USD,EUR,SP00,A,2024-09-27,1.1158,A,F,,,P1D,,A,,,,,,,99Q1=100,,,4,,4F0,,US dollar/Euro ECB reference exchange rate,"ECB reference exchange rate, US dollar/Euro, 2.15 pm (C.E.T.)",USD,0
EXR.D.USD.EUR.SP00.A,D,USD,EUR,SP00,A,2024-09-30,1.1196,A,F,,,P1D,,A,,,,,,,99Q1=100,,,4,,4F0,,US dollar/Euro ECB reference exchange rate,"ECB reference exchange rate, US dollar/Euro, 2.15 pm (C.E.T.)",USD,0
EXR.D.USD.EUR.SP00.A,D,USD,EUR,SP00,A,2024-10-01,1.1086,A,F,,,P1D,,A,,,,,,,99Q1=100,,,4,,4F0,,US dollar/Euro ECB reference exchange rate,"ECB reference exchange rate, US dollar/Euro, 2.15 pm (C.E.T.)",USD,0
EXR.D.USD.EUR.SP00.A,D,USD,EUR,SP00,A,2024-10-02,1.1071,A,F,,,P1D,,A,,,,,,,99Q1=100,,,4,,4F0,,US dollar/Euro ECB reference exchange rate,"ECB reference exchange rate, US dollar/Euro, 2.15 pm (C.E.T.)",USD,0
EXR.D.USD.EUR.SP00.A,D,USD,EUR,SP00,A,2024-10-03,1.1039,A,F,,,P1D,,A,,,,,,,99Q1=100,,,4,,4F0,,US dollar/Euro ECB reference exchange rate,"ECB reference exchange rate, US dollar/Euro, 2.15 pm (C.E.T.)",USD,0
EXR.D.USD.EUR.SP00.A,D,USD,EUR,SP00,A,2024-10-04,1.1029,A,F,,,P1D,,A,,,,,,,99Q1=100,,,4,,4F0,,US dollar/Euro ECB reference exchange rate,"ECB reference exchange rate, US dollar/Euro, 2.15 pm (C.E.T.)",USD,0
EXR.D.USD.EUR.SP00.A,D,USD,EUR,SP00,A,2024-10-07,1.0982,A,F,,,P1D,,A,,,,,,,99Q1=100,,,4,,4F0,,US dollar/Euro ECB reference exchange rate,"ECB reference exchange rate, US dollar/Euro, 2.15 pm (C.E.T.)",USD,0
EXR.D.USD.EUR.SP00.A,D,USD,EUR,SP00,A,2024-10-08,1.0982,A,F,,,P1D,,A,,,,,,,99Q1=100,,,4,,4F0,,US dollar/Euro ECB reference exchange rate,"ECB reference exchange rate, US dollar/Euro, 2.15 pm (C.E.T.)",USD,0
EXR.D.USD.EUR.SP00.A,D,USD,EUR,SP00,A,2024-10-09,1.0957,A,F,,,P1D,,A,,,,,,,99Q1=100,,,4,,4F0,,US dollar/Euro ECB reference exchange rate,"ECB reference exchange rate, US dollar/Euro, 2.15 pm (C.E.T.)",USD,0
EXR.D.USD.EUR.SP00.A,D,USD,EUR,SP00,A,2024-10-10,1.0932,A,F,,,P1D,,A,,,,,,,99Q1=100,,,4,,4F0,,US dollar/Euro ECB reference exchange rate,"ECB reference exchange rate, US dollar/Euro, 2.15 pm (C.E.T.)",USD,0
EXR.D.USD.EUR.SP00.A,D,USD,EUR,SP00,A,2024-10-11,1.0938,A,F,,,P1D,,A,,,,,,,99Q1=100,,,4,,4F0,,US dollar/Euro ECB reference exchange rate,"ECB reference exchange rate, US dollar/Euro, 2.15 pm (C.E.T.)",USD,0
EXR.D.USD.EUR.SP00.A,D,USD,EUR,SP00,A,2024-10-14,1.0915,A,F,,,P1D,,A,,,,,,,99Q1=100,,,4,,4F0,,US dollar/Euro ECB reference exchange rate,"ECB reference exchange rate, US dollar/Euro, 2.15 pm (C.E.T.)",USD,0
EXR.D.USD.EUR.SP00.A,D,USD,EUR,SP00,A,2024-10-15,1.0903,A,F,,,P1D,,A,,,,,,,99Q1=100,,,4,,4F0,,US dollar/Euro ECB reference exchange rate,"ECB reference exchange rate, US dollar/Euro, 2.15 pm (C.E.T.)",USD,0
EXR.D.USD.EUR.SP00.A,D,USD,EUR,SP00,A,2024-10-16,1.0897,A,F,,,P1D,,A,,,,,,,99Q1=100,,,4,,4F0,,US dollar/Euro ECB reference exchange rate,"ECB reference exchange rate, US dollar/Euro, 2.15 pm (C.E.T.)",USD,0
EXR.D.USD.EUR.SP00.A,D,USD,EUR,SP00,A,2024-10-17,1.0866,A,F,,,P1D,,A,,,,,,,99Q1=100,,,4,,4F0,,US dollar/Euro ECB reference exchange rate,"ECB reference exchange rate, US dollar/Euro, 2.15 pm (C.E.T.)",USD,0
EXR.D.USD.EUR.SP00.A,D,USD,EUR,SP00,A,2024-10-18,1.0847,A,F,,,P1D,,A,,,,,,,99Q1=100,,,4,,4F0,,US dollar/Euro ECB reference exchange rate,"ECB reference exchange rate, US dollar/Euro, 2.15 pm (C.E.T.)",USD,0
EXR.D.USD.EUR.SP00.A,D,USD,EUR,SP00,A,2024-10-21,1.0853,A,F,,,P1D,,A,,,,,,,99Q1=100,,,4,,4F0,,US dollar/Euro ECB reference exchange rate,"ECB reference exchange rate, US dollar/Euro, 2.15 pm (C.E.T.)",USD,0
EXR.D.USD.EUR.SP00.A,D,USD,EUR,SP00,A,2024-10-22,1.0821,A,F,,,P1D,,A,,,,,,,99Q1=100,,,4,,4F0,,US dollar/Euro ECB reference exchange rate,"ECB reference exchange rate, US dollar/Euro, 2.15 pm (C.E.T.)",USD,0
EXR.D.USD.EUR.SP00.A,D,USD,EUR,SP00,A,2024-10-23,1.0767,A,F,,,P1D,,A,,,,,,,99Q1=100,,,4,,4F0,,US dollar/Euro ECB reference exchange rate,"ECB reference exchange rate, US dollar/Euro, 2.15 pm (C.E.T.)",USD,0
EXR.D.USD.EUR.SP00.A,D,USD,EUR,SP00,A,2024-10-24,1.0801,A,F,,,P1D,,A,,,,,,,99Q1=100,,,4,,4F0,,US dollar/Euro ECB reference exchange rate,"ECB reference exchange rate, US dollar/Euro, 2.15 pm (C.E.T.)",USD,0
EXR.D.USD.EUR.SP00.A,D,USD,EUR,SP00,A,2024-10-25,1.0825,A,F,,,P1D,,A,,,,,,,99Q1=100,,,4,,4F0,,US dollar/Euro ECB reference exchange rate,"ECB reference exchange rate, US dollar/Euro, 2.15 pm (C.E.T.)",USD,0
EXR.D.USD.EUR.SP00.A,D,USD,EUR,SP00,A,2024-10-28,1.0818,A,F,,,P1D,,A,,,,,,,99Q1=100,,,4,,4F0,,US dollar/Euro ECB reference exchange rate,"ECB reference exchange rate, US dollar/Euro, 2.15 pm (C.E.T.)",USD,0
EXR.D.USD.EUR.SP00.A,D,USD,EUR,SP00,A,2024-10-29,1.0774,A,F,,,P1D,,A,,,,,,,99Q1=100,,,4,,4F0,,US dollar/Euro ECB reference exchange rate,"ECB reference exchange rate, US dollar/Euro, 2.15 pm (C.E.T.)",USD,0
EXR.D.USD.EUR.SP00.A,D,USD,EUR,SP00,A,2024-10-30,1.0815,A,F,,,P1D,,A,,,,,,,99Q1=100,,,4,,4F0,,US dollar/Euro ECB reference exchange rate,"ECB reference exchange rate, US dollar/Euro, 2.15 pm (C.E.T.)",USD,0
EXR.D.USD.EUR.SP00.A,D,USD,EUR,SP00,A,2024-10-31,1.0882,A,F,,,P1D,,A,,,,,,,99Q1=100,,,4,,4F0,,US dollar/Euro ECB reference exchange rate,"ECB reference exchange rate, US dollar/Euro, 2.15 pm (C.E.T.)",USD,0
EXR.D.USD.EUR.SP00.A,D,USD,EUR,SP00,A,2024-11-01,1.0885,A,F,,,P1D,,A,,,,,,,99Q1=100,,,4,,4F0,,US dollar/Euro ECB reference exchange rate,"ECB reference exchange rate, US dollar/Euro, 2.15 pm (C.E.T.)",USD,0
EXR.D.USD.EUR.SP00.A,D,USD,EUR,SP00,A,2024-11-04,1.0904,A,F,,,P1D,,A,,,,,,,99Q1=100,,,4,,4F0,,US dollar/Euro ECB reference exchange rate,"ECB reference exchange rate, US dollar/Euro, 2.15 pm (C.E.T.)",USD,0
EXR.D.USD.EUR.SP00.A,D,USD,EUR,SP00,A,2024-11-05,1.0897,A,F,,,P1D,,A,,,,,,,99Q1=100,,,4,,4F0,,US dollar/Euro ECB reference exchange rate,"ECB reference exchange rate, US dollar/Euro, 2.15 pm (C.E.T.)",USD,0
EXR.D.USD.EUR.SP00.A,D,USD,EUR,SP00,A,2024-11-06,1.0695,A,F,,,P1D,,A,,,,,,,99Q1=100,,,4,,4F0,,US dollar/Euro ECB reference exchange rate,"ECB reference exchange rate, US dollar/Euro, 2.15 pm (C.E.T.)",USD,0
EXR.D.USD.EUR.SP00.A,D,USD,EUR,SP00,A,2024-11-07,1.0785,A,F,,,P1D,,A,,,,,,,99Q1=100,,,4,,4F0,,US dollar/Euro ECB reference exchange rate,"ECB reference exchange rate, US dollar/Euro, 2.15 pm (C.E.T.)",USD,0
EXR.D.USD.EUR.SP00.A,D,USD,EUR,SP00,A,2024-11-08,1.0772,A,F,,,P1D,,A,,,,,,,99Q1=100,,,4,,4F0,,US dollar/Euro ECB reference exchange rate,"ECB reference exchange rate, US dollar/Euro, 2.15 pm (C.E.T.)",USD,0
EXR.D.USD.EUR.SP00.A,D,USD,EUR,SP00,A,2024-11-11,1.0651,A,F,,,P1D,,A,,,,,,,99Q1=100,,,4,,4F0,,US dollar/Euro ECB reference exchange rate,"ECB reference exchange rate, US dollar/Euro, 2.15 pm (C.E.T.)",USD,0
EXR.D.USD.EUR.SP00.A,D,USD,EUR,SP00,A,2024-11-12,1.0617,A,F,,,P1D,,A,,,,,,,99Q1=100,,,4,,4F0,,US dollar/Euro ECB reference exchange rate,"ECB reference exchange rate, US dollar/Euro, 2.15 pm (C.E.T.)",USD,0
EXR.D.USD.EUR.SP00.A,D,USD,EUR,SP00,A,2024-11-13,1.0629,A,F,,,P1D,,A,,,,,,,99Q1=100,,,4,,4F0,,US dollar/Euro ECB reference exchange rate,"ECB reference exchange rate, US dollar/Euro, 2.15 pm (C.E.T.)",USD,0
EXR.D.USD.EUR.SP00.A,D,USD,EUR,SP00,A,2024-11-14,1.0533,A,F,,,P1D,,A,,,,,,,99Q1=100,,,4,,4F0,,US dollar/Euro ECB reference exchange rate,"ECB reference exchange rate, US dollar/Euro, 2.15 pm (C.E.T.)",USD,0
EXR.D.USD.EUR.SP00.A,D,USD,EUR,SP00,A,2024-11-15,1.0583,A,F,,,P1D,,A,,,,,,,99Q1=100,,,4,,4F0,,US dollar/Euro ECB reference exchange rate,"ECB reference exchange rate, US dollar/Euro, 2.15 pm (C.E.T.)",USD,0
EXR.D.USD.EUR.SP00.A,D,USD,EUR,SP00,A,2024-11-18,1.0552,A,F,,,P1D,,A,,,,,,,99Q1=100,,,4,,4F0,,US dollar/Euro ECB reference exchange rate,"ECB reference exchange rate, US dollar/Euro, 2.15 pm (C.E.T.)",USD,0
EXR.D.USD.EUR.SP00.A,D,USD,EUR,SP00,A,2024-11-19,1.0578,A,F,,,P1D,,A,,,,,,,99Q1=100,,,4,,4F0,,US dollar/Euro ECB reference exchange rate,"ECB reference exchange rate, US dollar/Euro, 2.15 pm (C.E.T.)",USD,0
EXR.D.USD.EUR.SP00.A,D,USD,EUR,SP00,A,2024-11-20,1.0562,A,F,,,P1D,,A,,,,,,,99Q1=100,,,4,,4F0,,US dollar/Euro ECB reference exchange rate,"ECB reference exchange rate, US dollar/Euro, 2.15 pm (C.E.T.)",USD,0
EXR.D.USD.EUR.SP00.A,D,USD,EUR,SP00,A,2024-11-21,1.0526,A,F,,,P1D,,A,,,,,,,99Q1=100,,,4,,4F0,,US dollar/Euro ECB reference exchange rate,"ECB reference exchange rate, US dollar/Euro, 2.15 pm (C.E.T.)",USD,0
EXR.D.USD.EUR.SP00.A,D,USD,EUR,SP00,A,2024-11-22,1.0412,A,F,,,P1D,,A,,,,,,,99Q1=100,,,4,,4F0,,US dollar/Euro ECB reference exchange rate,"ECB reference exchange rate, US dollar/Euro, 2.15 pm (C.E.T.)",USD,0
EXR.D.USD.EUR.SP00.A,D,USD,EUR,SP00,A,2024-11-25,1.0495,A,F,,,P1D,,A,,,,,,,99Q1=100,,,4,,4F0,,US dollar/Euro ECB reference exchange rate,"ECB reference exchange rate, US dollar/Euro, 2.15 pm (C.E.T.)",USD,0
EXR.D.USD.EUR.SP00.A,D,USD,EUR,SP00,A,2024-11-26,1.0522,A,F,,,P1D,,A,,,,,,,99Q1=100,,,4,,4F0,,US dollar/Euro ECB reference exchange rate,"ECB reference exchange rate, US dollar/Euro, 2.15 pm (C.E.T.)",USD,0
EXR.D.USD.EUR.SP00.A,D,USD,EUR,SP00,A,2024-11-27,1.0531,A,F,,,P1D,,A,,,,,,,99Q1=100,,,4,,4F0,,US dollar/Euro ECB reference exchange rate,"ECB reference exchange rate, US dollar/Euro, 2.15 pm (C.E.T.)",USD,0
EXR.D.USD.EUR.SP00.A,D,USD,EUR,SP00,A,2024-11-28,1.0542,A,F,,,P1D,,A,,,,,,,99Q1=100,,,4,,4F0,,US dollar/Euro ECB reference exchange rate,"ECB reference exchange rate, US dollar/Euro, 2.15 pm (C.E.T.)",USD,0
EXR.D.USD.EUR.SP00.A,D,USD,EUR,SP00,A,2024-11-29,1.0562,A,F,,,P1D,,A,,,,,,,99Q1=100,,,4,,4F0,,US dollar/Euro ECB reference exchange rate,"ECB reference exchange rate, US dollar/Euro, 2.15 pm (C.E.T.)",USD,0
EXR.D.USD.EUR.SP00.A,D,USD,EUR,SP00,A,2024-12-02,1.0507,A,F,,,P1D,,A,,,,,,,99Q1=100,,,4,,4F0,,US dollar/Euro ECB reference exchange rate,"ECB reference exchange rate, US dollar/Euro, 2.15 pm (C.E.T.)",USD,0
EXR.D.USD.EUR.SP00.A,D,USD,EUR,SP00,A,2024-12-03,1.0512,A,F,,,P1D,,A,,,,,,,99Q1=100,,,4,,4F0,,US dollar/Euro ECB reference exchange rate,"ECB reference exchange rate, US dollar/Euro, 2.15 pm (C.E.T.)",USD,0
EXR.D.USD.EUR.SP00.A,D,USD,EUR,SP00,A,2024-12-04,1.0492,A,F,,,P1D,,A,,,,,,,99Q1=100,,,4,,4F0,,US dollar/Euro ECB reference exchange rate,"ECB reference exchange rate, US dollar/Euro, 2.15 pm (C.E.T.)",USD,0
EXR.D.USD.EUR.SP00.A,D,USD,EUR,SP00,A,2024-12-05,1.054,A,F,,,P1D,,A,,,,,,,99Q1=100,,,4,,4F0,,US dollar/Euro ECB reference exchange rate,"ECB reference exchange rate, US dollar/Euro, 2.15 pm (C.E.T.)",USD,0
EXR.D.USD.EUR.SP00.A,D,USD,EUR,SP00,A,2024-12-06,1.0581,A,F,,,P1D,,A,,,,,,,99Q1=100,,,4,,4F0,,US dollar/Euro ECB reference exchange rate,"ECB reference exchange rate, US dollar/Euro, 2.15 pm (C.E.T.)",USD,0
EXR.D.USD.EUR.SP00.A,D,USD,EUR,SP00,A,2024-12-09,1.0568,A,F,,,P1D,,A,,,,,,,99Q1=100,,,4,,4F0,,US dollar/Euro ECB reference exchange rate,"ECB reference exchange rate, US dollar/Euro, 2.15 pm (C.E.T.)",USD,0
EXR.D.USD.EUR.SP00.A,D,USD,EUR,SP00,A,2024-12-10,1.0527,A,F,,,P1D,,A,,,,,,,99Q1=100,,,4,,4F0,,US dollar/Euro ECB reference exchange rate,"ECB reference exchange rate, US dollar/Euro, 2.15 pm (C.E.T.)",USD,0
EXR.D.USD.EUR.SP00.A,D,USD,EUR,SP00,A,2024-12-11,1.0507,A,F,,,P1D,,A,,,,,,,99Q1=100,,,4,,4F0,,US dollar/Euro ECB reference exchange rate,"ECB reference exchange rate, US dollar/Euro, 2.15 pm (C.E.T.)",USD,0
EXR.D.USD.EUR.SP00.A,D,USD,EUR,SP00,A,2024-12-12,1.0491,A,F,,,P1D,,A,,,,,,,99Q1=100,,,4,,4F0,,US dollar/Euro ECB reference exchange rate,"ECB reference exchange rate, US dollar/Euro, 2.15 pm (C.E.T.)",USD,0
EXR.D.USD.EUR.SP00.A,D,USD,EUR,SP00,A,2024-12-13,1.0518,A,F,,,P1D,,A,,,,,,,99Q1=100,,,4,,4F0,,US dollar/Euro ECB reference exchange rate,"ECB reference exchange rate, US dollar/Euro, 2.15 pm (C.E.T.)",USD,0
EXR.D.USD.EUR.SP00.A,D,USD,EUR,SP00,A,2024-12-16,1.0498,A,F,,,P1D,,A,,,,,,,99Q1=100,,,4,,4F0,,US dollar/Euro ECB reference exchange rate,"ECB reference exchange rate, US dollar/Euro, 2.15 pm (C.E.T.)",USD,0
EXR.D.USD.EUR.SP00.A,D,USD,EUR,SP00,A,2024-12-17,1.0497,A,F,,,P1D,,A,,,,,,,99Q1=100,,,4,,4F0,,US dollar/Euro ECB reference exchange rate,"ECB reference exchange rate, US dollar/Euro, 2.15 pm (C.E.T.)",USD,0
EXR.D.USD.EUR.SP00.A,D,USD,EUR,SP00,A,2024-12-18,1.0496,A,F,,,P1D,,A,,,,,,,99Q1=100,,,4,,4F0,,US dollar/Euro ECB reference exchange rate,"ECB reference exchange rate, US dollar/Euro, 2.15 pm (C.E.T.)",USD,0
EXR.D.USD.EUR.SP00.A,D,USD,EUR,SP00,A,2024-12-19,1.0395,A,F,,,P1D,,A,,,,,,,99Q1=100,,,4,,4F0,,US dollar/Euro ECB reference exchange rate,"ECB reference exchange rate, US dollar/Euro, 2.15 pm (C.E.T.)",USD,0
EXR.D.USD.EUR.SP00.A,D,USD,EUR,SP00,A,2024-12-20,1.039,A,F,,,P1D,,A,,,,,,,99Q1=100,,,4,,4F0,,US dollar/Euro ECB reference exchange rate,"ECB reference exchange rate, US dollar/Euro, 2.15 pm (C.E.T.)",USD,0
EXR.D.USD.EUR.SP00.A,D,USD,EUR,SP00,A,2024-12-23,1.0393,A,F,,,P1D,,A,,,,,,,99Q1=100,,,4,,4F0,,US dollar/Euro ECB reference exchange rate,"ECB reference exchange rate, US dollar/Euro, 2.15 pm (C.E.T.)",USD,0
EXR.D.USD.EUR.SP00.A,D,USD,EUR,SP00,A,2024-12-24,1.0395,A,F,,,P1D,,A,,,,,,,99Q1=100,,,4,,4F0,,US dollar/Euro ECB reference exchange rate,"ECB reference exchange rate, US dollar/Euro, 2.15 pm (C.E.T.)",USD,0
EXR.D.USD.EUR.SP00.A,D,USD,EUR,SP00,A,2024-12-27,1.0435,A,F,,,P1D,,A,,,,,,,99Q1=100,,,4,,4F0,,US dollar/Euro ECB reference exchange rate,"ECB reference exchange rate, US dollar/Euro, 2.15 pm (C.E.T.)",USD,0
EXR.D.USD.EUR.SP00.A,D,USD,EUR,SP00,A,2024-12-30,1.0444,A,F,,,P1D,,A,,,,,,,99Q1=100,,,4,,4F0,,US dollar/Euro ECB reference exchange rate,"ECB reference exchange rate, US dollar/Euro, 2.15 pm (C.E.T.)",USD,0
EXR.D.USD.EUR.SP00.A,D,USD,EUR,SP00,A,2024-12-31,1.0389,A,F,,,P1D,,A,,,,,,,99Q1=100,,,4,,4F0,,US dollar/Euro ECB reference exchange rate,"ECB reference exchange rate, US dollar/Euro, 2.15 pm (C.E.T.)",USD,0
EXR.D.USD.EUR.SP00.A,D,USD,EUR,SP00,A,2025-01-02,1.0321,A,F,,,P1D,,A,,,,,,,99Q1=100,,,4,,4F0,,US dollar/Euro ECB reference exchange rate,"ECB reference exchange rate, US dollar/Euro, 2.15 pm (C.E.T.)",USD,0
EXR.D.USD.EUR.SP00.A,D,USD,EUR,SP00,A,2025-01-03,1.0299,A,F,,,P1D,,A,,,,,,,99Q1=100,,,4,,4F0,,US dollar/Euro ECB reference exchange rate,"ECB reference exchange rate, US dollar/Euro, 2.15 pm (C.E.T.)",USD,0
EXR.D.USD.EUR.SP00.A,D,USD,EUR,SP00,A,2025-01-06,1.0426,A,F,,,P1D,,A,,,,,,,99Q1=100,,,4,,4F0,,US dollar/Euro ECB reference exchange rate,"ECB reference exchange rate, US dollar/Euro, 2.15 pm (C.E.T.)",USD,0
EXR.D.USD.EUR.SP00.A,D,USD,EUR,SP00,A,2025-01-07,1.0393,A,F,,,P1D,,A,,,,,,,99Q1=100,,,4,,4F0,,US dollar/Euro ECB reference exchange rate,"ECB reference exchange rate, US dollar/Euro, 2.15 pm (C.E.T.)",USD,0
EXR.D.USD.EUR.SP00.A,D,USD,EUR,SP00,A,2025-01-08,1.0286,A,F,,,P1D,,A,,,,,,,99Q1=100,,,4,,4F0,,US dollar/Euro ECB reference exchange rate,"ECB reference exchange rate, US dollar/Euro, 2.15 pm (C.E.T.)",USD,0
EXR.D.USD.EUR.SP00.A,D,USD,EUR,SP00,A,2025-01-09,1.0305,A,F,,,P1D,,A,,,,,,,99Q1=100,,,4,,4F0,,US dollar/Euro ECB reference exchange rate,"ECB reference exchange rate, US dollar/Euro, 2.15 pm (C.E.T.)",USD,0
EXR.D.USD.EUR.SP00.A,D,USD,EUR,SP00,A,2025-01-10,1.0304,A,F,,,P1D,,A,,,,,,,99Q1=100,,,4,,4F0,,US dollar/Euro ECB reference exchange rate,"ECB reference exchange rate, US dollar/Euro, 2.15 pm (C.E.T.)",USD,0
EXR.D.USD.EUR.SP00.A,D,USD,EUR,SP00,A,2025-01-13,1.0198,A,F,,,P1D,,A,,,,,,,99Q1=100,,,4,,4F0,,US dollar/Euro ECB reference exchange rate,"ECB reference exchange rate, US dollar/Euro, 2.15 pm (C.E.T.)",USD,0
EXR.D.USD.EUR.SP00.A,D,USD,EUR,SP00,A,2025-01-14,1.0245,A,F,,,P1D,,A,,,,,,,99Q1=100,,,4,,4F0,,US dollar/Euro ECB reference exchange rate,"ECB reference exchange rate, US dollar/Euro, 2.15 pm (C.E.T.)",USD,0
EXR.D.USD.EUR.SP00.A,D,USD,EUR,SP00,A,2025-01-15,1.03,A,F,,,P1D,,A,,,,,,,99Q1=100,,,4,,4F0,,US dollar/Euro ECB reference exchange rate,"ECB reference exchange rate, US dollar/Euro, 2.15 pm (C.E.T.)",USD,0
EXR.D.USD.EUR.SP00.A,D,USD,EUR,SP00,A,2025-01-16,1.0272,A,F,,,P1D,,A,,,,,,,99Q1=100,,,4,,4F0,,US dollar/Euro ECB reference exchange rate,"ECB reference exchange rate, US dollar/Euro, 2.15 pm (C.E.T.)",USD,0
EXR.D.USD.EUR.SP00.A,D,USD,EUR,SP00,A,2025-01-17,1.0298,A,F,,,P1D,,A,,,,,,,99Q1=100,,,4,,4F0,,US dollar/Euro ECB reference exchange rate,"ECB reference exchange rate, US dollar/Euro, 2.15 pm (C.E.T.)",USD,0
EXR.D.USD.EUR.SP00.A,D,USD,EUR,SP00,A,2025-01-20,1.0316,A,F,,,P1D,,A,,,,,,,99Q1=100,,,4,,4F0,,US dollar/Euro ECB reference exchange rate,"ECB reference exchange rate, US dollar/Euro, 2.15 pm (C.E.T.)",USD,0
EXR.D.USD.EUR.SP00.A,D,USD,EUR,SP00,A,2025-01-21,1.0357,A,F,,,P1D,,A,,,,,,,99Q1=100,,,4,,4F0,,US dollar/Euro ECB reference exchange rate,"ECB reference exchange rate, US dollar/Euro, 2.15 pm (C.E.T.)",USD,0
EXR.D.USD.EUR.SP00.A,D,USD,EUR,SP00,A,2025-01-22,1.0443,A,F,,,P1D,,A,,,,,,,99Q1=100,,,4,,4F0,,US dollar/Euro ECB reference exchange rate,"ECB reference exchange rate, US dollar/Euro, 2.15 pm (C.E.T.)",USD,0
EXR.D.USD.EUR.SP00.A,D,USD,EUR,SP00,A,2025-01-23,1.0404,A,F,,,P1D,,A,,,,,,,99Q1=100,,,4,,4F0,,US dollar/Euro ECB reference exchange rate,"ECB reference exchange rate, US dollar/Euro, 2.15 pm (C.E.T.)",USD,0
EXR.D.USD.EUR.SP00.A,D,USD,EUR,SP00,A,2025-01-24,1.0472,A,F,,,P1D,,A,,,,,,,99Q1=100,,,4,,4F0,,US dollar/Euro ECB reference exchange rate,"ECB reference exchange rate, US dollar/Euro, 2.15 pm (C.E.T.)",USD,0
EXR.D.USD.EUR.SP00.A,D,USD,EUR,SP00,A,2025-01-27,1.053,A,F,,,P1D,,A,,,,,,,99Q1=100,,,4,,4F0,,US dollar/Euro ECB reference exchange rate,"ECB reference exchange rate, US dollar/Euro, 2.15 pm (C.E.T.)",USD,0
EXR.D.USD.EUR.SP00.A,D,USD,EUR,SP00,A,2025-01-28,1.0421,A,F,,,P1D,,A,,,,,,,99Q1=100,,,4,,4F0,,US dollar/Euro ECB reference exchange rate,"ECB reference exchange rate, US dollar/Euro, 2.15 pm (C.E.T.)",USD,0
EXR.D.USD.EUR.SP00.A,D,USD,EUR,SP00,A,2025-01-29,1.0396,A,F,,,P1D,,A,,,,,,,99Q1=100,,,4,,4F0,,US dollar/Euro ECB reference exchange rate,"ECB reference exchange rate, US dollar/Euro, 2.15 pm (C.E.T.)",USD,0
EXR.D.USD.EUR.SP00.A,D,USD,EUR,SP00,A,2025-01-30,1.0403,A,F,,,P1D,,A,,,,,,,99Q1=100,,,4,,4F0,,US dollar/Euro ECB reference exchange rate,"ECB reference exchange rate, US dollar/Euro, 2.15 pm (C.E.T.)",USD,0
EXR.D.USD.EUR.SP00.A,D,USD,EUR,SP00,A,2025-01-31,1.0393,A,F,,,P1D,,A,,,,,,,99Q1=100,,,4,,4F0,,US dollar/Euro ECB reference exchange rate,"ECB reference exchange rate, US dollar/Euro, 2.15 pm (C.E.T.)",USD,0
EXR.D.USD.EUR.SP00.A,D,USD,EUR,SP00,A,2025-02-03,1.0274,A,F,,,P1D,,A,,,,,,,99Q1=100,,,4,,4F0,,US dollar/Euro ECB reference exchange rate,"ECB reference exchange rate, US dollar/Euro, 2.15 pm (C.E.T.)",USD,0
EXR.D.USD.EUR.SP00.A,D,USD,EUR,SP00,A,2025-02-04,1.0335,A,F,,,P1D,,A,,,,,,,99Q1=100,,,4,,4F0,,US dollar/Euro ECB reference exchange rate,"ECB reference exchange rate, US dollar/Euro, 2.15 pm (C.E.T.)",USD,0
EXR.D.USD.EUR.SP00.A,D,USD,EUR,SP00,A,2025-02-05,1.0422,A,F,,,P1D,,A,,,,,,,99Q1=100,,,4,,4F0,,US dollar/Euro ECB reference exchange rate,"ECB reference exchange rate, US dollar/Euro, 2.15 pm (C.E.T.)",USD,0
EXR.D.USD.EUR.SP00.A,D,USD,EUR,SP00,A,2025-02-06,1.036,A,F,,,P1D,,A,,,,,,,99Q1=100,,,4,,4F0,,US dollar/Euro ECB reference exchange rate,"ECB reference exchange rate, US dollar/Euro, 2.15 pm (C.E.T.)",USD,0
EXR.D.USD.EUR.SP00.A,D,USD,EUR,SP00,A,2025-02-07,1.0377,A,F,,,P1D,,A,,,,,,,99Q1=100,,,4,,4F0,,US dollar/Euro ECB reference exchange rate,"ECB reference exchange rate, US dollar/Euro, 2.15 pm (C.E.T.)",USD,0
EXR.D.USD.EUR.SP00.A,D,USD,EUR,SP00,A,2025-02-10,1.032,A,F,,,P1D,,A,,,,,,,99Q1=100,,,4,,4F0,,US dollar/Euro ECB reference exchange rate,"ECB reference exchange rate, US dollar/Euro, 2.15 pm (C.E.T.)",USD,0
EXR.D.USD.EUR.SP00.A,D,USD,EUR,SP00,A,2025-02-11,1.0324,A,F,,,P1D,,A,,,,,,,99Q1=100,,,4,,4F0,,US dollar/Euro ECB reference exchange rate,"ECB reference exchange rate, US dollar/Euro, 2.15 pm (C.E.T.)",USD,0
EXR.D.USD.EUR.SP00.A,D,USD,EUR,SP00,A,2025-02-12,1.037,A,F,,,P1D,,A,,,,,,,99Q1=100,,,4,,4F0,,US dollar/Euro ECB reference exchange rate,"ECB reference exchange rate, US dollar/Euro, 2.15 pm (C.E.T.)",USD,0
EXR.D.USD.EUR.SP00.A,D,USD,EUR,SP00,A,2025-02-13,1.039,A,F,,,P1D,,A,,,,,,,99Q1=100,,,4,,4F0,,US dollar/Euro ECB reference exchange rate,"ECB reference exchange rate, US dollar/Euro, 2.15 pm (C.E.T.)",USD,0
EXR.D.USD.EUR.SP00.A,D,USD,EUR,SP00,A,2025-02-14,1.0478,A,F,,,P1D,,A,,,,,,,99Q1=100,,,4,,4F0,,US dollar/Euro ECB reference exchange rate,"ECB reference exchange rate, US dollar/Euro, 2.15 pm (C.E.T.)",USD,0
EXR.D.USD.EUR.SP00.A,D,USD,EUR,SP00,A,2025-02-17,1.0473,A,F,,,P1D,,A,,,,,,,99Q1=100,,,4,,4F0,,US dollar/Euro ECB reference exchange rate,"ECB reference exchange rate, US dollar/Euro, 2.15 pm (C.E.T.)",USD,0
EXR.D.USD.EUR.SP00.A,D,USD,EUR,SP00,A,2025-02-18,1.0447,A,F,,,P1D,,A,,,,,,,99Q1=100,,,4,,4F0,,US dollar/Euro ECB reference exchange rate,"ECB reference exchange rate, US dollar/Euro, 2.15 pm (C.E.T.)",USD,0
EXR.D.USD.EUR.SP00.A,D,USD,EUR,SP00,A,2025-02-19,1.0434,A,F,,,P1D,,A,,,,,,,99Q1=100,,,4,,4F0,,US dollar/Euro ECB reference exchange rate,"ECB reference exchange rate, US dollar/Euro, 2.15 pm (C.E.T.)",USD,0
EXR.D.USD.EUR.SP00.A,D,USD,EUR,SP00,A,2025-02-20,1.0443,A,F,,,P1D,,A,,,,,,,99Q1=100,,,4,,4F0,,US dollar/Euro ECB reference exchange rate,"ECB reference exchange rate, US dollar/Euro, 2.15 pm (C.E.T.)",USD,0
EXR.D.USD.EUR.SP00.A,D,USD,EUR,SP00,A,2025-02-21,1.0465,A,F,,,P1D,,A,,,,,,,99Q1=100,,,4,,4F0,,US dollar/Euro ECB reference exchange rate,"ECB reference exchange rate, US dollar/Euro, 2.15 pm (C.E.T.)",USD,0
EXR.D.USD.EUR.SP00.A,D,USD,EUR,SP00,A,2025-02-24,1.0466,A,F,,,P1D,,A,,,,,,,99Q1=100,,,4,,4F0,,US dollar/Euro ECB reference exchange rate,"ECB reference exchange rate, US dollar/Euro, 2.15 pm (C.E.T.)",USD,0
EXR.D.USD.EUR.SP00.A,D,USD,EUR,SP00,A,2025-02-25,1.0497,A,F,,,P1D,,A,,,,,,,99Q1=100,,,4,,4F0,,US dollar/Euro ECB reference exchange rate,"ECB reference exchange rate, US dollar/Euro, 2.15 pm (C.E.T.)",USD,0
EXR.D.USD.EUR.SP00.A,D,USD,EUR,SP00,A,2025-02-26,1.0487,A,F,,,P1D,,A,,,,,,,99Q1=100,,,4,,4F0,,US dollar/Euro ECB reference exchange rate,"ECB reference exchange rate, US dollar/Euro, 2.15 pm (C.E.T.)",USD,0
EXR.D.USD.EUR.SP00.A,D,USD,EUR,SP00,A,2025-02-27,1.0477,A,F,,,P1D,,A,,,,,,,99Q1=100,,,4,,4F0,,US dollar/Euro ECB reference exchange rate,"ECB reference exchange rate, US dollar/Euro, 2.15 pm (C.E.T.)",USD,0
EXR.D.USD.EUR.SP00.A,D,USD,EUR,SP00,A,2025-02-28,1.0411,A,F,,,P1D,,A,,,,,,,99Q1=100,,,4,,4F0,,US dollar/Euro ECB reference exchange rate,"ECB reference exchange rate, US dollar/Euro, 2.15 pm (C.E.T.)",USD,0
EXR.D.USD.EUR.SP00.A,D,USD,EUR,SP00,A,2025-03-03,1.0465,A,F,,,P1D,,A,,,,,,,99Q1=100,,,4,,4F0,,US dollar/Euro ECB reference exchange rate,"ECB reference exchange rate, US dollar/Euro, 2.15 pm (C.E.T.)",USD,0
EXR.D.USD.EUR.SP00.A,D,USD,EUR,SP00,A,2025-03-04,1.0557,A,F,,,P1D,,A,,,,,,,99Q1=100,,,4,,4F0,,US dollar/Euro ECB reference exchange rate,"ECB reference exchange rate, US dollar/Euro, 2.15 pm (C.E.T.)",USD,0
EXR.D.USD.EUR.SP00.A,D,USD,EUR,SP00,A,2025-03-05,1.0694,A,F,,,P1D,,A,,,,,,,99Q1=100,,,4,,4F0,,US dollar/Euro ECB reference exchange rate,"ECB reference exchange rate, US dollar/Euro, 2.15 pm (C.E.T.)",USD,0
EXR.D.USD.EUR.SP00.A,D,USD,EUR,SP00,A,2025-03-06,1.0796,A,F,,,P1D,,A,,,,,,,99Q1=100,,,4,,4F0,,US dollar/Euro ECB reference exchange rate,"ECB reference exchange rate, US dollar/Euro, 2.15 pm (C.E.T.)",USD,0
EXR.D.USD.EUR.SP00.A,D,USD,EUR,SP00,A,2025-03-07,1.0857,A,F,,,P1D,,A,,,,,,,99Q1=100,,,4,,4F0,,US dollar/Euro ECB reference exchange rate,"ECB reference exchange rate, US dollar/Euro, 2.15 pm (C.E.T.)",USD,0
EXR.D.USD.EUR.SP00.A,D,USD,EUR,SP00,A,2025-03-10,1.0845,A,F,,,P1D,,A,,,,,,,99Q1=100,,,4,,4F0,,US dollar/Euro ECB reference exchange rate,"ECB reference exchange rate, US dollar/Euro, 2.15 pm (C.E.T.)",USD,0
EXR.D.USD.EUR.SP00.A,D,USD,EUR,SP00,A,2025-03-11,1.0912,A,F,,,P1D,,A,,,,,,,99Q1=100,,,4,,4F0,,US dollar/Euro ECB reference exchange rate,"ECB reference exchange rate, US dollar/Euro, 2.15 pm (C.E.T.)",USD,0
EXR.D.USD.EUR.SP00.A,D,USD,EUR,SP00,A,2025-03-12,1.0886,A,F,,,P1D,,A,,,,,,,99Q1=100,,,4,,4F0,,US dollar/Euro ECB reference exchange rate,"ECB reference exchange rate, US dollar/Euro, 2.15 pm (C.E.T.)",USD,0
EXR.D.USD.EUR.SP00.A,D,USD,EUR,SP00,A,2025-03-13,1.083,A,F,,,P1D,,A,,,,,,,99Q1=100,,,4,,4F0,,US dollar/Euro ECB reference exchange rate,"ECB reference exchange rate, US dollar/Euro, 2.15 pm (C.E.T.)",USD,0
EXR.D.USD.EUR.SP00.A,D,USD,EUR,SP00,A,2025-03-14,1.0889,A,F,,,P1D,,A,,,,,,,99Q1=100,,,4,,4F0,,US dollar/Euro ECB reference exchange rate,"ECB reference exchange rate, US dollar/Euro, 2.15 pm (C.E.T.)",USD,0
EXR.D.USD.EUR.SP00.A,D,USD,EUR,SP00,A,2025-03-17,1.0903,A,F,,,P1D,,A,,,,,,,99Q1=100,,,4,,4F0,,US dollar/Euro ECB reference exchange rate,"ECB reference exchange rate, US dollar/Euro, 2.15 pm (C.E.T.)",USD,0
EXR.D.USD.EUR.SP00.A,D,USD,EUR,SP00,A,2025-03-18,1.0918,A,F,,,P1D,,A,,,,,,,99Q1=100,,,4,,4F0,,US dollar/Euro ECB reference exchange rate,"ECB reference exchange rate, US dollar/Euro, 2.15 pm (C.E.T.)",USD,0
EXR.D.USD.EUR.SP00.A,D,USD,EUR,SP00,A,2025-03-19,1.0897,A,F,,,P1D,,A,,,,,,,99Q1=100,,,4,,4F0,,US dollar/Euro ECB reference exchange rate,"ECB reference exchange rate, US dollar/Euro, 2.15 pm (C.E.T.)",USD,0
EXR.D.USD.EUR.SP00.A,D,USD,EUR,SP00,A,2025-03-20,1.0833,A,F,,,P1D,,A,,,,,,,99Q1=100,,,4,,4F0,,US dollar/Euro ECB reference exchange rate,"ECB reference exchange rate, US dollar/Euro, 2.15 pm (C.E.T.)",USD,0
EXR.D.USD.EUR.SP00.A,D,USD,EUR,SP00,A,2025-03-21,1.0827,A,F,,,P1D,,A,,,,,,,99Q1=100,,,4,,4F0,,US dollar/Euro ECB reference exchange rate,"ECB reference exchange rate, US dollar/Euro, 2.15 pm (C.E.T.)",USD,0
EXR.D.USD.EUR.SP00.A,D,USD,EUR,SP00,A,2025-03-24,1.0824,A,F,,,P1D,,A,,,,,,,99Q1=100,,,4,,4F0,,US dollar/Euro ECB reference exchange rate,"ECB reference exchange rate, US dollar/Euro, 2.15 pm (C.E.T.)",USD,0
EXR.D.USD.EUR.SP00.A,D,USD,EUR,SP00,A,2025-03-25,1.0825,A,F,,,P1D,,A,,,,,,,99Q1=100,,,4,,4F0,,US dollar/Euro ECB reference exchange rate,"ECB reference exchange rate, US dollar/Euro, 2.15 pm (C.E.T.)",USD,0
EXR.D.USD.EUR.SP00.A,D,USD,EUR,SP00,A,2025-03-26,1.0788,A,F,,,P1D,,A,,,,,,,99Q1=100,,,4,,4F0,,US dollar/Euro ECB reference exchange rate,"ECB reference exchange rate, US dollar/Euro, 2.15 pm (C.E.T.)",USD,0
EXR.D.USD.EUR.SP00.A,D,USD,EUR,SP00,A,2025-03-27,1.0785,A,F,,,P1D,,A,,,,,,,99Q1=100,,,4,,4F0,,US dollar/Euro ECB reference exchange rate,"ECB reference exchange rate, US dollar/Euro, 2.15 pm (C.E.T.)",USD,0
EXR.D.USD.EUR.SP00.A,D,USD,EUR,SP00,A,2025-03-28,1.0797,A,F,,,P1D,,A,,,,,,,99Q1=100,,,4,,4F0,,US dollar/Euro ECB reference exchange rate,"ECB reference exchange rate, US dollar/Euro, 2.15 pm (C.E.T.)",USD,0
EXR.D.USD.EUR.SP00.A,D,USD,EUR,SP00,A,2025-03-31,1.0815,A,F,,,P1D,,A,,,,,,,99Q1=100,,,4,,4F0,,US dollar/Euro ECB reference exchange rate,"ECB reference exchange rate, US dollar/Euro, 2.15 pm (C.E.T.)",USD,0
EXR.D.USD.EUR.SP00.A,D,USD,EUR,SP00,A,2025-04-01,1.0788,A,F,,,P1D,,A,,,,,,,99Q1=100,,,4,,4F0,,US dollar/Euro ECB reference exchange rate,"ECB reference exchange rate, US dollar/Euro, 2.15 pm (C.E.T.)",USD,0
EXR.D.USD.EUR.SP00.A,D,USD,EUR,SP00,A,2025-04-02,1.0803,A,F,,,P1D,,A,,,,,,,99Q1=100,,,4,,4F0,,US dollar/Euro ECB reference exchange rate,"ECB reference exchange rate, US dollar/Euro, 2.15 pm (C.E.T.)",USD,0
EXR.D.USD.EUR.SP00.A,D,USD,EUR,SP00,A,2025-04-03,1.1097,A,F,,,P1D,,A,,,,,,,99Q1=100,,,4,,4F0,,US dollar/Euro ECB reference exchange rate,"ECB reference exchange rate, US dollar/Euro, 2.15 pm (C.E.T.)",USD,0
EXR.D.USD.EUR.SP00.A,D,USD,EUR,SP00,A,2025-04-04,1.1057,A,F,,,P1D,,A,,,,,,,99Q1=100,,,4,,4F0,,US dollar/Euro ECB reference exchange rate,"ECB reference exchange rate, US dollar/Euro, 2.15 pm (C.E.T.)",USD,0
EXR.D.USD.EUR.SP00.A,D,USD,EUR,SP00,A,2025-04-07,1.0967,A,F,,,P1D,,A,,,,,,,99Q1=100,,,4,,4F0,,US dollar/Euro ECB reference exchange rate,"ECB reference exchange rate, US dollar/Euro, 2.15 pm (C.E.T.)",USD,0
EXR.D.USD.EUR.SP00.A,D,USD,EUR,SP00,A,2025-04-08,1.095,A,F,,,P1D,,A,,,,,,,99Q1=100,,,4,,4F0,,US dollar/Euro ECB reference exchange rate,"ECB reference exchange rate, US dollar/Euro, 2.15 pm (C.E.T.)",USD,0
EXR.D.USD.EUR.SP00.A,D,USD,EUR,SP00,A,2025-04-09,1.1045,A,F,,,P1D,,A,,,,,,,99Q1=100,,,4,,4F0,,US dollar/Euro ECB reference exchange rate,"ECB reference exchange rate, US dollar/Euro, 2.15 pm (C.E.T.)",USD,0
EXR.D.USD.EUR.SP00.A,D,USD,EUR,SP00,A,2025-04-10,1.1082,A,F,,,P1D,,A,,,,,,,99Q1=100,,,4,,4F0,,US dollar/Euro ECB reference exchange rate,"ECB reference exchange rate, US dollar/Euro, 2.15 pm (C.E.T.)",USD,0
EXR.D.USD.EUR.SP00.A,D,USD,EUR,SP00,A,2025-04-11,1.1346,A,F,,,P1D,,A,,,,,,,99Q1=100,,,4,,4F0,,US dollar/Euro ECB reference exchange rate,"ECB reference exchange rate, US dollar/Euro, 2.15 pm (C.E.T.)",USD,0
EXR.D.USD.EUR.SP00.A,D,USD,EUR,SP00,A,2025-04-14,1.1377,A,F,,,P1D,,A,,,,,,,99Q1=100,,,4,,4F0,,US dollar/Euro ECB reference exchange rate,"ECB reference exchange rate, US dollar/Euro, 2.15 pm (C.E.T.)",USD,0
EXR.D.USD.EUR.SP00.A,D,USD,EUR,SP00,A,2025-04-15,1.1324,A,F,,,P1D,,A,,,,,,,99Q1=100,,,4,,4F0,,US dollar/Euro ECB reference exchange rate,"ECB reference exchange rate, US dollar/Euro, 2.15 pm (C.E.T.)",USD,0
EXR.D.USD.EUR.SP00.A,D,USD,EUR,SP00,A,2025-04-16,1.1355,A,F,,,P1D,,A,,,,,,,99Q1=100,,,4,,4F0,,US dollar/Euro ECB reference exchange rate,"ECB reference exchange rate, US dollar/Euro, 2.15 pm (C.E.T.)",USD,0
EXR.D.USD.EUR.SP00.A,D,USD,EUR,SP00,A,2025-04-17,1.136,A,F,,,P1D,,A,,,,,,,99Q1=100,,,4,,4F0,,US dollar/Euro ECB reference exchange rate,"ECB reference exchange rate, US dollar/Euro, 2.15 pm (C.E.T.)",USD,0
EXR.D.USD.EUR.SP00.A,D,USD,EUR,SP00,A,2025-04-22,1.1476,A,F,,,P1D,,A,,,,,,,99Q1=100,,,4,,4F0,,US dollar/Euro ECB reference exchange rate,"ECB reference exchange rate, US dollar/Euro, 2.15 pm (C.E.T.)",USD,0
EXR.D.USD.EUR.SP00.A,D,USD,EUR,SP00,A,2025-04-23,1.1415,A,F,,,P1D,,A,,,,,,,99Q1=100,,,4,,4F0,,US dollar/Euro ECB reference exchange rate,"ECB reference exchange rate, US dollar/Euro, 2.15 pm (C.E.T.)",USD,0
EXR.D.USD.EUR.SP00.A,D,USD,EUR,SP00,A,2025-04-24,1.1376,A,F,,,P1D,,A,,,,,,,99Q1=100,,,4,,4F0,,US dollar/Euro ECB reference exchange rate,"ECB reference exchange rate, US dollar/Euro, 2.15 pm (C.E.T.)",USD,0
EXR.D.USD.EUR.SP00.A,D,USD,EUR,SP00,A,2025-04-25,1.1357,A,F,,,P1D,,A,,,,,,,99Q1=100,,,4,,4F0,,US dollar/Euro ECB reference exchange rate,"ECB reference exchange rate, US dollar/Euro, 2.15 pm (C.E.T.)",USD,0
EXR.D.USD.EUR.SP00.A,D,USD,EUR,SP00,A,2025-04-28,1.1358,A,F,,,P1D,,A,,,,,,,99Q1=100,,,4,,4F0,,US dollar/Euro ECB reference exchange rate,"ECB reference exchange rate, US dollar/Euro, 2.15 pm (C.E.T.)",USD,0
EXR.D.USD.EUR.SP00.A,D,USD,EUR,SP00,A,2025-04-29,1.1373,A,F,,,P1D,,A,,,,,,,99Q1=100,,,4,,4F0,,US dollar/Euro ECB reference exchange rate,"ECB reference exchange rate, US dollar/Euro, 2.15 pm (C.E.T.)",USD,0
EXR.D.USD.EUR.SP00.A,D,USD,EUR,SP00,A,2025-04-30,1.1373,A,F,,,P1D,,A,,,,,,,99Q1=100,,,4,,4F0,,US dollar/Euro ECB reference exchange rate,"ECB reference exchange rate, US dollar/Euro, 2.15 pm (C.E.T.)",USD,0
EXR.D.USD.EUR.SP00.A,D,USD,EUR,SP00,A,2025-05-02,1.1343,A,F,,,P1D,,A,,,,,,,99Q1=100,,,4,,4F0,,US dollar/Euro ECB reference exchange rate,"ECB reference exchange rate, US dollar/Euro, 2.15 pm (C.E.T.)",USD,0
EXR.D.USD.EUR.SP00.A,D,USD,EUR,SP00,A,2025-05-05,1.1343,A,F,,,P1D,,A,,,,,,,99Q1=100,,,4,,4F0,,US dollar/Euro ECB reference exchange rate,"ECB reference exchange rate, US dollar/Euro, 2.15 pm (C.E.T.)",USD,0
EXR.D.USD.EUR.SP00.A,D,USD,EUR,SP00,A,2025-05-06,1.1325,A,F,,,P1D,,A,,,,,,,99Q1=100,,,4,,4F0,,US dollar/Euro ECB reference exchange rate,"ECB reference exchange rate, US dollar/Euro, 2.15 pm (C.E.T.)",USD,0
EXR.D.USD.EUR.SP00.A,D,USD,EUR,SP00,A,2025-05-07,1.136,A,F,,,P1D,,A,,,,,,,99Q1=100,,,4,,4F0,,US dollar/Euro ECB reference exchange rate,"ECB reference exchange rate, US dollar/Euro, 2.15 pm (C.E.T.)",USD,0
EXR.D.USD.EUR.SP00.A,D,USD,EUR,SP00,A,2025-05-08,1.1297,A,F,,,P1D,,A,,,,,,,99Q1=100,,,4,,4F0,,US dollar/Euro ECB reference exchange rate,"ECB reference exchange rate, US dollar/Euro, 2.15 pm (C.E.T.)",USD,0
EXR.D.USD.EUR.SP00.A,D,USD,EUR,SP00,A,2025-05-09,1.1252,A,F,,,P1D,,A,,,,,,,99Q1=100,,,4,,4F0,,US dollar/Euro ECB reference exchange rate,"ECB reference exchange rate, US dollar/Euro, 2.15 pm (C.E.T.)",USD,0
EXR.D.USD.EUR.SP00.A,D,USD,EUR,SP00,A,2025-05-12,1.1106,A,F,,,P1D,,A,,,,,,,99Q1=100,,,4,,4F0,,US dollar/Euro ECB reference exchange rate,"ECB reference exchange rate, US dollar/Euro, 2.15 pm (C.E.T.)",USD,0
EXR.D.USD.EUR.SP00.A,D,USD,EUR,SP00,A,2025-05-13,1.1112,A,F,,,P1D,,A,,,,,,,99Q1=100,,,4,,4F0,,US dollar/Euro ECB reference exchange rate,"ECB reference exchange rate, US dollar/Euro, 2.15 pm (C.E.T.)",USD,0
EXR.D.USD.EUR.SP00.A,D,USD,EUR,SP00,A,2025-05-14,1.1214,A,F,,,P1D,,A,,,,,,,99Q1=100,,,4,,4F0,,US dollar/Euro ECB reference exchange rate,"ECB reference exchange rate, US dollar/Euro, 2.15 pm (C.E.T.)",USD,0
EXR.D.USD.EUR.SP00.A,D,USD,EUR,SP00,A,2025-05-15,1.1185,A,F,,,P1D,,A,,,,,,,99Q1=100,,,4,,4F0,,US dollar/Euro ECB reference exchange rate,"ECB reference exchange rate, US dollar/Euro, 2.15 pm (C.E.T.)",USD,0
EXR.D.USD.EUR.SP00.A,D,USD,EUR,SP00,A,2025-05-16,1.1194,A,F,,,P1D,,A,,,,,,,99Q1=100,,,4,,4F0,,US dollar/Euro ECB reference exchange rate,"ECB reference exchange rate, US dollar/Euro, 2.15 pm (C.E.T.)",USD,0
EXR.D.USD.EUR.SP00.A,D,USD,EUR,SP00,A,2025-05-19,1.1262,A,F,,,P1D,,A,,,,,,,99Q1=100,,,4,,4F0,,US dollar/Euro ECB reference exchange rate,"ECB reference exchange rate, US dollar/Euro, 2.15 pm (C.E.T.)",USD,0
EXR.D.USD.EUR.SP00.A,D,USD,EUR,SP00,A,2025-05-20,1.1241,A,F,,,P1D,,A,,,,,,,99Q1=100,,,4,,4F0,,US dollar/Euro ECB reference exchange rate,"ECB reference exchange rate, US dollar/Euro, 2.15 pm (C.E.T.)",USD,0
EXR.D.USD.EUR.SP00.A,D,USD,EUR,SP00,A,2025-05-21,1.1321,A,F,,,P1D,,A,,,,,,,99Q1=100,,,4,,4F0,,US dollar/Euro ECB reference exchange rate,"ECB reference exchange rate, US dollar/Euro, 2.15 pm (C.E.T.)",USD,0
EXR.D.USD.EUR.SP00.A,D,USD,EUR,SP00,A,2025-05-22,1.1309,A,F,,,P1D,,A,,,,,,,99Q1=100,,,4,,4F0,,US dollar/Euro ECB reference exchange rate,"ECB reference exchange rate, US dollar/Euro, 2.15 pm (C.E.T.)",USD,0
EXR.D.USD.EUR.SP00.A,D,USD,EUR,SP00,A,2025-05-23,1.1301,A,F,,,P1D,,A,,,,,,,99Q1=100,,,4,,4F0,,US dollar/Euro ECB reference exchange rate,"ECB reference exchange rate, US dollar/Euro, 2.15 pm (C.E.T.)",USD,0
EXR.D.USD.EUR.SP00.A,D,USD,EUR,SP00,A,2025-05-26,1.1381,A,F,,,P1D,,A,,,,,,,99Q1=100,,,4,,4F0,,US dollar/Euro ECB reference exchange rate,"ECB reference exchange rate, US dollar/Euro, 2.15 pm (C.E.T.)",USD,0
EXR.D.USD.EUR.SP00.A,D,USD,EUR,SP00,A,2025-05-27,1.1356,A,F,,,P1D,,A,,,,,,,99Q1=100,,,4,,4F0,,US dollar/Euro ECB reference exchange rate,"ECB reference exchange rate, US dollar/Euro, 2.15 pm (C.E.T.)",USD,0
EXR.D.USD.EUR.SP00.A,D,USD,EUR,SP00,A,2025-05-28,1.1317,A,F,,,P1D,,A,,,,,,,99Q1=100,,,4,,4F0,,US dollar/Euro ECB reference exchange rate,"ECB reference exchange rate, US dollar/Euro, 2.15 pm (C.E.T.)",USD,0
EXR.D.USD.EUR.SP00.A,D,USD,EUR,SP00,A,2025-05-29,1.1281,A,F,,,P1D,,A,,,,,,,99Q1=100,,,4,,4F0,,US dollar/Euro ECB reference exchange rate,"ECB reference exchange rate, US dollar/Euro, 2.15 pm (C.E.T.)",USD,0
EXR.D.USD.EUR.SP00.A,D,USD,EUR,SP00,A,2025-05-30,1.1339,A,F,,,P1D,,A,,,,,,,99Q1=100,,,4,,4F0,,US dollar/Euro ECB reference exchange rate,"ECB reference exchange rate, US dollar/Euro, 2.15 pm (C.E.T.)",USD,0
EXR.D.USD.EUR.SP00.A,D,USD,EUR,SP00,A,2025-06-02,1.1419,A,F,,,P1D,,A,,,,,,,99Q1=100,,,4,,4F0,,US dollar/Euro ECB reference exchange rate,"ECB reference exchange rate, US dollar/Euro, 2.15 pm (C.E.T.)",USD,0
EXR.D.USD.EUR.SP00.A,D,USD,EUR,SP00,A,2025-06-03,1.1386,A,F,,,P1D,,A,,,,,,,99Q1=100,,,4,,4F0,,US dollar/Euro ECB reference exchange rate,"ECB reference exchange rate, US dollar/Euro, 2.15 pm (C.E.T.)",USD,0
EXR.D.USD.EUR.SP00.A,D,USD,EUR,SP00,A,2025-06-04,1.1384,A,F,,,P1D,,A,,,,,,,99Q1=100,,,4,,4F0,,US dollar/Euro ECB reference exchange rate,"ECB reference exchange rate, US dollar/Euro, 2.15 pm (C.E.T.)",USD,0
EXR.D.USD.EUR.SP00.A,D,USD,EUR,SP00,A,2025-06-05,1.1423,A,F,,,P1D,,A,,,,,,,99Q1=100,,,4,,4F0,,US dollar/Euro ECB reference exchange rate,"ECB reference exchange rate, US dollar/Euro, 2.15 pm (C.E.T.)",USD,0
EXR.D.USD.EUR.SP00.A,D,USD,EUR,SP00,A,2025-06-06,1.1411,A,F,,,P1D,,A,,,,,,,99Q1=100,,,4,,4F0,,US dollar/Euro ECB reference exchange rate,"ECB reference exchange rate, US dollar/Euro, 2.15 pm (C.E.T.)",USD,0
EXR.D.USD.EUR.SP00.A,D,USD,EUR,SP00,A,2025-06-09,1.141,A,F,,,P1D,,A,,,,,,,99Q1=100,,,4,,4F0,,US dollar/Euro ECB reference exchange rate,"ECB reference exchange rate, US dollar/Euro, 2.15 pm (C.E.T.)",USD,0
EXR.D.USD.EUR.SP00.A,D,USD,EUR,SP00,A,2025-06-10,1.1429,A,F,,,P1D,,A,,,,,,,99Q1=100,,,4,,4F0,,US dollar/Euro ECB reference exchange rate,"ECB reference exchange rate, US dollar/Euro, 2.15 pm (C.E.T.)",USD,0
EXR.D.USD.EUR.SP00.A,D,USD,EUR,SP00,A,2025-06-11,1.1433,A,F,,,P1D,,A,,,,,,,99Q1=100,,,4,,4F0,,US dollar/Euro ECB reference exchange rate,"ECB reference exchange rate, US dollar/Euro, 2.15 pm (C.E.T.)",USD,0
EXR.D.USD.EUR.SP00.A,D,USD,EUR,SP00,A,2025-06-12,1.1594,A,F,,,P1D,,A,,,,,,,99Q1=100,,,4,,4F0,,US dollar/Euro ECB reference exchange rate,"ECB reference exchange rate, US dollar/Euro, 2.15 pm (C.E.T.)",USD,0
EXR.D.USD.EUR.SP00.A,D,USD,EUR,SP00,A,2025-06-13,1.1512,A,F,,,P1D,,A,,,,,,,99Q1=100,,,4,,4F0,,US dollar/Euro ECB reference exchange rate,"ECB reference exchange rate, US dollar/Euro, 2.15 pm (C.E.T.)",USD,0
EXR.D.USD.EUR.SP00.A,D,USD,EUR,SP00,A,2025-06-16,1.1574,A,F,,,P1D,,A,,,,,,,99Q1=100,,,4,,4F0,,US dollar/Euro ECB reference exchange rate,"ECB reference exchange rate, US dollar/Euro, 2.15 pm (C.E.T.)",USD,0
EXR.D.USD.EUR.SP00.A,D,USD,EUR,SP00,A,2025-06-17,1.1568,A,F,,,P1D,,A,,,,,,,99Q1=100,,,4,,4F0,,US dollar/Euro ECB reference exchange rate,"ECB reference exchange rate, US dollar/Euro, 2.15 pm (C.E.T.)",USD,0
EXR.D.USD.EUR.SP00.A,D,USD,EUR,SP00,A,2025-06-18,1.1508,A,F,,,P1D,,A,,,,,,,99Q1=100,,,4,,4F0,,US dollar/Euro ECB reference exchange rate,"ECB reference exchange rate, US dollar/Euro, 2.15 pm (C.E.T.)",USD,0
EXR.D.USD.EUR.SP00.A,D,USD,EUR,SP00,A,2025-06-19,1.1478,A,F,,,P1D,,A,,,,,,,99Q1=100,,,4,,4F0,,US dollar/Euro ECB reference exchange rate,"ECB reference exchange rate, US dollar/Euro, 2.15 pm (C.E.T.)",USD,0
EXR.D.USD.EUR.SP00.A,D,USD,EUR,SP00,A,2025-06-20,1.1515,A,F,,,P1D,,A,,,,,,,99Q1=100,,,4,,4F0,,US dollar/Euro ECB reference exchange rate,"ECB reference exchange rate, US dollar/Euro, 2.15 pm (C.E.T.)",USD,0
EXR.D.USD.EUR.SP00.A,D,USD,EUR,SP00,A,2025-06-23,1.1472,A,F,,,P1D,,A,,,,,,,99Q1=100,,,4,,4F0,,US dollar/Euro ECB reference exchange rate,"ECB reference exchange rate, US dollar/Euro, 2.15 pm (C.E.T.)",USD,0
EXR.D.USD.EUR.SP00.A,D,USD,EUR,SP00,A,2025-06-24,1.1607,A,F,,,P1D,,A,,,,,,,99Q1=100,,,4,,4F0,,US dollar/Euro ECB reference exchange rate,"ECB reference exchange rate, US dollar/Euro, 2.15 pm (C.E.T.)",USD,0
EXR.D.USD.EUR.SP00.A,D,USD,EUR,SP00,A,2025-06-25,1.1598,A,F,,,P1D,,A,,,,,,,99Q1=100,,,4,,4F0,,US dollar/Euro ECB reference exchange rate,"ECB reference exchange rate, US dollar/Euro, 2.15 pm (C.E.T.)",USD,0
EXR.D.USD.EUR.SP00.A,D,USD,EUR,SP00,A,2025-06-26,1.1695,A,F,,,P1D,,A,,,,,,,99Q1=100,,,4,,4F0,,US dollar/Euro ECB reference exchange rate,"ECB reference exchange rate, US dollar/Euro, 2.15 pm (C.E.T.)",USD,0
EXR.D.USD.EUR.SP00.A,D,USD,EUR,SP00,A,2025-06-27,1.1704,A,F,,,P1D,,A,,,,,,,99Q1=100,,,4,,4F0,,US dollar/Euro ECB reference exchange rate,"ECB reference exchange rate, US dollar/Euro, 2.15 pm (C.E.T.)",USD,0
EXR.D.USD.EUR.SP00.A,D,USD,EUR,SP00,A,2025-06-30,1.172,A,F,,,P1D,,A,,,,,,,99Q1=100,,,4,,4F0,,US dollar/Euro ECB reference exchange rate,"ECB reference exchange rate, US dollar/Euro, 2.15 pm (C.E.T.)",USD,0
EXR.D.USD.EUR.SP00.A,D,USD,EUR,SP00,A,2025-07-01,1.181,A,F,,,P1D,,A,,,,,,,99Q1=100,,,4,,4F0,,US dollar/Euro ECB reference exchange rate,"ECB reference exchange rate, US dollar/Euro, 2.15 pm (C.E.T.)",USD,0
EXR.D.USD.EUR.SP00.A,D,USD,EUR,SP00,A,2025-07-02,1.1755,A,F,,,P1D,,A,,,,,,,99Q1=100,,,4,,4F0,,US dollar/Euro ECB reference exchange rate,"ECB reference exchange rate, US dollar/Euro, 2.15 pm (C.E.T.)",USD,0
EXR.D.USD.EUR.SP00.A,D,USD,EUR,SP00,A,2025-07-03,1.1782,A,F,,,P1D,,A,,,,,,,99Q1=100,,,4,,4F0,,US dollar/Euro ECB reference exchange rate,"ECB reference exchange rate, US dollar/Euro, 2.15 pm (C.E.T.)",USD,0
EXR.D.USD.EUR.SP00.A,D,USD,EUR,SP00,A,2025-07-04,1.1767,A,F,,,P1D,,A,,,,,,,99Q1=100,,,4,,4F0,,US dollar/Euro ECB reference exchange rate,"ECB reference exchange rate, US dollar/Euro, 2.15 pm (C.E.T.)",USD,0
EXR.D.USD.EUR.SP00.A,D,USD,EUR,SP00,A,2025-07-07,1.1728,A,F,,,P1D,,A,,,,,,,99Q1=100,,,4,,4F0,,US dollar/Euro ECB reference exchange rate,"ECB reference exchange rate, US dollar/Euro, 2.15 pm (C.E.T.)",USD,0
EXR.D.USD.EUR.SP00.A,D,USD,EUR,SP00,A,2025-07-08,1.1718,A,F,,,P1D,,A,,,,,,,99Q1=100,,,4,,4F0,,US dollar/Euro ECB reference exchange rate,"ECB reference exchange rate, US dollar/Euro, 2.15 pm (C.E.T.)",USD,0
EXR.D.USD.EUR.SP00.A,D,USD,EUR,SP00,A,2025-07-09,1.1698,A,F,,,P1D,,A,,,,,,,99Q1=100,,,4,,4F0,,US dollar/Euro ECB reference exchange rate,"ECB reference exchange rate, US dollar/Euro, 2.15 pm (C.E.T.)",USD,0
EXR.D.USD.EUR.SP00.A,D,USD,EUR,SP00,A,2025-07-10,1.1709,A,F,,,P1D,,A,,,,,,,99Q1=100,,,4,,4F0,,US dollar/Euro ECB reference exchange rate,"ECB reference exchange rate, US dollar/Euro, 2.15 pm (C.E.T.)",USD,0
EXR.D.USD.EUR.SP00.A,D,USD,EUR,SP00,A,2025-07-11,1.1683,A,F,,,P1D,,A,,,,,,,99Q1=100,,,4,,4F0,,US dollar/Euro ECB reference exchange rate,"ECB reference exchange rate, US dollar/Euro, 2.15 pm (C.E.T.)",USD,0
EXR.D.USD.EUR.SP00.A,D,USD,EUR,SP00,A,2025-07-14,1.169,A,F,,,P1D,,A,,,,,,,99Q1=100,,,4,,4F0,,US dollar/Euro ECB reference exchange rate,"ECB reference exchange rate, US dollar/Euro, 2.15 pm (C.E.T.)",USD,0
EXR.D.USD.EUR.SP00.A,D,USD,EUR,SP00,A,2025-07-15,1.1665,A,F,,,P1D,,A,,,,,,,99Q1=100,,,4,,4F0,,US dollar/Euro ECB reference exchange rate,"ECB reference exchange rate, US dollar/Euro, 2.15 pm (C.E.T.)",USD,0
EXR.D.USD.EUR.SP00.A,D,USD,EUR,SP00,A,2025-07-16,1.1602,A,F,,,P1D,,A,,,,,,,99Q1=100,,,4,,4F0,,US dollar/Euro ECB reference exchange rate,"ECB reference exchange rate, US dollar/Euro, 2.15 pm (C.E.T.)",USD,0
EXR.D.USD.EUR.SP00.A,D,USD,EUR,SP00,A,2025-07-17,1.1579,A,F,,,P1D,,A,,,,,,,99Q1=100,,,4,,4F0,,US dollar/Euro ECB reference exchange rate,"ECB reference exchange rate, US dollar/Euro, 2.15 pm (C.E.T.)",USD,0
EXR.D.USD.EUR.SP00.A,D,USD,EUR,SP00,A,2025-07-18,1.165,A,F,,,P1D,,A,,,,,,,99Q1=100,,,4,,4F0,,US dollar/Euro ECB reference exchange rate,"ECB reference exchange rate, US dollar/Euro, 2.15 pm (C.E.T.)",USD,0
EXR.D.USD.EUR.SP00.A,D,USD,EUR,SP00,A,2025-07-21,1.1667,A,F,,,P1D,,A,,,,,,,99Q1=100,,,4,,4F0,,US dollar/Euro ECB reference exchange rate,"ECB reference exchange rate, US dollar/Euro, 2.15 pm (C.E.T.)",USD,0
EXR.D.USD.EUR.SP00.A,D,USD,EUR,SP00,A,2025-07-22,1.1699,A,F,,,P1D,,A,,,,,,,99Q1=100,,,4,,4F0,,US dollar/Euro ECB reference exchange rate,"ECB reference exchange rate, US dollar/Euro, 2.15 pm (C.E.T.)",USD,0
EXR.D.USD.EUR.SP00.A,D,USD,EUR,SP00,A,2025-07-23,1.1726,A,F,,,P1D,,A,,,,,,,99Q1=100,,,4,,4F0,,US dollar/Euro ECB reference exchange rate,"ECB reference exchange rate, US dollar/Euro, 2.15 pm (C.E.T.)",USD,0
EXR.D.USD.EUR.SP00.A,D,USD,EUR,SP00,A,2025-07-24,1.1756,A,F,,,P1D,,A,,,,,,,99Q1=100,,,4,,4F0,,US dollar/Euro ECB reference exchange rate,"ECB reference exchange rate, US dollar/Euro, 2.15 pm (C.E.T.)",USD,0
EXR.D.USD.EUR.SP00.A,D,USD,EUR,SP00,A,2025-07-25,1.1724,A,F,,,P1D,,A,,,,,,,99Q1=100,,,4,,4F0,,US dollar/Euro ECB reference exchange rate,"ECB reference exchange rate, US dollar/Euro, 2.15 pm (C.E.T.)",USD,0
EXR.D.USD.EUR.SP00.A,D,USD,EUR,SP00,A,2025-07-28,1.1654,A,F,,,P1D,,A,,,,,,,99Q1=100,,,4,,4F0,,US dollar/Euro ECB reference exchange rate,"ECB reference exchange rate, US dollar/Euro, 2.15 pm (C.E.T.)",USD,0
EXR.D.USD.EUR.SP00.A,D,USD,EUR,SP00,A,2025-07-29,1.1533,A,F,,,P1D,,A,,,,,,,99Q1=100,,,4,,4F0,,US dollar/Euro ECB reference exchange rate,"ECB reference exchange rate, US dollar/Euro, 2.15 pm (C.E.T.)",USD,0
EXR.D.USD.EUR.SP00.A,D,USD,EUR,SP00,A,2025-07-30,1.1527,A,F,,,P1D,,A,,,,,,,99Q1=100,,,4,,4F0,,US dollar/Euro ECB reference exchange rate,"ECB reference exchange rate, US dollar/Euro, 2.15 pm (C.E.T.)",USD,0
EXR.D.USD.EUR.SP00.A,D,USD,EUR,SP00,A,2025-07-31,1.1446,A,F,,,P1D,,A,,,,,,,99Q1=100,,,4,,4F0,,US dollar/Euro ECB reference exchange rate,"ECB reference exchange rate, US dollar/Euro, 2.15 pm (C.E.T.)",USD,0
EXR.D.USD.EUR.SP00.A,D,USD,EUR,SP00,A,2025-08-01,1.1404,A,F,,,P1D,,A,,,,,,,99Q1=100,,,4,,4F0,,US dollar/Euro ECB reference exchange rate,"ECB reference exchange rate, US dollar/Euro, 2.15 pm (C.E.T.)",USD,0
EXR.D.USD.EUR.SP00.A,D,USD,EUR,SP00,A,2025-08-04,1.1565,A,F,,,P1D,,A,,,,,,,99Q1=100,,,4,,4F0,,US dollar/Euro ECB reference exchange rate,"ECB reference exchange rate, US dollar/Euro, 2.15 pm (C.E.T.)",USD,0
EXR.D.USD.EUR.SP00.A,D,USD,EUR,SP00,A,2025-08-05,1.1546,A,F,,,P1D,,A,,,,,,,99Q1=100,,,4,,4F0,,US dollar/Euro ECB reference exchange rate,"ECB reference exchange rate, US dollar/Euro, 2.15 pm (C.E.T.)",USD,0
EXR.D.USD.EUR.SP00.A,D,USD,EUR,SP00,A,2025-08-06,1.1604,A,F,,,P1D,,A,,,,,,,99Q1=100,,,4,,4F0,,US dollar/Euro ECB reference exchange rate,"ECB reference exchange rate, US dollar/Euro, 2.15 pm (C.E.T.)",USD,0
EXR.D.USD.EUR.SP00.A,D,USD,EUR,SP00,A,2025-08-07,1.1643,A,F,,,P1D,,A,,,,,,,99Q1=100,,,4,,4F0,,US dollar/Euro ECB reference exchange rate,"ECB reference exchange rate, US dollar/Euro, 2.15 pm (C.E.T.)",USD,0
EXR.D.USD.EUR.SP00.A,D,USD,EUR,SP00,A,2025-08-08,1.1648,A,F,,,P1D,,A,,,,,,,99Q1=100,,,4,,4F0,,US dollar/Euro ECB reference exchange rate,"ECB reference exchange rate, US dollar/Euro, 2.15 pm (C.E.T.)",USD,0
EXR.D.USD.EUR.SP00.A,D,USD,EUR,SP00,A,2025-08-11,1.1622,A,F,,,P1D,,A,,,,,,,99Q1=100,,,4,,4F0,,US dollar/Euro ECB reference exchange rate,"ECB reference exchange rate, US dollar/Euro, 2.15 pm (C.E.T.)",USD,0
EXR.D.USD.EUR.SP00.A,D,USD,EUR,SP00,A,2025-08-12,1.1606,A,F,,,P1D,,A,,,,,,,99Q1=100,,,4,,4F0,,US dollar/Euro ECB reference exchange rate,"ECB reference exchange rate, US dollar/Euro, 2.15 pm (C.E.T.)",USD,0
EXR.D.USD.EUR.SP00.A,D,USD,EUR,SP00,A,2025-08-13,1.1711,A,F,,,P1D,,A,,,,,,,99Q1=100,,,4,,4F0,,US dollar/Euro ECB reference exchange rate,"ECB reference exchange rate, US dollar/Euro, 2.15 pm (C.E.T.)",USD,0
EXR.D.USD.EUR.SP00.A,D,USD,EUR,SP00,A,2025-08-14,1.169,A,F,,,P1D,,A,,,,,,,99Q1=100,,,4,,4F0,,US dollar/Euro ECB reference exchange rate,"ECB reference exchange rate, US dollar/Euro, 2.15 pm (C.E.T.)",USD,0
EXR.D.USD.EUR.SP00.A,D,USD,EUR,SP00,A,2025-08-15,1.1688,A,F,,,P1D,,A,,,,,,,99Q1=100,,,4,,4F0,,US dollar/Euro ECB reference exchange rate,"ECB reference exchange rate, US dollar/Euro, 2.15 pm (C.E.T.)",USD,0
EXR.D.USD.EUR.SP00.A,D,USD,EUR,SP00,A,2025-08-18,1.1673,A,F,,,P1D,,A,,,,,,,99Q1=100,,,4,,4F0,,US dollar/Euro ECB reference exchange rate,"ECB reference exchange rate, US dollar/Euro, 2.15 pm (C.E.T.)",USD,0
EXR.D.USD.EUR.SP00.A,D,USD,EUR,SP00,A,2025-08-19,1.1682,A,F,,,P1D,,A,,,,,,,99Q1=100,,,4,,4F0,,US dollar/Euro ECB reference exchange rate,"ECB reference exchange rate, US dollar/Euro, 2.15 pm (C.E.T.)",USD,0
EXR.D.USD.EUR.SP00.A,D,USD,EUR,SP00,A,2025-08-20,1.1651,A,F,,,P1D,,A,,,,,,,99Q1=100,,,4,,4F0,,US dollar/Euro ECB reference exchange rate,"ECB reference exchange rate, US dollar/Euro, 2.15 pm (C.E.T.)",USD,0
EXR.D.USD.EUR.SP00.A,D,USD,EUR,SP00,A,2025-08-21,1.1639,A,F,,,P1D,,A,,,,,,,99Q1=100,,,4,,4F0,,US dollar/Euro ECB reference exchange rate,"ECB reference exchange rate, US dollar/Euro, 2.15 pm (C.E.T.)",USD,0
EXR.D.USD.EUR.SP00.A,D,USD,EUR,SP00,A,2025-08-22,1.1608,A,F,,,P1D,,A,,,,,,,99Q1=100,,,4,,4F0,,US dollar/Euro ECB reference exchange rate,"ECB reference exchange rate, US dollar/Euro, 2.15 pm (C.E.T.)",USD,0
EXR.D.USD.EUR.SP00.A,D,USD,EUR,SP00,A,2025-08-25,1.1697,A,F,,,P1D,,A,,,,,,,99Q1=100,,,4,,4F0,,US dollar/Euro ECB reference exchange rate,"ECB reference exchange rate, US dollar/Euro, 2.15 pm (C.E.T.)",USD,0
EXR.D.USD.EUR.SP00.A,D,USD,EUR,SP00,A,2025-08-26,1.1656,A,F,,,P1D,,A,,,,,,,99Q1=100,,,4,,4F0,,US dollar/Euro ECB reference exchange rate,"ECB reference exchange rate, US dollar/Euro, 2.15 pm (C.E.T.)",USD,0
EXR.D.USD.EUR.SP00.A,D,USD,EUR,SP00,A,2025-08-27,1.1593,A,F,,,P1D,,A,,,,,,,99Q1=100,,,4,,4F0,,US dollar/Euro ECB reference exchange rate,"ECB reference exchange rate, US dollar/Euro, 2.15 pm (C.E.T.)",USD,0
EXR.D.USD.EUR.SP00.A,D,USD,EUR,SP00,A,2025-08-28,1.1676,A,F,,,P1D,,A,,,,,,,99Q1=100,,,4,,4F0,,US dollar/Euro ECB reference exchange rate,"ECB reference exchange rate, US dollar/Euro, 2.15 pm (C.E.T.)",USD,0
EXR.D.USD.EUR.SP00.A,D,USD,EUR,SP00,A,2025-08-29,1.1658,A,F,,,P1D,,A,,,,,,,99Q1=100,,,4,,4F0,,US dollar/Euro ECB reference exchange rate,"ECB reference exchange rate, US dollar/Euro, 2.15 pm (C.E.T.)",USD,0
EXR.D.USD.EUR.SP00.A,D,USD,EUR,SP00,A,2025-09-01,1.1715,A,F,,,P1D,,A,,,,,,,99Q1=100,,,4,,4F0,,US dollar/Euro ECB reference exchange rate,"ECB reference exchange rate, US dollar/Euro, 2.15 pm (C.E.T.)",USD,0
EXR.D.USD.EUR.SP00.A,D,USD,EUR,SP00,A,2025-09-02,1.1646,A,F,,,P1D,,A,,,,,,,99Q1=100,,,4,,4F0,,US dollar/Euro ECB reference exchange rate,"ECB reference exchange rate, US dollar/Euro, 2.15 pm (C.E.T.)",USD,0
EXR.D.USD.EUR.SP00.A,D,USD,EUR,SP00,A,2025-09-03,1.1653,A,F,,,P1D,,A,,,,,,,99Q1=100,,,4,,4F0,,US dollar/Euro ECB reference exchange rate,"ECB reference exchange rate, US dollar/Euro, 2.15 pm (C.E.T.)",USD,0
EXR.D.USD.EUR.SP00.A,D,USD,EUR,SP00,A,2025-09-04,1.1647,A,F,,,P1D,,A,,,,,,,99Q1=100,,,4,,4F0,,US dollar/Euro ECB reference exchange rate,"ECB reference exchange rate, US dollar/Euro, 2.15 pm (C.E.T.)",USD,0
EXR.D.USD.EUR.SP00.A,D,USD,EUR,SP00,A,2025-09-05,1.1697,A,F,,,P1D,,A,,,,,,,99Q1=100,,,4,,4F0,,US dollar/Euro ECB reference exchange rate,"ECB reference exchange rate, US dollar/Euro, 2.15 pm (C.E.T.)",USD,0
EXR.D.USD.EUR.SP00.A,D,USD,EUR,SP00,A,2025-09-08,1.1728,A,F,,,P1D,,A,,,,,,,99Q1=100,,,4,,4F0,,US dollar/Euro ECB reference exchange rate,"ECB reference exchange rate, US dollar/Euro, 2.15 pm (C.E.T.)",USD,0
EXR.D.USD.EUR.SP00.A,D,USD,EUR,SP00,A,2025-09-09,1.1744,A,F,,,P1D,,A,,,,,,,99Q1=100,,,4,,4F0,,US dollar/Euro ECB reference exchange rate,"ECB reference exchange rate, US dollar/Euro, 2.15 pm (C.E.T.)",USD,0
EXR.D.USD.EUR.SP00.A,D,USD,EUR,SP00,A,2025-09-10,1.1707,A,F,,,P1D,,A,,,,,,,99Q1=100,,,4,,4F0,,US dollar/Euro ECB reference exchange rate,"ECB reference exchange rate, US dollar/Euro, 2.15 pm (C.E.T.)",USD,0
EXR.D.USD.EUR.SP00.A,D,USD,EUR,SP00,A,2025-09-11,1.1685,A,F,,,P1D,,A,,,,,,,99Q1=100,,,4,,4F0,,US dollar/Euro ECB reference exchange rate,"ECB reference exchange rate, US dollar/Euro, 2.15 pm (C.E.T.)",USD,0
EXR.D.USD.EUR.SP00.A,D,USD,EUR,SP00,A,2025-09-12,1.1718,A,F,,,P1D,,A,,,,,,,99Q1=100,,,4,,4F0,,US dollar/Euro ECB reference exchange rate,"ECB reference exchange rate, US dollar/Euro, 2.15 pm (C.E.T.)",USD,0
EXR.D.USD.EUR.SP00.A,D,USD,EUR,SP00,A,2025-09-15,1.1766,A,F,,,P1D,,A,,,,,,,99Q1=100,,,4,,4F0,,US dollar/Euro ECB reference exchange rate,"ECB reference exchange rate, US dollar/Euro, 2.15 pm (C.E.T.)",USD,0
EXR.D.USD.EUR.SP00.A,D,USD,EUR,SP00,A,2025-09-16,1.1807,A,F,,,P1D,,A,,,,,,,99Q1=100,,,4,,4F0,,US dollar/Euro ECB reference exchange rate,"ECB reference exchange rate, US dollar/Euro, 2.15 pm (C.E.T.)",USD,0
EXR.D.USD.EUR.SP00.A,D,USD,EUR,SP00,A,2025-09-17,1.1837,A,F,,,P1D,,A,,,,,,,99Q1=100,,,4,,4F0,,US dollar/Euro ECB reference exchange rate,"ECB reference exchange rate, US dollar/Euro, 2.15 pm (C.E.T.)",USD,0
EXR.D.USD.EUR.SP00.A,D,USD,EUR,SP00,A,2025-09-18,1.1818,A,F,,,P1D,,A,,,,,,,99Q1=100,,,4,,4F0,,US dollar/Euro ECB reference exchange rate,"ECB reference exchange rate, US dollar/Euro, 2.15 pm (C.E.T.)",USD,0
EXR.D.USD.EUR.SP00.A,D,USD,EUR,SP00,A,2025-09-19,1.1736,A,F,,,P1D,,A,,,,,,,99Q1=100,,,4,,4F0,,US dollar/Euro ECB reference exchange rate,"ECB reference exchange rate, US dollar/Euro, 2.15 pm (C.E.T.)",USD,0
EXR.D.USD.EUR.SP00.A,D,USD,EUR,SP00,A,2025-09-22,1.1781,A,F,,,P1D,,A,,,,,,,99Q1=100,,,4,,4F0,,US dollar/Euro ECB reference exchange rate,"ECB reference exchange rate, US dollar/Euro, 2.15 pm (C.E.T.)",USD,0
EXR.D.USD.EUR.SP00.A,D,USD,EUR,SP00,A,2025-09-23,1.1793,A,F,,,P1D,,A,,,,,,,99Q1=100,,,4,,4F0,,US dollar/Euro ECB reference exchange rate,"ECB reference exchange rate, US dollar/Euro, 2.15 pm (C.E.T.)",USD,0
EXR.D.USD.EUR.SP00.A,D,USD,EUR,SP00,A,2025-09-24,1.1756,A,F,,,P1D,,A,,,,,,,99Q1=100,,,4,,4F0,,US dollar/Euro ECB reference exchange rate,"ECB reference exchange rate, US dollar/Euro, 2.15 pm (C.E.T.)",USD,0
EXR.D.USD.EUR.SP00.A,D,USD,EUR,SP00,A,2025-09-25,1.1739,A,F,,,P1D,,A,,,,,,,99Q1=100,,,4,,4F0,,US dollar/Euro ECB reference exchange rate,"ECB reference exchange rate, US dollar/Euro, 2.15 pm (C.E.T.)",USD,0
EXR.D.USD.EUR.SP00.A,D,USD,EUR,SP00,A,2025-09-26,1.1672,A,F,,,P1D,,A,,,,,,,99Q1=100,,,4,,4F0,,US dollar/Euro ECB reference exchange rate,"ECB reference exchange rate, US dollar/Euro, 2.15 pm (C.E.T.)",USD,0
EXR.D.USD.EUR.SP00.A,D,USD,EUR,SP00,A,2025-09-29,1.1723,A,F,,,P1D,,A,,,,,,,99Q1=100,,,4,,4F0,,US dollar/Euro ECB reference exchange rate,"ECB reference exchange rate, US dollar/Euro, 2.15 pm (C.E.T.)",USD,0
EXR.D.USD.EUR.SP00.A,D,USD,EUR,SP00,A,2025-09-30,1.1741,A,F,,,P1D,,A,,,,,,,99Q1=100,,,4,,4F0,,US dollar/Euro ECB reference exchange rate,"ECB reference exchange rate, US dollar/Euro, 2.15 pm (C.E.T.)",USD,0
EXR.D.USD.EUR.SP00.A,D,USD,EUR,SP00,A,2025-10-01,1.1724,A,F,,,P1D,,A,,,,,,,99Q1=100,,,4,,4F0,,US dollar/Euro ECB reference exchange rate,"ECB reference exchange rate, US dollar/Euro, 2.15 pm (C.E.T.)",USD,0
EXR.D.USD.EUR.SP00.A,D,USD,EUR,SP00,A,2025-10-02,1.1754,A,F,,,P1D,,A,,,,,,,99Q1=100,,,4,,4F0,,US dollar/Euro ECB reference exchange rate,"ECB reference exchange rate, US dollar/Euro, 2.15 pm (C.E.T.)",USD,0
EXR.D.USD.EUR.SP00.A,D,USD,EUR,SP00,A,2025-10-03,1.1734,A,F,,,P1D,,A,,,,,,,99Q1=100,,,4,,4F0,,US dollar/Euro ECB reference exchange rate,"ECB reference exchange rate, US dollar/Euro, 2.15 pm (C.E.T.)",USD,0
EXR.D.USD.EUR.SP00.A,D,USD,EUR,SP00,A,2025-10-06,1.1678,A,F,,,P1D,,A,,,,,,,99Q1=100,,,4,,4F0,,US dollar/Euro ECB reference exchange rate,"ECB reference exchange rate, US dollar/Euro, 2.15 pm (C.E.T.)",USD,0
EXR.D.USD.EUR.SP00.A,D,USD,EUR,SP00,A,2025-10-07,1.1666,A,F,,,P1D,,A,,,,,,,99Q1=100,,,4,,4F0,,US dollar/Euro ECB reference exchange rate,"ECB reference exchange rate, US dollar/Euro, 2.15 pm (C.E.T.)",USD,0
EXR.D.USD.EUR.SP00.A,D,USD,EUR,SP00,A,2025-10-08,1.1627,A,F,,,P1D,,A,,,,,,,99Q1=100,,,4,,4F0,,US dollar/Euro ECB reference exchange rate,"ECB reference exchange rate, US dollar/Euro, 2.15 pm (C.E.T.)",USD,0
EXR.D.USD.EUR.SP00.A,D,USD,EUR,SP00,A,2025-10-09,1.1611,A,F,,,P1D,,A,,,,,,,99Q1=100,,,4,,4F0,,US dollar/Euro ECB reference exchange rate,"ECB reference exchange rate, US dollar/Euro, 2.15 pm (C.E.T.)",USD,0
EXR.D.USD.EUR.SP00.A,D,USD,EUR,SP00,A,2025-10-10,1.1568,A,F,,,P1D,,A,,,,,,,99Q1=100,,,4,,4F0,,US dollar/Euro ECB reference exchange rate,"ECB reference exchange rate, US dollar/Euro, 2.15 pm (C.E.T.)",USD,0
EXR.D.USD.EUR.SP00.A,D,USD,EUR,SP00,A,2025-10-13,1.1569,A,F,,,P1D,,A,,,,,,,99Q1=100,,,4,,4F0,,US dollar/Euro ECB reference exchange rate,"ECB reference exchange rate, US dollar/Euro, 2.15 pm (C.E.T.)",USD,0
EXR.D.USD.EUR.SP00.A,D,USD,EUR,SP00,A,2025-10-14,1.1553,A,F,,,P1D,,A,,,,,,,99Q1=100,,,4,,4F0,,US dollar/Euro ECB reference exchange rate,"ECB reference exchange rate, US dollar/Euro, 2.15 pm (C.E.T.)",USD,0
EXR.D.USD.EUR.SP00.A,D,USD,EUR,SP00,A,2025-10-15,1.1622,A,F,,,P1D,,A,,,,,,,99Q1=100,,,4,,4F0,,US dollar/Euro ECB reference exchange rate,"ECB reference exchange rate, US dollar/Euro, 2.15 pm (C.E.T.)",USD,0
EXR.D.USD.EUR.SP00.A,D,USD,EUR,SP00,A,2025-10-16,1.1649,A,F,,,P1D,,A,,,,,,,99Q1=100,,,4,,4F0,,US dollar/Euro ECB reference exchange rate,"ECB reference exchange rate, US dollar/Euro, 2.15 pm (C.E.T.)",USD,0
EXR.D.USD.EUR.SP00.A,D,USD,EUR,SP00,A,2025-10-17,1.1681,A,F,,,P1D,,A,,,,,,,99Q1=100,,,4,,4F0,,US dollar/Euro ECB reference exchange rate,"ECB reference exchange rate, US dollar/Euro, 2.15 pm (C.E.T.)",USD,0
EXR.D.USD.EUR.SP00.A,D,USD,EUR,SP00,A,2025-10-20,1.1655,A,F,,,P1D,,A,,,,,,,99Q1=100,,,4,,4F0,,US dollar/Euro ECB reference exchange rate,"ECB reference exchange rate, US dollar/Euro, 2.15 pm (C.E.T.)",USD,0
EXR.D.USD.EUR.SP00.A,D,USD,EUR,SP00,A,2025-10-21,1.1607,A,F,,,P1D,,A,,,,,,,99Q1=100,,,4,,4F0,,US dollar/Euro ECB reference exchange rate,"ECB reference exchange rate, US dollar/Euro, 2.15 pm (C.E.T.)",USD,0
EXR.D.USD.EUR.SP00.A,D,USD,EUR,SP00,A,2025-10-22,1.1587,A,F,,,P1D,,A,,,,,,,99Q1=100,,,4,,4F0,,US dollar/Euro ECB reference exchange rate,"ECB reference exchange rate, US dollar/Euro, 2.15 pm (C.E.T.)",USD,0
EXR.D.USD.EUR.SP00.A,D,USD,EUR,SP00,A,2025-10-23,1.1593,A,F,,,P1D,,A,,,,,,,99Q1=100,,,4,,4F0,,US dollar/Euro ECB reference exchange rate,"ECB reference exchange rate, US dollar/Euro, 2.15 pm (C.E.T.)",USD,0
EXR.D.USD.EUR.SP00.A,D,USD,EUR,SP00,A,2025-10-24,1.1612,A,F,,,P1D,,A,,,,,,,99Q1=100,,,4,,4F0,,US dollar/Euro ECB reference exchange rate,"ECB reference exchange rate, US dollar/Euro, 2.15 pm (C.E.T.)",USD,0
EXR.D.USD.EUR.SP00.A,D,USD,EUR,SP00,A,2025-10-27,1.164,A,F,,,P1D,,A,,,,,,,99Q1=100,,,4,,4F0,,US dollar/Euro ECB reference exchange rate,"ECB reference exchange rate, US dollar/Euro, 2.15 pm (C.E.T.)",USD,0
EXR.D.USD.EUR.SP00.A,D,USD,EUR,SP00,A,2025-10-28,1.163,A,F,,,P1D,,A,,,,,,,99Q1=100,,,4,,4F0,,US dollar/Euro ECB reference exchange rate,"ECB reference exchange rate, US dollar/Euro, 2.15 pm (C.E.T.)",USD,0
EXR.D.USD.EUR.SP00.A,D,USD,EUR,SP00,A,2025-10-29,1.1636,A,F,,,P1D,,A,,,,,,,99Q1=100,,,4,,4F0,,US dollar/Euro ECB reference exchange rate,"ECB reference exchange rate, US dollar/Euro, 2.15 pm (C.E.T.)",USD,0
EXR.D.USD.EUR.SP00.A,D,USD,EUR,SP00,A,2025-10-30,1.155,A,F,,,P1D,,A,,,,,,,99Q1=100,,,4,,4F0,,US dollar/Euro ECB reference exchange rate,"ECB reference exchange rate, US dollar/Euro, 2.15 pm (C.E.T.)",USD,0
EXR.D.USD.EUR.SP00.A,D,USD,EUR,SP00,A,2025-10-31,1.1554,A,F,,,P1D,,A,,,,,,,99Q1=100,,,4,,4F0,,US dollar/Euro ECB reference exchange rate,"ECB reference exchange rate, US dollar/Euro, 2.15 pm (C.E.T.)",USD,0
EXR.D.USD.EUR.SP00.A,D,USD,EUR,SP00,A,2025-11-03,1.1514,A,F,,,P1D,,A,,,,,,,99Q1=100,,,4,,4F0,,US dollar/Euro ECB reference exchange rate,"ECB reference exchange rate, US dollar/Euro, 2.15 pm (C.E.T.)",USD,0
EXR.D.USD.EUR.SP00.A,D,USD,EUR,SP00,A,2025-11-04,1.1491,A,F,,,P1D,,A,,,,,,,99Q1=100,,,4,,4F0,,US dollar/Euro ECB reference exchange rate,"ECB reference exchange rate, US dollar/Euro, 2.15 pm (C.E.T.)",USD,0
EXR.D.USD.EUR.SP00.A,D,USD,EUR,SP00,A,2025-11-05,1.1492,A,F,,,P1D,,A,,,,,,,99Q1=100,,,4,,4F0,,US dollar/Euro ECB reference exchange rate,"ECB reference exchange rate, US dollar/Euro, 2.15 pm (C.E.T.)",USD,0
EXR.D.USD.EUR.SP00.A,D,USD,EUR,SP00,A,2025-11-06,1.1533,A,F,,,P1D,,A,,,,,,,99Q1=100,,,4,,4F0,,US dollar/Euro ECB reference exchange rate,"ECB reference exchange rate, US dollar/Euro, 2.15 pm (C.E.T.)",USD,0
EXR.D.USD.EUR.SP00.A,D,USD,EUR,SP00,A,2025-11-07,1.1561,A,F,,,P1D,,A,,,,,,,99Q1=100,,,4,,4F0,,US dollar/Euro ECB reference exchange rate,"ECB reference exchange rate, US dollar/Euro, 2.15 pm (C.E.T.)",USD,0
EXR.D.USD.EUR.SP00.A,D,USD,EUR,SP00,A,2025-11-10,1.1571,A,F,,,P1D,,A,,,,,,,99Q1=100,,,4,,4F0,,US dollar/Euro ECB reference exchange rate,"ECB reference exchange rate, US dollar/Euro, 2.15 pm (C.E.T.)",USD,0
EXR.D.USD.EUR.SP00.A,D,USD,EUR,SP00,A,2025-11-11,1.1575,A,F,,,P1D,,A,,,,,,,99Q1=100,,,4,,4F0,,US dollar/Euro ECB reference exchange rate,"ECB reference exchange rate, US dollar/Euro, 2.15 pm (C.E.T.)",USD,0
EXR.D.USD.EUR.SP00.A,D,USD,EUR,SP00,A,2025-11-12,1.1576,A,F,,,P1D,,A,,,,,,,99Q1=100,,,4,,4F0,,US dollar/Euro ECB reference exchange rate,"ECB reference exchange rate, US dollar/Euro, 2.15 pm (C.E.T.)",USD,0
EXR.D.USD.EUR.SP00.A,D,USD,EUR,SP00,A,2025-11-13,1.1619,A,F,,,P1D,,A,,,,,,,99Q1=100,,,4,,4F0,,US dollar/Euro ECB reference exchange rate,"ECB reference exchange rate, US dollar/Euro, 2.15 pm (C.E.T.)",USD,0
EXR.D.USD.EUR.SP00.A,D,USD,EUR,SP00,A,2025-11-14,1.1648,A,F,,,P1D,,A,,,,,,,99Q1=100,,,4,,4F0,,US dollar/Euro ECB reference exchange rate,"ECB reference exchange rate, US dollar/Euro, 2.15 pm (C.E.T.)",USD,0
EXR.D.USD.EUR.SP00.A,D,USD,EUR,SP00,A,2025-11-17,1.1593,A,F,,,P1D,,A,,,,,,,99Q1=100,,,4,,4F0,,US dollar/Euro ECB reference exchange rate,"ECB reference exchange rate, US dollar/Euro, 2.15 pm (C.E.T.)",USD,0
EXR.D.USD.EUR.SP00.A,D,USD,EUR,SP00,A,2025-11-18,1.159,A,F,,,P1D,,A,,,,,,,99Q1=100,,,4,,4F0,,US dollar/Euro ECB reference exchange rate,"ECB reference exchange rate, US dollar/Euro, 2.15 pm (C.E.T.)",USD,0
EXR.D.USD.EUR.SP00.A,D,USD,EUR,SP00,A,2025-11-19,1.1583,A,F,,,P1D,,A,,,,,,,99Q1=100,,,4,,4F0,,US dollar/Euro ECB reference exchange rate,"ECB reference exchange rate, US dollar/Euro, 2.15 pm (C.E.T.)",USD,0
EXR.D.USD.EUR.SP00.A,D,USD,EUR,SP00,A,2025-11-20,1.1514,A,F,,,P1D,,A,,,,,,,99Q1=100,,,4,,4F0,,US dollar/Euro ECB reference exchange rate,"ECB reference exchange rate, US dollar/Euro, 2.15 pm (C.E.T.)",USD,0
EXR.D.USD.EUR.SP00.A,D,USD,EUR,SP00,A,2025-11-21,1.152,A,F,,,P1D,,A,,,,,,,99Q1=100,,,4,,4F0,,US dollar/Euro ECB reference exchange rate,"ECB reference exchange rate, US dollar/Euro, 2.15 pm (C.E.T.)",USD,0
EXR.D.USD.EUR.SP00.A,D,USD,EUR,SP00,A,2025-11-24,1.1544,A,F,,,P1D,,A,,,,,,,99Q1=100,,,4,,4F0,,US dollar/Euro ECB reference exchange rate,"ECB reference exchange rate, US dollar/Euro, 2.15 pm (C.E.T.)",USD,0
EXR.D.USD.EUR.SP00.A,D,USD,EUR,SP00,A,2025-11-25,1.1551,A,F,,,P1D,,A,,,,,,,99Q1=100,,,4,,4F0,,US dollar/Euro ECB reference exchange rate,"ECB reference exchange rate, US dollar/Euro, 2.15 pm (C.E.T.)",USD,0
EXR.D.USD.EUR.SP00.A,D,USD,EUR,SP00,A,2025-11-26,1.1577,A,F,,,P1D,,A,,,,,,,99Q1=100,,,4,,4F0,,US dollar/Euro ECB reference exchange rate,"ECB reference exchange rate, US dollar/Euro, 2.15 pm (C.E.T.)",USD,0
EXR.D.USD.EUR.SP00.A,D,USD,EUR,SP00,A,2025-11-27,1.1586,A,F,,,P1D,,A,,,,,,,99Q1=100,,,4,,4F0,,US dollar/Euro ECB reference exchange rate,"ECB reference exchange rate, US dollar/Euro, 2.15 pm (C.E.T.)",USD,0
EXR.D.USD.EUR.SP00.A,D,USD,EUR,SP00,A,2025-11-28,1.1566,A,F,,,P1D,,A,,,,,,,99Q1=100,,,4,,4F0,,US dollar/Euro ECB reference exchange rate,"ECB reference exchange rate, US dollar/Euro, 2.15 pm (C.E.T.)",USD,0
EXR.D.USD.EUR.SP00.A,D,USD,EUR,SP00,A,2025-12-01,1.1646,A,F,,,P1D,,A,,,,,,,99Q1=100,,,4,,4F0,,US dollar/Euro ECB reference exchange rate,"ECB reference exchange rate, US dollar/Euro, 2.15 pm (C.E.T.)",USD,0
EXR.D.USD.EUR.SP00.A,D,USD,EUR,SP00,A,2025-12-02,1.1614,A,F,,,P1D,,A,,,,,,,99Q1=100,,,4,,4F0,,US dollar/Euro ECB reference exchange rate,"ECB reference exchange rate, US dollar/Euro, 2.15 pm (C.E.T.)",USD,0
EXR.D.USD.EUR.SP00.A,D,USD,EUR,SP00,A,2025-12-03,1.1668,A,F,,,P1D,,A,,,,,,,99Q1=100,,,4,,4F0,,US dollar/Euro ECB reference exchange rate,"ECB reference exchange rate, US dollar/Euro, 2.15 pm (C.E.T.)",USD,0
EXR.D.USD.EUR.SP00.A,D,USD,EUR,SP00,A,2025-12-04,1.1666,A,F,,,P1D,,A,,,,,,,99Q1=100,,,4,,4F0,,US dollar/Euro ECB reference exchange rate,"ECB reference exchange rate, US dollar/Euro, 2.15 pm (C.E.T.)",USD,0
EXR.D.USD.EUR.SP00.A,D,USD,EUR,SP00,A,2025-12-05,1.1645,A,F,,,P1D,,A,,,,,,,99Q1=100,,,4,,4F0,,US dollar/Euro ECB reference exchange rate,"ECB reference exchange rate, US dollar/Euro, 2.15 pm (C.E.T.)",USD,0
EXR.D.USD.EUR.SP00.A,D,USD,EUR,SP00,A,2025-12-08,1.1655,A,F,,,P1D,,A,,,,,,,99Q1=100,,,4,,4F0,,US dollar/Euro ECB reference exchange rate,"ECB reference exchange rate, US dollar/Euro, 2.15 pm (C.E.T.)",USD,0
EXR.D.USD.EUR.SP00.A,D,USD,EUR,SP00,A,2025-12-09,1.1637,A,F,,,P1D,,A,,,,,,,99Q1=100,,,4,,4F0,,US dollar/Euro ECB reference exchange rate,"ECB reference exchange rate, US dollar/Euro, 2.15 pm (C.E.T.)",USD,0
EXR.D.USD.EUR.SP00.A,D,USD,EUR,SP00,A,2025-12-10,1.1634,A,F,,,P1D,,A,,,,,,,99Q1=100,,,4,,4F0,,US dollar/Euro ECB reference exchange rate,"ECB reference exchange rate, US dollar/Euro, 2.15 pm (C.E.T.)",USD,0
EXR.D.USD.EUR.SP00.A,D,USD,EUR,SP00,A,2025-12-11,1.1714,A,F,,,P1D,,A,,,,,,,99Q1=100,,,4,,4F0,,US dollar/Euro ECB reference exchange rate,"ECB reference exchange rate, US dollar/Euro, 2.15 pm (C.E.T.)",USD,0
EXR.D.USD.EUR.SP00.A,D,USD,EUR,SP00,A,2025-12-12,1.1731,A,F,,,P1D,,A,,,,,,,99Q1=100,,,4,,4F0,,US dollar/Euro ECB reference exchange rate,"ECB reference exchange rate, US dollar/Euro, 2.15 pm (C.E.T.)",USD,0
EXR.D.USD.EUR.SP00.A,D,USD,EUR,SP00,A,2025-12-15,1.1753,A,F,,,P1D,,A,,,,,,,99Q1=100,,,4,,4F0,,US dollar/Euro ECB reference exchange rate,"ECB reference exchange rate, US dollar/Euro, 2.15 pm (C.E.T.)",USD,0
EXR.D.USD.EUR.SP00.A,D,USD,EUR,SP00,A,2025-12-16,1.1776,A,F,,,P1D,,A,,,,,,,99Q1=100,,,4,,4F0,,US dollar/Euro ECB reference exchange rate,"ECB reference exchange rate, US dollar/Euro, 2.15 pm (C.E.T.)",USD,0
EXR.D.USD.EUR.SP00.A,D,USD,EUR,SP00,A,2025-12-17,1.1722,A,F,,,P1D,,A,,,,,,,99Q1=100,,,4,,4F0,,US dollar/Euro ECB reference exchange rate,"ECB reference exchange rate, US dollar/Euro, 2.15 pm (C.E.T.)",USD,0
EXR.D.USD.EUR.SP00.A,D,USD,EUR,SP00,A,2025-12-18,1.1719,A,F,,,P1D,,A,,,,,,,99Q1=100,,,4,,4F0,,US dollar/Euro ECB reference exchange rate,"ECB reference exchange rate, US dollar/Euro, 2.15 pm (C.E.T.)",USD,0
EXR.D.USD.EUR.SP00.A,D,USD,EUR,SP00,A,2025-12-19,1.1712,A,F,,,P1D,,A,,,,,,,99Q1=100,,,4,,4F0,,US dollar/Euro ECB reference exchange rate,"ECB reference exchange rate, US dollar/Euro, 2.15 pm (C.E.T.)",USD,0
EXR.D.USD.EUR.SP00.A,D,USD,EUR,SP00,A,2025-12-22,1.1745,A,F,,,P1D,,A,,,,,,,99Q1=100,,,4,,4F0,,US dollar/Euro ECB reference exchange rate,"ECB reference exchange rate, US dollar/Euro, 2.15 pm (C.E.T.)",USD,0
EXR.D.USD.EUR.SP00.A,D,USD,EUR,SP00,A,2025-12-23,1.1786,A,F,,,P1D,,A,,,,,,,99Q1=100,,,4,,4F0,,US dollar/Euro ECB reference exchange rate,"ECB reference exchange rate, US dollar/Euro, 2.15 pm (C.E.T.)",USD,0
EXR.D.USD.EUR.SP00.A,D,USD,EUR,SP00,A,2025-12-24,1.1787,A,F,,,P1D,,A,,,,,,,99Q1=100,,,4,,4F0,,US dollar/Euro ECB reference exchange rate,"ECB reference exchange rate, US dollar/Euro, 2.15 pm (C.E.T.)",USD,0
EXR.D.USD.EUR.SP00.A,D,USD,EUR,SP00,A,2025-12-29,1.1766,A,F,,,P1D,,A,,,,,,,99Q1=100,,,4,,4F0,,US dollar/Euro ECB reference exchange rate,"ECB reference exchange rate, US dollar/Euro, 2.15 pm (C.E.T.)",USD,0
EXR.D.USD.EUR.SP00.A,D,USD,EUR,SP00,A,2025-12-30,1.1757,A,F,,,P1D,,A,,,,,,,99Q1=100,,,4,,4F0,,US dollar/Euro ECB reference exchange rate,"ECB reference exchange rate, US dollar/Euro, 2.15 pm (C.E.T.)",USD,0
EXR.D.USD.EUR.SP00.A,D,USD,EUR,SP00,A,2025-12-31,1.175,A,F,,,P1D,,A,,,,,,,99Q1=100,,,4,,4F0,,US dollar/Euro ECB reference exchange rate,"ECB reference exchange rate, US dollar/Euro, 2.15 pm (C.E.T.)",USD,0
EXR.D.USD.EUR.SP00.A,D,USD,EUR,SP00,A,2026-01-02,1.1721,A,F,,,P1D,,A,,,,,,,99Q1=100,,,4,,4F0,,US dollar/Euro ECB reference exchange rate,"ECB reference exchange rate, US dollar/Euro, 2.15 pm (C.E.T.)",USD,0
EXR.D.USD.EUR.SP00.A,D,USD,EUR,SP00,A,2026-01-05,1.1664,A,F,,,P1D,,A,,,,,,,99Q1=100,,,4,,4F0,,US dollar/Euro ECB reference exchange rate,"ECB reference exchange rate, US dollar/Euro, 2.15 pm (C.E.T.)",USD,0
EXR.D.USD.EUR.SP00.A,D,USD,EUR,SP00,A,2026-01-06,1.1707,A,F,,,P1D,,A,,,,,,,99Q1=100,,,4,,4F0,,US dollar/Euro ECB reference exchange rate,"ECB reference exchange rate, US dollar/Euro, 2.15 pm (C.E.T.)",USD,0
EXR.D.USD.EUR.SP00.A,D,USD,EUR,SP00,A,2026-01-07,1.1684,A,F,,,P1D,,A,,,,,,,99Q1=100,,,4,,4F0,,US dollar/Euro ECB reference exchange rate,"ECB reference exchange rate, US dollar/Euro, 2.15 pm (C.E.T.)",USD,0
EXR.D.USD.EUR.SP00.A,D,USD,EUR,SP00,A,2026-01-08,1.1675,A,F,,,P1D,,A,,,,,,,99Q1=100,,,4,,4F0,,US dollar/Euro ECB reference exchange rate,"ECB reference exchange rate, US dollar/Euro, 2.15 pm (C.E.T.)",USD,0
EXR.D.USD.EUR.SP00.A,D,USD,EUR,SP00,A,2026-01-09,1.1642,A,F,,,P1D,,A,,,,,,,99Q1=100,,,4,,4F0,,US dollar/Euro ECB reference exchange rate,"ECB reference exchange rate, US dollar/Euro, 2.15 pm (C.E.T.)",USD,0
EXR.D.USD.EUR.SP00.A,D,USD,EUR,SP00,A,2026-01-12,1.1692,A,F,,,P1D,,A,,,,,,,99Q1=100,,,4,,4F0,,US dollar/Euro ECB reference exchange rate,"ECB reference exchange rate, US dollar/Euro, 2.15 pm (C.E.T.)",USD,0
EXR.D.USD.EUR.SP00.A,D,USD,EUR,SP00,A,2026-01-13,1.1654,A,F,,,P1D,,A,,,,,,,99Q1=100,,,4,,4F0,,US dollar/Euro ECB reference exchange rate,"ECB reference exchange rate, US dollar/Euro, 2.15 pm (C.E.T.)",USD,0
EXR.D.USD.EUR.SP00.A,D,USD,EUR,SP00,A,2026-01-14,1.1651,A,F,,,P1D,,A,,,,,,,99Q1=100,,,4,,4F0,,US dollar/Euro ECB reference exchange rate,"ECB reference exchange rate, US dollar/Euro, 2.15 pm (C.E.T.)",USD,0
EXR.D.USD.EUR.SP00.A,D,USD,EUR,SP00,A,2026-01-15,1.1624,A,F,,,P1D,,A,,,,,,,99Q1=100,,,4,,4F0,,US dollar/Euro ECB reference exchange rate,"ECB reference exchange rate, US dollar/Euro, 2.15 pm (C.E.T.)",USD,0
EXR.D.USD.EUR.SP00.A,D,USD,EUR,SP00,A,2026-01-16,1.1617,A,F,,,P1D,,A,,,,,,,99Q1=100,,,4,,4F0,,US dollar/Euro ECB reference exchange rate,"ECB reference exchange rate, US dollar/Euro, 2.15 pm (C.E.T.)",USD,0
EXR.D.USD.EUR.SP00.A,D,USD,EUR,SP00,A,2026-01-19,1.1631,A,F,,,P1D,,A,,,,,,,99Q1=100,,,4,,4F0,,US dollar/Euro ECB reference exchange rate,"ECB reference exchange rate, US dollar/Euro, 2.15 pm (C.E.T.)",USD,0
EXR.D.USD.EUR.SP00.A,D,USD,EUR,SP00,A,2026-01-20,1.1728,A,F,,,P1D,,A,,,,,,,99Q1=100,,,4,,4F0,,US dollar/Euro ECB reference exchange rate,"ECB reference exchange rate, US dollar/Euro, 2.15 pm (C.E.T.)",USD,0
EXR.D.USD.EUR.SP00.A,D,USD,EUR,SP00,A,2026-01-21,1.1739,A,F,,,P1D,,A,,,,,,,99Q1=100,,,4,,4F0,,US dollar/Euro ECB reference exchange rate,"ECB reference exchange rate, US dollar/Euro, 2.15 pm (C.E.T.)",USD,0
EXR.D.USD.EUR.SP00.A,D,USD,EUR,SP00,A,2026-01-22,1.1706,A,F,,,P1D,,A,,,,,,,99Q1=100,,,4,,4F0,,US dollar/Euro ECB reference exchange rate,"ECB reference exchange rate, US dollar/Euro, 2.15 pm (C.E.T.)",USD,0
EXR.D.USD.EUR.SP00.A,D,USD,EUR,SP00,A,2026-01-23,1.1742,A,F,,,P1D,,A,,,,,,,99Q1=100,,,4,,4F0,,US dollar/Euro ECB reference exchange rate,"ECB reference exchange rate, US dollar/Euro, 2.15 pm (C.E.T.)",USD,0
EXR.D.USD.EUR.SP00.A,D,USD,EUR,SP00,A,2026-01-26,1.1836,A,F,,,P1D,,A,,,,,,,99Q1=100,,,4,,4F0,,US dollar/Euro ECB reference exchange rate,"ECB reference exchange rate, US dollar/Euro, 2.15 pm (C.E.T.)",USD,0
EXR.D.USD.EUR.SP00.A,D,USD,EUR,SP00,A,2026-01-27,1.1929,A,F,,,P1D,,A,,,,,,,99Q1=100,,,4,,4F0,,US dollar/Euro ECB reference exchange rate,"ECB reference exchange rate, US dollar/Euro, 2.15 pm (C.E.T.)",USD,0
EXR.D.USD.EUR.SP00.A,D,USD,EUR,SP00,A,2026-01-28,1.1974,A,F,,,P1D,,A,,,,,,,99Q1=100,,,4,,4F0,,US dollar/Euro ECB reference exchange rate,"ECB reference exchange rate, US dollar/Euro, 2.15 pm (C.E.T.)",USD,0
EXR.D.USD.EUR.SP00.A,D,USD,EUR,SP00,A,2026-01-29,1.1968,A,F,,,P1D,,A,,,,,,,99Q1=100,,,4,,4F0,,US dollar/Euro ECB reference exchange rate,"ECB reference exchange rate, US dollar/Euro, 2.15 pm (C.E.T.)",USD,0
EXR.D.USD.EUR.SP00.A,D,USD,EUR,SP00,A,2026-01-30,1.1919,A,F,,,P1D,,A,,,,,,,99Q1=100,,,4,,4F0,,US dollar/Euro ECB reference exchange rate,"ECB reference exchange rate, US dollar/Euro, 2.15 pm (C.E.T.)",USD,0
EXR.D.USD.EUR.SP00.A,D,USD,EUR,SP00,A,2026-02-02,1.184,A,F,,,P1D,,A,,,,,,,99Q1=100,,,4,,4F0,,US dollar/Euro ECB reference exchange rate,"ECB reference exchange rate, US dollar/Euro, 2.15 pm (C.E.T.)",USD,0
EXR.D.USD.EUR.SP00.A,D,USD,EUR,SP00,A,2026-02-03,1.1801,A,F,,,P1D,,A,,,,,,,99Q1=100,,,4,,4F0,,US dollar/Euro ECB reference exchange rate,"ECB reference exchange rate, US dollar/Euro, 2.15 pm (C.E.T.)",USD,0
EXR.D.USD.EUR.SP00.A,D,USD,EUR,SP00,A,2026-02-04,1.182,A,F,,,P1D,,A,,,,,,,99Q1=100,,,4,,4F0,,US dollar/Euro ECB reference exchange rate,"ECB reference exchange rate, US dollar/Euro, 2.15 pm (C.E.T.)",USD,0
EXR.D.USD.EUR.SP00.A,D,USD,EUR,SP00,A,2026-02-05,1.1798,A,F,,,P1D,,A,,,,,,,99Q1=100,,,4,,4F0,,US dollar/Euro ECB reference exchange rate,"ECB reference exchange rate, US dollar/Euro, 2.15 pm (C.E.T.)",USD,0
EXR.D.USD.EUR.SP00.A,D,USD,EUR,SP00,A,2026-02-06,1.1794,A,F,,,P1D,,A,,,,,,,99Q1=100,,,4,,4F0,,US dollar/Euro ECB reference exchange rate,"ECB reference exchange rate, US dollar/Euro, 2.15 pm (C.E.T.)",USD,0
EXR.D.USD.EUR.SP00.A,D,USD,EUR,SP00,A,2026-02-09,1.1886,A,F,,,P1D,,A,,,,,,,99Q1=100,,,4,,4F0,,US dollar/Euro ECB reference exchange rate,"ECB reference exchange rate, US dollar/Euro, 2.15 pm (C.E.T.)",USD,0
EXR.D.USD.EUR.SP00.A,D,USD,EUR,SP00,A,2026-02-10,1.1894,A,F,,,P1D,,A,,,,,,,99Q1=100,,,4,,4F0,,US dollar/Euro ECB reference exchange rate,"ECB reference exchange rate, US dollar/Euro, 2.15 pm (C.E.T.)",USD,0
EXR.D.USD.EUR.SP00.A,D,USD,EUR,SP00,A,2026-02-11,1.19,A,F,,,P1D,,A,,,,,,,99Q1=100,,,4,,4F0,,US dollar/Euro ECB reference exchange rate,"ECB reference exchange rate, US dollar/Euro, 2.15 pm (C.E.T.)",USD,0
EXR.D.USD.EUR.SP00.A,D,USD,EUR,SP00,A,2026-02-12,1.1874,A,F,,,P1D,,A,,,,,,,99Q1=100,,,4,,4F0,,US dollar/Euro ECB reference exchange rate,"ECB reference exchange rate, US dollar/Euro, 2.15 pm (C.E.T.)",USD,0
EXR.D.USD.EUR.SP00.A,D,USD,EUR,SP00,A,2026-02-13,1.1862,A,F,,,P1D,,A,,,,,,,99Q1=100,,,4,,4F0,,US dollar/Euro ECB reference exchange rate,"ECB reference exchange rate, US dollar/Euro, 2.15 pm (C.E.T.)",USD,0
EXR.D.USD.EUR.SP00.A,D,USD,EUR,SP00,A,2026-02-16,1.1855,A,F,,,P1D,,A,,,,,,,99Q1=100,,,4,,4F0,,US dollar/Euro ECB reference exchange rate,"ECB reference exchange rate, US dollar/Euro, 2.15 pm (C.E.T.)",USD,0
EXR.D.USD.EUR.SP00.A,D,USD,EUR,SP00,A,2026-02-17,1.1826,A,F,,,P1D,,A,,,,,,,99Q1=100,,,4,,4F0,,US dollar/Euro ECB reference exchange rate,"ECB reference exchange rate, US dollar/Euro, 2.15 pm (C.E.T.)",USD,0
EXR.D.USD.EUR.SP00.A,D,USD,EUR,SP00,A,2026-02-18,1.1845,A,F,,,P1D,,A,,,,,,,99Q1=100,,,4,,4F0,,US dollar/Euro ECB reference exchange rate,"ECB reference exchange rate, US dollar/Euro, 2.15 pm (C.E.T.)",USD,0
EXR.D.USD.EUR.SP00.A,D,USD,EUR,SP00,A,2026-02-19,1.1753,A,F,,,P1D,,A,,,,,,,99Q1=100,,,4,,4F0,,US dollar/Euro ECB reference exchange rate,"ECB reference exchange rate, US dollar/Euro, 2.15 pm (C.E.T.)",USD,0
EXR.D.USD.EUR.SP00.A,D,USD,EUR,SP00,A,2026-02-20,1.1767,A,F,,,P1D,,A,,,,,,,99Q1=100,,,4,,4F0,,US dollar/Euro ECB reference exchange rate,"ECB reference exchange rate, US dollar/Euro, 2.15 pm (C.E.T.)",USD,0
EXR.D.USD.EUR.SP00.A,D,USD,EUR,SP00,A,2026-02-23,1.1784,A,F,,,P1D,,A,,,,,,,99Q1=100,,,4,,4F0,,US dollar/Euro ECB reference exchange rate,"ECB reference exchange rate, US dollar/Euro, 2.15 pm (C.E.T.)",USD,0
EXR.D.USD.EUR.SP00.A,D,USD,EUR,SP00,A,2026-02-24,1.1777,A,F,,,P1D,,A,,,,,,,99Q1=100,,,4,,4F0,,US dollar/Euro ECB reference exchange rate,"ECB reference exchange rate, US dollar/Euro, 2.15 pm (C.E.T.)",USD,0
EXR.D.USD.EUR.SP00.A,D,USD,EUR,SP00,A,2026-02-25,1.1784,A,F,,,P1D,,A,,,,,,,99Q1=100,,,4,,4F0,,US dollar/Euro ECB reference exchange rate,"ECB reference exchange rate, US dollar/Euro, 2.15 pm (C.E.T.)",USD,0
EXR.D.USD.EUR.SP00.A,D,USD,EUR,SP00,A,2026-02-26,1.1814,A,F,,,P1D,,A,,,,,,,99Q1=100,,,4,,4F0,,US dollar/Euro ECB reference exchange rate,"ECB reference exchange rate, US dollar/Euro, 2.15 pm (C.E.T.)",USD,0
EXR.D.USD.EUR.SP00.A,D,USD,EUR,SP00,A,2026-02-27,1.1805,A,F,,,P1D,,A,,,,,,,99Q1=100,,,4,,4F0,,US dollar/Euro ECB reference exchange rate,"ECB reference exchange rate, US dollar/Euro, 2.15 pm (C.E.T.)",USD,0
EXR.D.USD.EUR.SP00.A,D,USD,EUR,SP00,A,2026-03-02,1.1698,A,F,,,P1D,,A,,,,,,,99Q1=100,,,4,,4F0,,US dollar/Euro ECB reference exchange rate,"ECB reference exchange rate, US dollar/Euro, 2.15 pm (C.E.T.)",USD,0
EXR.D.USD.EUR.SP00.A,D,USD,EUR,SP00,A,2026-03-03,1.1606,A,F,,,P1D,,A,,,,,,,99Q1=100,,,4,,4F0,,US dollar/Euro ECB reference exchange rate,"ECB reference exchange rate, US dollar/Euro, 2.15 pm (C.E.T.)",USD,0
EXR.D.USD.EUR.SP00.A,D,USD,EUR,SP00,A,2026-03-04,1.1649,A,F,,,P1D,,A,,,,,,,99Q1=100,,,4,,4F0,,US dollar/Euro ECB reference exchange rate,"ECB reference exchange rate, US dollar/Euro, 2.15 pm (C.E.T.)",USD,0
EXR.D.USD.EUR.SP00.A,D,USD,EUR,SP00,A,2026-03-05,1.1618,A,F,,,P1D,,A,,,,,,,99Q1=100,,,4,,4F0,,US dollar/Euro ECB reference exchange rate,"ECB reference exchange rate, US dollar/Euro, 2.15 pm (C.E.T.)",USD,0
EXR.D.USD.EUR.SP00.A,D,USD,EUR,SP00,A,2026-03-06,1.1561,A,F,,,P1D,,A,,,,,,,99Q1=100,,,4,,4F0,,US dollar/Euro ECB reference exchange rate,"ECB reference exchange rate, US dollar/Euro, 2.15 pm (C.E.T.)",USD,0
EXR.D.USD.EUR.SP00.A,D,USD,EUR,SP00,A,2026-03-09,1.1555,A,F,,,P1D,,A,,,,,,,99Q1=100,,,4,,4F0,,US dollar/Euro ECB reference exchange rate,"ECB reference exchange rate, US dollar/Euro, 2.15 pm (C.E.T.)",USD,0
EXR.D.USD.EUR.SP00.A,D,USD,EUR,SP00,A,2026-03-10,1.1641,A,F,,,P1D,,A,,,,,,,99Q1=100,,,4,,4F0,,US dollar/Euro ECB reference exchange rate,"ECB reference exchange rate, US dollar/Euro, 2.15 pm (C.E.T.)",USD,0
EXR.D.USD.EUR.SP00.A,D,USD,EUR,SP00,A,2026-03-11,1.1581,A,F,,,P1D,,A,,,,,,,99Q1=100,,,4,,4F0,,US dollar/Euro ECB reference exchange rate,"ECB reference exchange rate, US dollar/Euro, 2.15 pm (C.E.T.)",USD,0
EXR.D.USD.EUR.SP00.A,D,USD,EUR,SP00,A,2026-03-12,1.1547,A,F,,,P1D,,A,,,,,,,99Q1=100,,,4,,4F0,,US dollar/Euro ECB reference exchange rate,"ECB reference exchange rate, US dollar/Euro, 2.15 pm (C.E.T.)",USD,0
EXR.D.USD.EUR.SP00.A,D,USD,EUR,SP00,A,2026-03-13,1.1476,A,F,,,P1D,,A,,,,,,,99Q1=100,,,4,,4F0,,US dollar/Euro ECB reference exchange rate,"ECB reference exchange rate, US dollar/Euro, 2.15 pm (C.E.T.)",USD,0
EXR.D.USD.EUR.SP00.A,D,USD,EUR,SP00,A,2026-03-16,1.1478,A,F,,,P1D,,A,,,,,,,99Q1=100,,,4,,4F0,,US dollar/Euro ECB reference exchange rate,"ECB reference exchange rate, US dollar/Euro, 2.15 pm (C.E.T.)",USD,0
EXR.D.USD.EUR.SP00.A,D,USD,EUR,SP00,A,2026-03-17,1.1531,A,F,,,P1D,,A,,,,,,,99Q1=100,,,4,,4F0,,US dollar/Euro ECB reference exchange rate,"ECB reference exchange rate, US dollar/Euro, 2.15 pm (C.E.T.)",USD,0
EXR.D.USD.EUR.SP00.A,D,USD,EUR,SP00,A,2026-03-18,1.15,A,F,,,P1D,,A,,,,,,,99Q1=100,,,4,,4F0,,US dollar/Euro ECB reference exchange rate,"ECB reference exchange rate, US dollar/Euro, 2.15 pm (C.E.T.)",USD,0
EXR.D.USD.EUR.SP00.A,D,USD,EUR,SP00,A,2026-03-19,1.1489,A,F,,,P1D,,A,,,,,,,99Q1=100,,,4,,4F0,,US dollar/Euro ECB reference exchange rate,"ECB reference exchange rate, US dollar/Euro, 2.15 pm (C.E.T.)",USD,0
EXR.D.USD.EUR.SP00.A,D,USD,EUR,SP00,A,2026-03-20,1.1555,A,F,,,P1D,,A,,,,,,,99Q1=100,,,4,,4F0,,US dollar/Euro ECB reference exchange rate,"ECB reference exchange rate, US dollar/Euro, 2.15 pm (C.E.T.)",USD,0
EXR.D.USD.EUR.SP00.A,D,USD,EUR,SP00,A,2026-03-23,1.1596,A,F,,,P1D,,A,,,,,,,99Q1=100,,,4,,4F0,,US dollar/Euro ECB reference exchange rate,"ECB reference exchange rate, US dollar/Euro, 2.15 pm (C.E.T.)",USD,0
EXR.D.USD.EUR.SP00.A,D,USD,EUR,SP00,A,2026-03-24,1.1572,A,F,,,P1D,,A,,,,,,,99Q1=100,,,4,,4F0,,US dollar/Euro ECB reference exchange rate,"ECB reference exchange rate, US dollar/Euro, 2.15 pm (C.E.T.)",USD,0
EXR.D.USD.EUR.SP00.A,D,USD,EUR,SP00,A,2026-03-25,1.1592,A,F,,,P1D,,A,,,,,,,99Q1=100,,,4,,4F0,,US dollar/Euro ECB reference exchange rate,"ECB reference exchange rate, US dollar/Euro, 2.15 pm (C.E.T.)",USD,0
EXR.D.USD.EUR.SP00.A,D,USD,EUR,SP00,A,2026-03-26,1.1539,A,F,,,P1D,,A,,,,,,,99Q1=100,,,4,,4F0,,US dollar/Euro ECB reference exchange rate,"ECB reference exchange rate, US dollar/Euro, 2.15 pm (C.E.T.)",USD,0
EXR.D.USD.EUR.SP00.A,D,USD,EUR,SP00,A,2026-03-27,1.1517,A,F,,,P1D,,A,,,,,,,99Q1=100,,,4,,4F0,,US dollar/Euro ECB reference exchange rate,"ECB reference exchange rate, US dollar/Euro, 2.15 pm (C.E.T.)",USD,0
EXR.D.USD.EUR.SP00.A,D,USD,EUR,SP00,A,2026-03-30,1.1484,A,F,,,P1D,,A,,,,,,,99Q1=100,,,4,,4F0,,US dollar/Euro ECB reference exchange rate,"ECB reference exchange rate, US dollar/Euro, 2.15 pm (C.E.T.)",USD,0
EXR.D.USD.EUR.SP00.A,D,USD,EUR,SP00,A,2026-03-31,1.1498,A,F,,,P1D,,A,,,,,,,99Q1=100,,,4,,4F0,,US dollar/Euro ECB reference exchange rate,"ECB reference exchange rate, US dollar/Euro, 2.15 pm (C.E.T.)",USD,0
EXR.D.USD.EUR.SP00.A,D,USD,EUR,SP00,A,2026-04-01,1.1605,A,F,,,P1D,,A,,,,,,,99Q1=100,,,4,,4F0,,US dollar/Euro ECB reference exchange rate,"ECB reference exchange rate, US dollar/Euro, 2.15 pm (C.E.T.)",USD,0
EXR.D.USD.EUR.SP00.A,D,USD,EUR,SP00,A,2026-04-02,1.1525,A,F,,,P1D,,A,,,,,,,99Q1=100,,,4,,4F0,,US dollar/Euro ECB reference exchange rate,"ECB reference exchange rate, US dollar/Euro, 2.15 pm (C.E.T.)",USD,0
EXR.D.USD.EUR.SP00.A,D,USD,EUR,SP00,A,2026-04-07,1.1557,A,F,,,P1D,,A,,,,,,,99Q1=100,,,4,,4F0,,US dollar/Euro ECB reference exchange rate,"ECB reference exchange rate, US dollar/Euro, 2.15 pm (C.E.T.)",USD,0
EXR.D.USD.EUR.SP00.A,D,USD,EUR,SP00,A,2026-04-08,1.1706,A,F,,,P1D,,A,,,,,,,99Q1=100,,,4,,4F0,,US dollar/Euro ECB reference exchange rate,"ECB reference exchange rate, US dollar/Euro, 2.15 pm (C.E.T.)",USD,0
EXR.D.USD.EUR.SP00.A,D,USD,EUR,SP00,A,2026-04-09,1.1685,A,F,,,P1D,,A,,,,,,,99Q1=100,,,4,,4F0,,US dollar/Euro ECB reference exchange rate,"ECB reference exchange rate, US dollar/Euro, 2.15 pm (C.E.T.)",USD,0
EXR.D.USD.EUR.SP00.A,D,USD,EUR,SP00,A,2026-04-10,1.1711,A,F,,,P1D,,A,,,,,,,99Q1=100,,,4,,4F0,,US dollar/Euro ECB reference exchange rate,"ECB reference exchange rate, US dollar/Euro, 2.15 pm (C.E.T.)",USD,0
EXR.D.USD.EUR.SP00.A,D,USD,EUR,SP00,A,2026-04-13,1.1684,A,F,,,P1D,,A,,,,,,,99Q1=100,,,4,,4F0,,US dollar/Euro ECB reference exchange rate,"ECB reference exchange rate, US dollar/Euro, 2.15 pm (C.E.T.)",USD,0
EXR.D.USD.EUR.SP00.A,D,USD,EUR,SP00,A,2026-04-14,1.1793,A,F,,,P1D,,A,,,,,,,99Q1=100,,,4,,4F0,,US dollar/Euro ECB reference exchange rate,"ECB reference exchange rate, US dollar/Euro, 2.15 pm (C.E.T.)",USD,0
EXR.D.USD.EUR.SP00.A,D,USD,EUR,SP00,A,2026-04-15,1.178,A,F,,,P1D,,A,,,,,,,99Q1=100,,,4,,4F0,,US dollar/Euro ECB reference exchange rate,"ECB reference exchange rate, US dollar/Euro, 2.15 pm (C.E.T.)",USD,0
EXR.D.USD.EUR.SP00.A,D,USD,EUR,SP00,A,2026-04-16,1.1782,A,F,,,P1D,,A,,,,,,,99Q1=100,,,4,,4F0,,US dollar/Euro ECB reference exchange rate,"ECB reference exchange rate, US dollar/Euro, 2.15 pm (C.E.T.)",USD,0
EXR.D.USD.EUR.SP00.A,D,USD,EUR,SP00,A,2026-04-17,1.1797,A,F,,,P1D,,A,,,,,,,99Q1=100,,,4,,4F0,,US dollar/Euro ECB reference exchange rate,"ECB reference exchange rate, US dollar/Euro, 2.15 pm (C.E.T.)",USD,0
EXR.D.USD.EUR.SP00.A,D,USD,EUR,SP00,A,2026-04-20,1.176,A,F,,,P1D,,A,,,,,,,99Q1=100,,,4,,4F0,,US dollar/Euro ECB reference exchange rate,"ECB reference exchange rate, US dollar/Euro, 2.15 pm (C.E.T.)",USD,0
EXR.D.USD.EUR.SP00.A,D,USD,EUR,SP00,A,2026-04-21,1.1767,A,F,,,P1D,,A,,,,,,,99Q1=100,,,4,,4F0,,US dollar/Euro ECB reference exchange rate,"ECB reference exchange rate, US dollar/Euro, 2.15 pm (C.E.T.)",USD,0
EXR.D.USD.EUR.SP00.A,D,USD,EUR,SP00,A,2026-04-22,1.1733,A,F,,,P1D,,A,,,,,,,99Q1=100,,,4,,4F0,,US dollar/Euro ECB reference exchange rate,"ECB reference exchange rate, US dollar/Euro, 2.15 pm (C.E.T.)",USD,0
EXR.D.USD.EUR.SP00.A,D,USD,EUR,SP00,A,2026-04-23,1.1694,A,F,,,P1D,,A,,,,,,,99Q1=100,,,4,,4F0,,US dollar/Euro ECB reference exchange rate,"ECB reference exchange rate, US dollar/Euro, 2.15 pm (C.E.T.)",USD,0
EXR.D.USD.EUR.SP00.A,D,USD,EUR,SP00,A,2026-04-24,1.1712,A,F,,,P1D,,A,,,,,,,99Q1=100,,,4,,4F0,,US dollar/Euro ECB reference exchange rate,"ECB reference exchange rate, US dollar/Euro, 2.15 pm (C.E.T.)",USD,0
EXR.D.USD.EUR.SP00.A,D,USD,EUR,SP00,A,2026-04-27,1.1749,A,F,,,P1D,,A,,,,,,,99Q1=100,,,4,,4F0,,US dollar/Euro ECB reference exchange rate,"ECB reference exchange rate, US dollar/Euro, 2.15 pm (C.E.T.)",USD,0
EXR.D.USD.EUR.SP00.A,D,USD,EUR,SP00,A,2026-04-28,1.168,A,F,,,P1D,,A,,,,,,,99Q1=100,,,4,,4F0,,US dollar/Euro ECB reference exchange rate,"ECB reference exchange rate, US dollar/Euro, 2.15 pm (C.E.T.)",USD,0
EXR.D.USD.EUR.SP00.A,D,USD,EUR,SP00,A,2026-04-29,1.1706,A,F,,,P1D,,A,,,,,,,99Q1=100,,,4,,4F0,,US dollar/Euro ECB reference exchange rate,"ECB reference exchange rate, US dollar/Euro, 2.15 pm (C.E.T.)",USD,0
EXR.D.USD.EUR.SP00.A,D,USD,EUR,SP00,A,2026-04-30,1.1702,A,F,,,P1D,,A,,,,,,,99Q1=100,,,4,,4F0,,US dollar/Euro ECB reference exchange rate,"ECB reference exchange rate, US dollar/Euro, 2.15 pm (C.E.T.)",USD,0
EXR.D.USD.EUR.SP00.A,D,USD,EUR,SP00,A,2026-05-04,1.17,A,F,,,P1D,,A,,,,,,,99Q1=100,,,4,,4F0,,US dollar/Euro ECB reference exchange rate,"ECB reference exchange rate, US dollar/Euro, 2.15 pm (C.E.T.)",USD,0
EXR.D.USD.EUR.SP00.A,D,USD,EUR,SP00,A,2026-05-05,1.1686,A,F,,,P1D,,A,,,,,,,99Q1=100,,,4,,4F0,,US dollar/Euro ECB reference exchange rate,"ECB reference exchange rate, US dollar/Euro, 2.15 pm (C.E.T.)",USD,0
EXR.D.USD.EUR.SP00.A,D,USD,EUR,SP00,A,2026-05-06,1.1762,A,F,,,P1D,,A,,,,,,,99Q1=100,,,4,,4F0,,US dollar/Euro ECB reference exchange rate,"ECB reference exchange rate, US dollar/Euro, 2.15 pm (C.E.T.)",USD,0
EXR.D.USD.EUR.SP00.A,D,USD,EUR,SP00,A,2026-05-07,1.177,A,F,,,P1D,,A,,,,,,,99Q1=100,,,4,,4F0,,US dollar/Euro ECB reference exchange rate,"ECB reference exchange rate, US dollar/Euro, 2.15 pm (C.E.T.)",USD,0
EXR.D.USD.EUR.SP00.A,D,USD,EUR,SP00,A,2026-05-08,1.1761,A,F,,,P1D,,A,,,,,,,99Q1=100,,,4,,4F0,,US dollar/Euro ECB reference exchange rate,"ECB reference exchange rate, US dollar/Euro, 2.15 pm (C.E.T.)",USD,0
EXR.D.USD.EUR.SP00.A,D,USD,EUR,SP00,A,2026-05-11,1.1765,A,F,,,P1D,,A,,,,,,,99Q1=100,,,4,,4F0,,US dollar/Euro ECB reference exchange rate,"ECB reference exchange rate, US dollar/Euro, 2.15 pm (C.E.T.)",USD,0
EXR.D.USD.EUR.SP00.A,D,USD,EUR,SP00,A,2026-05-12,1.1738,A,F,,,P1D,,A,,,,,,,99Q1=100,,,4,,4F0,,US dollar/Euro ECB reference exchange rate,"ECB reference exchange rate, US dollar/Euro, 2.15 pm (C.E.T.)",USD,0
EXR.D.USD.EUR.SP00.A,D,USD,EUR,SP00,A,2026-05-13,1.1715,A,F,,,P1D,,A,,,,,,,99Q1=100,,,4,,4F0,,US dollar/Euro ECB reference exchange rate,"ECB reference exchange rate, US dollar/Euro, 2.15 pm (C.E.T.)",USD,0
EXR.D.USD.EUR.SP00.A,D,USD,EUR,SP00,A,2026-05-14,1.1702,A,F,,,P1D,,A,,,,,,,99Q1=100,,,4,,4F0,,US dollar/Euro ECB reference exchange rate,"ECB reference exchange rate, US dollar/Euro, 2.15 pm (C.E.T.)",USD,0
EXR.D.USD.EUR.SP00.A,D,USD,EUR,SP00,A,2026-05-15,1.1628,A,F,,,P1D,,A,,,,,,,99Q1=100,,,4,,4F0,,US dollar/Euro ECB reference exchange rate,"ECB reference exchange rate, US dollar/Euro, 2.15 pm (C.E.T.)",USD,0
EXR.D.USD.EUR.SP00.A,D,USD,EUR,SP00,A,2026-05-18,1.1648,A,F,,,P1D,,A,,,,,,,99Q1=100,,,4,,4F0,,US dollar/Euro ECB reference exchange rate,"ECB reference exchange rate, US dollar/Euro, 2.15 pm (C.E.T.)",USD,0
EXR.D.USD.EUR.SP00.A,D,USD,EUR,SP00,A,2026-05-19,1.162,A,F,,,P1D,,A,,,,,,,99Q1=100,,,4,,4F0,,US dollar/Euro ECB reference exchange rate,"ECB reference exchange rate, US dollar/Euro, 2.15 pm (C.E.T.)",USD,0
EXR.D.USD.EUR.SP00.A,D,USD,EUR,SP00,A,2026-05-20,1.16,A,F,,,P1D,,A,,,,,,,99Q1=100,,,4,,4F0,,US dollar/Euro ECB reference exchange rate,"ECB reference exchange rate, US dollar/Euro, 2.15 pm (C.E.T.)",USD,0
EXR.D.USD.EUR.SP00.A,D,USD,EUR,SP00,A,2026-05-21,1.1599,A,F,,,P1D,,A,,,,,,,99Q1=100,,,4,,4F0,,US dollar/Euro ECB reference exchange rate,"ECB reference exchange rate, US dollar/Euro, 2.15 pm (C.E.T.)",USD,0
EXR.D.USD.EUR.SP00.A,D,USD,EUR,SP00,A,2026-05-22,1.1595,A,F,,,P1D,,A,,,,,,,99Q1=100,,,4,,4F0,,US dollar/Euro ECB reference exchange rate,"ECB reference exchange rate, US dollar/Euro, 2.15 pm (C.E.T.)",USD,0
EXR.D.USD.EUR.SP00.A,D,USD,EUR,SP00,A,2026-05-25,1.1643,A,F,,,P1D,,A,,,,,,,99Q1=100,,,4,,4F0,,US dollar/Euro ECB reference exchange rate,"ECB reference exchange rate, US dollar/Euro, 2.15 pm (C.E.T.)",USD,0
EXR.D.USD.EUR.SP00.A,D,USD,EUR,SP00,A,2026-05-26,1.1634,A,F,,,P1D,,A,,,,,,,99Q1=100,,,4,,4F0,,US dollar/Euro ECB reference exchange rate,"ECB reference exchange rate, US dollar/Euro, 2.15 pm (C.E.T.)",USD,0
EXR.D.USD.EUR.SP00.A,D,USD,EUR,SP00,A,2026-05-27,1.1637,A,F,,,P1D,,A,,,,,,,99Q1=100,,,4,,4F0,,US dollar/Euro ECB reference exchange rate,"ECB reference exchange rate, US dollar/Euro, 2.15 pm (C.E.T.)",USD,0
EXR.D.USD.EUR.SP00.A,D,USD,EUR,SP00,A,2026-05-28,1.1617,A,F,,,P1D,,A,,,,,,,99Q1=100,,,4,,4F0,,US dollar/Euro ECB reference exchange rate,"ECB reference exchange rate, US dollar/Euro, 2.15 pm (C.E.T.)",USD,0
EXR.D.USD.EUR.SP00.A,D,USD,EUR,SP00,A,2026-05-29,1.1644,A,F,,,P1D,,A,,,,,,,99Q1=100,,,4,,4F0,,US dollar/Euro ECB reference exchange rate,"ECB reference exchange rate, US dollar/Euro, 2.15 pm (C.E.T.)",USD,0
EXR.D.USD.EUR.SP00.A,D,USD,EUR,SP00,A,2026-06-01,1.1646,A,F,,,P1D,,A,,,,,,,99Q1=100,,,4,,4F0,,US dollar/Euro ECB reference exchange rate,"ECB reference exchange rate, US dollar/Euro, 2.15 pm (C.E.T.)",USD,0
EXR.D.USD.EUR.SP00.A,D,USD,EUR,SP00,A,2026-06-02,1.1649,A,F,,,P1D,,A,,,,,,,99Q1=100,,,4,,4F0,,US dollar/Euro ECB reference exchange rate,"ECB reference exchange rate, US dollar/Euro, 2.15 pm (C.E.T.)",USD,0
EXR.D.USD.EUR.SP00.A,D,USD,EUR,SP00,A,2026-06-03,1.1614,A,F,,,P1D,,A,,,,,,,99Q1=100,,,4,,4F0,,US dollar/Euro ECB reference exchange rate,"ECB reference exchange rate, US dollar/Euro, 2.15 pm (C.E.T.)",USD,0
EXR.D.USD.EUR.SP00.A,D,USD,EUR,SP00,A,2026-06-04,1.164,A,F,,,P1D,,A,,,,,,,99Q1=100,,,4,,4F0,,US dollar/Euro ECB reference exchange rate,"ECB reference exchange rate, US dollar/Euro, 2.15 pm (C.E.T.)",USD,0
EXR.D.USD.EUR.SP00.A,D,USD,EUR,SP00,A,2026-06-05,1.164,A,F,,,P1D,,A,,,,,,,99Q1=100,,,4,,4F0,,US dollar/Euro ECB reference exchange rate,"ECB reference exchange rate, US dollar/Euro, 2.15 pm (C.E.T.)",USD,0
EXR.D.USD.EUR.SP00.A,D,USD,EUR,SP00,A,2026-06-08,1.154,A,F,,,P1D,,A,,,,,,,99Q1=100,,,4,,4F0,,US dollar/Euro ECB reference exchange rate,"ECB reference exchange rate, US dollar/Euro, 2.15 pm (C.E.T.)",USD,0
EXR.D.USD.EUR.SP00.A,D,USD,EUR,SP00,A,2026-06-09,1.1573,A,F,,,P1D,,A,,,,,,,99Q1=100,,,4,,4F0,,US dollar/Euro ECB reference exchange rate,"ECB reference exchange rate, US dollar/Euro, 2.15 pm (C.E.T.)",USD,0
EXR.D.USD.EUR.SP00.A,D,USD,EUR,SP00,A,2026-06-10,1.1539,A,F,,,P1D,,A,,,,,,,99Q1=100,,,4,,4F0,,US dollar/Euro ECB reference exchange rate,"ECB reference exchange rate, US dollar/Euro, 2.15 pm (C.E.T.)",USD,0
EXR.D.USD.EUR.SP00.A,D,USD,EUR,SP00,A,2026-06-11,1.1537,A,F,,,P1D,,A,,,,,,,99Q1=100,,,4,,4F0,,US dollar/Euro ECB reference exchange rate,"ECB reference exchange rate, US dollar/Euro, 2.15 pm (C.E.T.)",USD,0
EXR.D.USD.EUR.SP00.A,D,USD,EUR,SP00,A,2026-06-12,1.1567,A,F,,,P1D,,A,,,,,,,99Q1=100,,,4,,4F0,,US dollar/Euro ECB reference exchange rate,"ECB reference exchange rate, US dollar/Euro, 2.15 pm (C.E.T.)",USD,0
EXR.D.USD.EUR.SP00.A,D,USD,EUR,SP00,A,2026-06-15,1.1607,A,F,,,P1D,,A,,,,,,,99Q1=100,,,4,,4F0,,US dollar/Euro ECB reference exchange rate,"ECB reference exchange rate, US dollar/Euro, 2.15 pm (C.E.T.)",USD,0
EXR.D.USD.EUR.SP00.A,D,USD,EUR,SP00,A,2026-06-16,1.1594,A,F,,,P1D,,A,,,,,,,99Q1=100,,,4,,4F0,,US dollar/Euro ECB reference exchange rate,"ECB reference exchange rate, US dollar/Euro, 2.15 pm (C.E.T.)",USD,0
EXR.D.USD.EUR.SP00.A,D,USD,EUR,SP00,A,2026-06-17,1.1591,A,F,,,P1D,,A,,,,,,,99Q1=100,,,4,,4F0,,US dollar/Euro ECB reference exchange rate,"ECB reference exchange rate, US dollar/Euro, 2.15 pm (C.E.T.)",USD,0
EXR.D.USD.EUR.SP00.A,D,USD,EUR,SP00,A,2026-06-18,1.1461,A,F,,,P1D,,A,,,,,,,99Q1=100,,,4,,4F0,,US dollar/Euro ECB reference exchange rate,"ECB reference exchange rate, US dollar/Euro, 2.15 pm (C.E.T.)",USD,0
EXR.D.USD.EUR.SP00.A,D,USD,EUR,SP00,A,2026-06-19,1.1467,A,F,,,P1D,,A,,,,,,,99Q1=100,,,4,,4F0,,US dollar/Euro ECB reference exchange rate,"ECB reference exchange rate, US dollar/Euro, 2.15 pm (C.E.T.)",USD,0
EXR.D.USD.EUR.SP00.A,D,USD,EUR,SP00,A,2026-06-22,1.1456,A,F,,,P1D,,A,,,,,,,99Q1=100,,,4,,4F0,,US dollar/Euro ECB reference exchange rate,"ECB reference exchange rate, US dollar/Euro, 2.15 pm (C.E.T.)",USD,0
EXR.D.USD.EUR.SP00.A,D,USD,EUR,SP00,A,2026-06-23,1.1392,A,F,,,P1D,,A,,,,,,,99Q1=100,,,4,,4F0,,US dollar/Euro ECB reference exchange rate,"ECB reference exchange rate, US dollar/Euro, 2.15 pm (C.E.T.)",USD,0
EXR.D.USD.EUR.SP00.A,D,USD,EUR,SP00,A,2026-06-24,1.134,A,F,,,P1D,,A,,,,,,,99Q1=100,,,4,,4F0,,US dollar/Euro ECB reference exchange rate,"ECB reference exchange rate, US dollar/Euro, 2.15 pm (C.E.T.)",USD,0
EXR.D.USD.EUR.SP00.A,D,USD,EUR,SP00,A,2026-06-25,1.1342,A,F,,,P1D,,A,,,,,,,99Q1=100,,,4,,4F0,,US dollar/Euro ECB reference exchange rate,"ECB reference exchange rate, US dollar/Euro, 2.15 pm (C.E.T.)",USD,0
EXR.D.USD.EUR.SP00.A,D,USD,EUR,SP00,A,2026-06-26,1.1401,A,F,,,P1D,,A,,,,,,,99Q1=100,,,4,,4F0,,US dollar/Euro ECB reference exchange rate,"ECB reference exchange rate, US dollar/Euro, 2.15 pm (C.E.T.)",USD,0
EXR.D.USD.EUR.SP00.A,D,USD,EUR,SP00,A,2026-06-29,1.1406,A,F,,,P1D,,A,,,,,,,99Q1=100,,,4,,4F0,,US dollar/Euro ECB reference exchange rate,"ECB reference exchange rate, US dollar/Euro, 2.15 pm (C.E.T.)",USD,0
EXR.D.USD.EUR.SP00.A,D,USD,EUR,SP00,A,2026-06-30,1.1394,A,F,,,P1D,,A,,,,,,,99Q1=100,,,4,,4F0,,US dollar/Euro ECB reference exchange rate,"ECB reference exchange rate, US dollar/Euro, 2.15 pm (C.E.T.)",USD,0
